{"beaverbuild": {"0x3aa228a80f50763045bdfc45012da124bd0a6809": 4098919679.8099995, "0x6980a47bee930a4584b09ee79ebe46484fbdbdd0": 647414253.4, "0xe27baebd7b14602de3797974db9f5f4f8dcb6679": 47347911.04000001, "0x000000000035b5e5ad9019092c665357240f594e": 42096811.85000001, "0x00000000003b3cc22af3ae1eac0440bcee416b40": 25028067.44, "0x92932b07c93fb86b7498735e18a4888f681129eb": 21607225.919999998, "0x95c0c8a41caaa33f22ff042dc4279ed2b4e74041": 18703031.049999997, "0xe8c060f8052e07423f71d445277c61ac5138a2e5": 16283797.42000001, "0xd37a9fcf4d3b306b0ca7d226a6ab2b3d6d87b361": 12607903.86, "0x6b75d8af000000e20b7a7ddf000ba900b4009a80": 11127756.379999988, "0x767c8bb1574bee5d4fe35e27e0003c89d43c5121": 11071294.88, "0x9cb7e19861665366011899d74e75d4f2a419aeed": 10441995.79, "0xcb3702bc25b0f284b032e5edf1a1ebea2fe43255": 8872418.999999998, "0x8761e0370f94f68db8eaa731f4fc581f6ad0bd68": 8597824.44, "0x901996e18a3b15359a62ceb247647665fb8ade89": 6490275.8100000005, "0xce66faca3e5e033b9513255d09adb178e4a45a3c": 6391014.560000001, "0xb3147f04db92a0e7b9c6766a7b9ad0942bd13fee": 5811648.52, "0x87870bca3f3fd6335c3f4ce8392d69350b4fa4e2": 4830899.219999999, "0x24902aa0cf0000a08c0ea0b003b0c0bf600000e0": 3889797.4599999986, "0x72146a3ead3a256e8a2189e3cedc0b7bd61991ed": 3463024.79, "0x53facee52e897740b140f5304e9cd9dc6238d735": 3270276.410000003, "0x10354c27fc4ce3d50f418e545621e0500b672cca": 3269106.3699999982, "0x0000cd00001700b10049dfc947103e00e1c62683": 2738765.6799999983, "0x0000000000a84d1a9b0063a910315c7ffa9cd248": 2461165.570000001, "0x0000000000590b74eb97457bf7b3ff6d63c6fde2": 2277598.3200000003, "0x00fc00900000002c00be4ef8f49c000211000c43": 2065845.7700000014, "0x00000000a991c429ee2ec6df19d40fe0c80088b8": 1989124.8200000015, "0x2d2a7d56773ae7d5c7b9f1b57f7be05039447b4d": 1927197.0500000014, "0x64545160d28fd0e309277c02d6d73b3923cc4bfa": 1823772.5700000008, "0x6ed50b7908ce5ed0901d27ae3c7dc556dc036b4e": 1293564.34, "0x844e04e9e7259ad5f0b3138ec28ad0b488ba6f21": 22286.299999999996}, "Flashbots": {"0xf88d1d6d9db9a39dbbfc4b101cecc495bb0636f8": 2797471054.39, "0x979802a30f3fe9370f2a03cf3544ac0a46bd7815": 827313475.41, "0x3aa228a80f50763045bdfc45012da124bd0a6809": 783816301.47, "0x6980a47bee930a4584b09ee79ebe46484fbdbdd0": 323515385.36999995, "0x6f2571998f503b1f6b0cb47b524a67d2302ffe4f": 167423266, "0xe27baebd7b14602de3797974db9f5f4f8dcb6679": 47368189.489999995, "0x31f99298d21b862e8f8ebc0a16a66a12a8f780e2": 37982349.550000004, "0x000000000035b5e5ad9019092c665357240f594e": 14211584.950000001, "0x6ed50b7908ce5ed0901d27ae3c7dc556dc036b4e": 2785352.07, "0x767c8bb1574bee5d4fe35e27e0003c89d43c5121": 2386461.2600000002, "0x6b75d8af000000e20b7a7ddf000ba900b4009a80": 2361273.1, "0x00000000a991c429ee2ec6df19d40fe0c80088b8": 1648530.1599999995, "0x00000000003b3cc22af3ae1eac0440bcee416b40": 1122473.2900000003, "0x24902aa0cf0000a08c0ea0b003b0c0bf600000e0": 1074935.02, "0x844e04e9e7259ad5f0b3138ec28ad0b488ba6f21": 948935.2400000001, "0x901996e18a3b15359a62ceb247647665fb8ade89": 711319.36, "0x2d2a7d56773ae7d5c7b9f1b57f7be05039447b4d": 638658.5399999999, "0x10354c27fc4ce3d50f418e545621e0500b672cca": 376462.49000000005, "0x53facee52e897740b140f5304e9cd9dc6238d735": 341287.68999999994, "0x00fc00900000002c00be4ef8f49c000211000c43": 325056.5099999999, "0x0000cd00001700b10049dfc947103e00e1c62683": 309470.5999999999, "0x0000000000a84d1a9b0063a910315c7ffa9cd248": 161730.28999999998, "0x8761e0370f94f68db8eaa731f4fc581f6ad0bd68": 96300.94999999998, "0xcb3702bc25b0f284b032e5edf1a1ebea2fe43255": 95628.03000000001, "0xce66faca3e5e033b9513255d09adb178e4a45a3c": 77453.59999999999, "0xe8c060f8052e07423f71d445277c61ac5138a2e5": 74450.78000000003, "0x87870bca3f3fd6335c3f4ce8392d69350b4fa4e2": 55105.01, "0x64545160d28fd0e309277c02d6d73b3923cc4bfa": 49966.67}, "Titan Builder": {"0x3aa228a80f50763045bdfc45012da124bd0a6809": 3788377744.61, "0xe27baebd7b14602de3797974db9f5f4f8dcb6679": 82119018.0, "0x92932b07c93fb86b7498735e18a4888f681129eb": 23943459.32, "0x95c0c8a41caaa33f22ff042dc4279ed2b4e74041": 22076843.34, "0x6b75d8af000000e20b7a7ddf000ba900b4009a80": 9742344.709999971, "0x00000000003b3cc22af3ae1eac0440bcee416b40": 8076315.38, "0x0000000000590b74eb97457bf7b3ff6d63c6fde2": 6918657.079999999, "0x844e04e9e7259ad5f0b3138ec28ad0b488ba6f21": 6266915.410000002, "0x767c8bb1574bee5d4fe35e27e0003c89d43c5121": 4202695.99, "0x6ed50b7908ce5ed0901d27ae3c7dc556dc036b4e": 3889173.77, "0xe8c060f8052e07423f71d445277c61ac5138a2e5": 2398009.95, "0x24902aa0cf0000a08c0ea0b003b0c0bf600000e0": 2278136.6499999994, "0x901996e18a3b15359a62ceb247647665fb8ade89": 2180160.5100000002, "0x2d2a7d56773ae7d5c7b9f1b57f7be05039447b4d": 1921824.169999999, "0x0000cd00001700b10049dfc947103e00e1c62683": 1818178.3599999999, "0x00000000a991c429ee2ec6df19d40fe0c80088b8": 1425879.2699999963, "0x00fc00900000002c00be4ef8f49c000211000c43": 1381331.2799999996, "0x53facee52e897740b140f5304e9cd9dc6238d735": 1270750.3099999996, "0x10354c27fc4ce3d50f418e545621e0500b672cca": 1218307.4100000001, "0x0000000000a84d1a9b0063a910315c7ffa9cd248": 482726.23999999993, "0x8761e0370f94f68db8eaa731f4fc581f6ad0bd68": 369260.04000000004, "0xcb3702bc25b0f284b032e5edf1a1ebea2fe43255": 304736.34999999986, "0x64545160d28fd0e309277c02d6d73b3923cc4bfa": 169497.33, "0xce66faca3e5e033b9513255d09adb178e4a45a3c": 141595.33000000002, "0x87870bca3f3fd6335c3f4ce8392d69350b4fa4e2": 96948.79000000001, "0x6980a47bee930a4584b09ee79ebe46484fbdbdd0": 21651.7}, "rsync-builder": {"0x3aa228a80f50763045bdfc45012da124bd0a6809": 2387176567.33, "0x6980a47bee930a4584b09ee79ebe46484fbdbdd0": 816132766.79, "0xf88d1d6d9db9a39dbbfc4b101cecc495bb0636f8": 168374507.29, "0xe27baebd7b14602de3797974db9f5f4f8dcb6679": 98836487.00999998, "0x9cb7e19861665366011899d74e75d4f2a419aeed": 37949858.870000005, "0x92932b07c93fb86b7498735e18a4888f681129eb": 26624313.66, "0x000000000035b5e5ad9019092c665357240f594e": 25921450.36, "0x00000000003b3cc22af3ae1eac0440bcee416b40": 14393396.75, "0x767c8bb1574bee5d4fe35e27e0003c89d43c5121": 10571371.339999996, "0x6b75d8af000000e20b7a7ddf000ba900b4009a80": 10380682.100000005, "0x67defac35e2a3f8d9a37ffa989e1b3ed70d3262b": 6937289.89, "0xb3147f04db92a0e7b9c6766a7b9ad0942bd13fee": 6876880.640000001, "0x95c0c8a41caaa33f22ff042dc4279ed2b4e74041": 5212870.27, "0x0000000000590b74eb97457bf7b3ff6d63c6fde2": 4916352.63, "0x72146a3ead3a256e8a2189e3cedc0b7bd61991ed": 4210036.34, "0x24902aa0cf0000a08c0ea0b003b0c0bf600000e0": 3737016.4300000053, "0x53facee52e897740b140f5304e9cd9dc6238d735": 3492384.139999999, "0x2d2a7d56773ae7d5c7b9f1b57f7be05039447b4d": 3143289.1999999983, "0x0000cd00001700b10049dfc947103e00e1c62683": 3041744.9800000014, "0x844e04e9e7259ad5f0b3138ec28ad0b488ba6f21": 2837421.0100000002, "0x901996e18a3b15359a62ceb247647665fb8ade89": 2817408.9599999995, "0x64545160d28fd0e309277c02d6d73b3923cc4bfa": 2439152.62, "0x00000000a991c429ee2ec6df19d40fe0c80088b8": 2362439.1999999993, "0x0000000000a84d1a9b0063a910315c7ffa9cd248": 2310451.0600000005, "0x00fc00900000002c00be4ef8f49c000211000c43": 2269714.069999998, "0x10354c27fc4ce3d50f418e545621e0500b672cca": 2262152.6400000015, "0xe8c060f8052e07423f71d445277c61ac5138a2e5": 1733986.76, "0x87870bca3f3fd6335c3f4ce8392d69350b4fa4e2": 1172437.1300000001, "0x8761e0370f94f68db8eaa731f4fc581f6ad0bd68": 840750.8300000001, "0xce66faca3e5e033b9513255d09adb178e4a45a3c": 545259.8799999999, "0xcb3702bc25b0f284b032e5edf1a1ebea2fe43255": 430299.4600000001}, "builder0x69": {"0x3aa228a80f50763045bdfc45012da124bd0a6809": 480152647.27000004, "0x67defac35e2a3f8d9a37ffa989e1b3ed70d3262b": 19844659.79, "0xe27baebd7b14602de3797974db9f5f4f8dcb6679": 18884735.05, "0xb3147f04db92a0e7b9c6766a7b9ad0942bd13fee": 7940737.02, "0x87870bca3f3fd6335c3f4ce8392d69350b4fa4e2": 4518500.8100000005, "0x00000000003b3cc22af3ae1eac0440bcee416b40": 3190435.8099999996, "0x6b75d8af000000e20b7a7ddf000ba900b4009a80": 1561024.7800000033, "0x0000000000590b74eb97457bf7b3ff6d63c6fde2": 1083122.03, "0x64545160d28fd0e309277c02d6d73b3923cc4bfa": 686636.41,