{"0x4b2a0290e41623fbfeb5f6a0ea52dc261b65e29b": 233492228.26000002, "0xf727cbc6951b288c0a0780d2f3b0c934de95713a": 95138356.27, "0x00000000003b3cc22af3ae1eac0440bcee416b40": 43906649.97, "0x31f99298d21b862e8f8ebc0a16a66a12a8f780e2": 40281376.22, "0x6b75d8af000000e20b7a7ddf000ba900b4009a80": 37775618.31999997, "0x000000000035b5e5ad9019092c665357240f594e": 22853944.68, "0xcb1b068cb3937feaa2106d430af49681982626bc": 20666542.72, "0x5050e08626c499411b5d0e0b5af0e83d3fd82edf": 20338117.250000004, "0xca8acfdcee7531be980e7670d9e6b80b8c2e08dc": 16236954.83, "0x526e8e98356194b64eae4c2d443cc8aad367336f": 15923293.79, "0x638574d80a0c6bde199c4dda94fb2b9366544cbc": 15342437.98, "0x767c8bb1574bee5d4fe35e27e0003c89d43c5121": 13034127.650000002, "0x901996e18a3b15359a62ceb247647665fb8ade89": 10086252.39, "0x24902aa0cf0000a08c0ea0b003b0c0bf600000e0": 8360002.29, "0x000000d40b595b94918a28b27d1e2c66f43a51d3": 8193474.040000001, "0x95c0c8a41caaa33f22ff042dc4279ed2b4e74041": 7815659.52, "0x80a64c6d7f12c47b7c66c5b4e20e72bc1fcd5d9e": 7284942.039999999, "0x00fc00900000002c00be4ef8f49c000211000c43": 6343117.3599999985, "0x64545160d28fd0e309277c02d6d73b3923cc4bfa": 6216875.779999999, "0x0000cd00001700b10049dfc947103e00e1c62683": 6119358.11, "0x00000000009e50a7ddb7a7b0e2ee6604fd120e49": 6005104.290000001, "0x2d2a7d56773ae7d5c7b9f1b57f7be05039447b4d": 5963686.289999999, "0x5550d13389bb70f45fcef58f19f6b6e87f6e747d": 5953536.3999999985, "0xcfa6af75a34dce9e2742e22898f8500000000766": 5549703.760000001, "0x00000000a991c429ee2ec6df19d40fe0c80088b8": 5416801.8900000015, "0xa8540ff6a74cd07402ca81ce7d21ac3a834f357b": 5362806.580000001, "0x87870bca3f3fd6335c3f4ce8392d69350b4fa4e2": 5251187.679999999, "0xe2b8eb988735f7709d08b7d07b41460073904830": 5021723.220000002, "0xe2b6601667f0a6bd9f68441e2e0b81e4fcfbb2eb": 4942132.840000001, "0x4619b39706f6eca70d820b27df877fafaaa40f41": 4515248.7, "0x429cf888dae41d589d57f6dc685707bec755fe63": 4472801.2, "0x8761e0370f94f68db8eaa731f4fc581f6ad0bd68": 4434068.11, "0xbb83b1b240220e82a0a4ba8a6c9e9b044b225e56": 4348220.24, "0x7d32c90762e22379235fc311fdb16fab399ed40a": 3844444.94, "0x00000047bb99ea4d791bb749d970de71ee0b1a34": 3686414.4099999983, "0xc5a87e6c6fb14daad332614d8b727bdf80d7c801": 3395157.4900000007, "0x6af49606d941cda32de1ee94397dc821ceb09dac": 3298240.85, "0x53facee52e897740b140f5304e9cd9dc6238d735": 3044656.9800000004, "0x993cb81c2149c590bd1349ca47bb0185f276132b": 3009789.94, "0xcb3702bc25b0f284b032e5edf1a1ebea2fe43255": 2948275.3299999996, "0x00f80000d3000095fe14f500c67b452d0004fa7b": 2785146.3500000006, "0x5079fc00f00f30000e0c8c083801cfde000008b6": 2769783.3099999996, "0x0000000000a84d1a9b0063a910315c7ffa9cd248": 2760924.3200000003, "0xe8c060f8052e07423f71d445277c61ac5138a2e5": 2662975.6999999997, "0x9705b569ce3d1ddbe421c7b3b4e495445b096160": 2344933.02, "0x247b69f78d2a590bec1ac0a4a4066debe3fca2b8": 2191033.459999999, "0xcf5540fffcdc3d510b18bfca6d2b9987b0772559": 2156883.0600000005, "0xc0de235f3a51705759b045dc6d5f6218b058c5bd": 2101268.1799999997, "0x5e51328c0583094b76f28cfd532abc3d454fcfea": 1973811.0499999996, "0x00000000003d71e9fc20fdeb46fb86afbbee4772": 1932483.69, "0x507888e987257a8dde6f8afa46375cefe2cbf504": 1869278.740000001, "0xf0d4c12a5768d806021f80a262b4d39d26c58b8d": 1830639.4, "0x329e0e39d814d4ee6b45afa660b8a2f5fb23c298": 1810986.2, "0x80d4230c0a68fc59cb264329d3a717fcaa472a13": 1740030.66, "0xd249942f6d417cbfdcb792b1229353b66c790726": 1721433.02, "0x000000000005af2ddc1a93a03e9b7014064d3b8d": 1718904.7299999997, "0x767af52d988d1241a346851a1b39ccd11357376e": 1702525.4999999998, "0xab72457a60b99adc9972574ad8d0297317493620": 1651181.74, "0xb0bababe78a9be0810fadf99dd2ed31ed12568be": 1631173.399999999, "0x6719c6ebf80d6499ca9ce170cda72beb3f1d1a54": 1591861.1199999994, "0x97c1a26482099363cb055f0f3ca1d6057fe55447": 1537914.3400000003, "0x75af425f2c1696f0583f70ffe5716a863ea7652c": 1492417.54, "0xa79882a5bcd455c6e582dad43f3f3f2c9c8264eb": 1436770.6300000004, "0x640e4f787e01aebff4fa79788c7f007e5889cc93": 1416065.2000000002, "0xe08beb8c48e71fd08560db2fbaaa0701b187c7a7": 1363823.2599999998, "0x6a6fa664d4fa49a6a780a1d6143f079f8dd7c33d": 1129993.89, "0x901b1f018ced4d518cd577c930d5dccef6369d2c": 1125181.15, "0x0eae044f00b0af300500f090ea00027097d03000": 1090530.5299999998, "0x5db209f7f4cbd7011b486b8d99e5ae616947a138": 1073711.9500000004, "0xf1645de0e8a40e99ebdfd0d03b0a1f5dab6a9976": 1068949.38, "0x6f32cc4bd6702230399f21f75279f4ad080714f0": 1067008.95, "0x46b054c577af29d6429651805f2d17c99e274038": 1055511.2000000002, "0x6980a47bee930a4584b09ee79ebe46484fbdbdd0": 1047198.69, "0xe678cf140014dace8d12d26b7c0369a0db7d5429": 990200.61, "0x11f7c6ad9d6ad8a6c0054646833a05299ff498fb": 961219.47, "0xc6fecdf760af24095cded954de7d81ab49f8bae1": 957481.56, "0x838a5832eb19cfce692809f5b2de44b15380cda2": 952440.1299999999, "0x0eb71d7e2354cb536ec1f49b6a55673ae05e6cbc": 925789.21, "0x55fa3d24447b5bbc625f6b210006cf1e744990fb": 923964.9799999999, "0xabe7640e4e58457c15f1ca8182bc883322aedc20": 921340.6699999999, "0x5f40e515f50724892a64f3056cc5b17b16504e55": 914800.6200000001, "0x6ed50b7908ce5ed0901d27ae3c7dc556dc036b4e": 908081.93, "0xd460f9384f5328cf93df6970cdbfe392be03d006": 891317.27, "0x02e7b8511831b1b02d9018215a0f8f500ea5c6b3": 882569.23, "0x2a645c2794b3791b657126f2108d11e0a863e142": 878446.5900000001, "0x2f7c1f1460aed2594a9977c58fa31c465591b287": 854801.0, "0x0a8e00ec0ed7a20088008c0056cb9000defa0089": 842043.2000000003, "0x68866a91394bef28c2ce56e83750d9281691fb0c": 785720.5599999999, "0x5bcb06c56e8f28da0b038a373199240ca3f5a2f4": 757214.2, "0xf411fca55e1a892c9ba6d04abe5ca26ec1764d2b": 757208.7099999998, "0x92875cf2bee416ea4fee128b35087b51f56688f8": 737391.92, "0x981b21a2912a427f491f1e5b9bf9cca16fa794e1": 735814.4700000001, "0x6bad92579b46123538f766dcb72cf72553957de3": 689493.1000000001, "0x0219ba1b7e2a3b2e824c10012686bd6fb2bda07e": 660174.73, "0xe20cd9377c204a27952f8b41075f0b8bd1ceec3d": 631347.4500000001, "0xce66faca3e5e033b9513255d09adb178e4a45a3c": 618852.72, "0x73012eecbb5c07cac9d0c7ed207596556482a5e8": 601340.24, "0x79527d3aad19d554d4f0cda4c7d2c24bd2a26acb": 577870.1, "0xede342596ebb2e957ba3f6d75af8a8f19843f2bb": 563670.86, "0xaaecf92bee252ad8a31fdb66aa80e733aa7de609": 556728.29, "0xa46fd59672434d1917972f1469565baeb57ed204": 549215.52, "0x993c3295a6efcbabc0b7fed8d4a06250e7effbbe": 547930.29, "0x25e9aca5951262241290841b6f863d59d37dc4f0": 544706.1799999999, "0xc1c5ee0c9d48cdffd61d51f782f59acc32861769": 541906.72, "0x6d909e8b0bbb7ab996381e0a44d82d6d97fd9041": 516653.52999999997, "0x36a7141537e064b7679b412acf866f20f06420ff": 502610.61000000004, "0x6a5ef39f58c80e42642b9210bf74f20666a2e6b6": 463706.18999999994, "0x00000000de337b4fff5fcbe4df67a85d0bad5d16": 460047.2699999999, "0x5571d62244423529a4bc3762fde757efeedcaa61": 456725.22000000003, "0x3aa228a80f50763045bdfc45012da124bd0a6809": 454131.7599999999, "0xa13cea5fe07253075deae089d167854e8a7cf91d": 443007.36, "0x00004ec2008200e43b243a000590d4cd46360000": 436392.73, "0x98177a0000030000f1c7130065e308e78a160000": 433243.44999999995, "0x4025ee6512dbbda97049bcf5aa5d38c54af6be8a": 429037.20999999996, "0x1c073d5045b1abb6924d5f0f8b2f667b1653a4c3": 425571.41000000003, "0xf03f1a572792339f625e44a1c304ec826659c259": 418837.18000000005, "0x65c49e9996a877d062085b71e1460ffbe3c4c5aa": 417047.89, "0x75c7bf3f728bcce0324703cf6d6ef6f688fb4696": 395406.66000000003, "0x0000000000007f150bd6f54c40a34d7c3d5e9f56": 388900.02999999997, "0xe27baebd7b14602de3797974db9f5f4f8dcb6679": 379723.26, "0x6f48437b0d19f8935e7df051a1552a756a31917e": 373018.13, "0x0e119685190ca54b5bbf5e3504f447c5e40d2410": 367897.48, "0xc0de02babe048d279d1ac193930169e715fe7612": 358725.75, "0xeb1469cdecaf640d4549e66b376ea8c975d393dd": 357943.97, "0x68986fda8bc0edd7c819c55c338f4d0473cb79d8": 350923.01999999996, "0x6429876df2f2d081f30730177f6c577f4ffe6c10": 347052.31, "0x0000000f9c4e004706afdca3b2f0c8f08838eb58": 333715.98999999993, "0x4128c361da41df0a14d0b48badd37e6d2135c3ed": 323848.46, "0xbf96377d1b98c2fb6db54bc7af0e1bc93c2b74ff": 322330.41000000003,