{
  "0x0000cd00001700b10049dfc947103e00e1c62683": 72365.54000000001,
  "0x000000000005af2ddc1a93a03e9b7014064d3b8d": 64622.02,
  "0x6b75d8af000000e20b7a7ddf000ba900b4009a80": 50492.08,
  "0x00000000a991c429ee2ec6df19d40fe0c80088b8": 25543.26,
  "0x00004ec2008200e43b243a000590d4cd46360000": 9016.86,
  "0x00f80000d3000095fe14f500c67b452d0004fa7b": 7349.74,
  "0x2d2a7d56773ae7d5c7b9f1b57f7be05039447b4d": 3882.0899999999997,
  "0x00000000003b3cc22af3ae1eac0440bcee416b40": 3739.19,
  "0x507888e987257a8dde6f8afa46375cefe2cbf504": 3670.06,
  "0xcb3702bc25b0f284b032e5edf1a1ebea2fe43255": 2520.25,
  "0x000000d40b595b94918a28b27d1e2c66f43a51d3": 2383.48,
  "0xb0bababe78a9be0810fadf99dd2ed31ed12568be": 1116.81
}
