{"rsyncbuilderxyz": {"0xe8c060f8052e07423f71d445277c61ac5138a2e5": 667066.53, "0x6b75d8af000000e20b7a7ddf000ba900b4009a80": 459992.2299999998, "0x000000d40b595b94918a28b27d1e2c66f43a51d3": 98505.89000000001, "0x00000000a991c429ee2ec6df19d40fe0c80088b8": 62017.54999999999, "0x0000cd00001700b10049dfc947103e00e1c62683": 61203.810000000005, "0x2d2a7d56773ae7d5c7b9f1b57f7be05039447b4d": 33630.56, "0x507888e987257a8dde6f8afa46375cefe2cbf504": 11352.859999999999, "0x007933790a4f00000099e9001629d9fe7775b800": 10901.29, "0x429cf888dae41d589d57f6dc685707bec755fe63": 9012.609999999999, "0xcb3702bc25b0f284b032e5edf1a1ebea2fe43255": 7088.13, "0x00f80000d3000095fe14f500c67b452d0004fa7b": 6033.19, "0xa80db00007020e013fa10d0560700c0018003b8b": 3718.8, "0x2684e2d55e30680186ca2d5f5393ac0fb808f011": 2947.14, "0x247b69f78d2a590bec1ac0a4a4066debe3fca2b8": 2538.6499999999996, "0x00000000003b3cc22af3ae1eac0440bcee416b40": 1921.54, "0x2dcf90da3b1369d2bd16d663c9bf35e08060bed5": 1735.65, "0x1fdb319cc1be16ff75ef84e408b0bc1594dd4d3c": 1691.24, "0x605e35e88b2eba3ff084045d8eb8ae881c7e9dcb": 1662.1, "0x8f83cbe751419b87b1c23119be45def93d404692": 1456.1, "0xc7dab6742619707440f44ae3b23768a18067c665": 1229.19, "0x000000000005af2ddc1a93a03e9b7014064d3b8d": 1114.99, "0x24902aa0cf0000a08c0ea0b003b0c0bf600000e0": 916.82, "0x0eae044f00b0af300500f090ea00027097d03000": 526.61, "0x00fc00900000002c00be4ef8f49c000211000c43": 358.94}, "Titantitanbuilderxyz": {"0x6b75d8af000000e20b7a7ddf000ba900b4009a80": 419683.75000000035, "0x0000cd00001700b10049dfc947103e00e1c62683": 328693.62000000005, "0x000000d40b595b94918a28b27d1e2c66f43a51d3": 143821.33000000002, "0x00000000a991c429ee2ec6df19d40fe0c80088b8": 101622.74999999999, "0x000000000005af2ddc1a93a03e9b7014064d3b8d": 100975.45999999999, "0x00fc00900000002c00be4ef8f49c000211000c43": 53451.950000000004, "0x2d2a7d56773ae7d5c7b9f1b57f7be05039447b4d": 52730.20000000001, "0x0000a42df58060230d7f1aefe47da338078244e8": 28164.79, "0x00f80000d3000095fe14f500c67b452d0004fa7b": 13666.68, "0xcb3702bc25b0f284b032e5edf1a1ebea2fe43255": 10987.2, "0x429cf888dae41d589d57f6dc685707bec755fe63": 6672.41, "0x00004ec2008200e43b243a000590d4cd46360000": 6335.780000000001, "0x0eae044f00b0af300500f090ea00027097d03000": 5491.799999999999, "0x2dcf90da3b1369d2bd16d663c9bf35e08060bed5": 5033.35, "0x247b69f78d2a590bec1ac0a4a4066debe3fca2b8": 4720.3099999999995, "0x7efd91c8ca31e7452c5c4de00a8ca1c18910a35f": 3322.96, "0x1fdb319cc1be16ff75ef84e408b0bc1594dd4d3c": 2550.7699999999995, "0xa80db00007020e013fa10d0560700c0018003b8b": 2163.85, "0x8f83cbe751419b87b1c23119be45def93d404692": 1907.48, "0xcc2687c14915fd68226ccf388842515739a739bd": 1829.33, "0x6a8aeb3f8509c188775f65fd1e9eb5dd10abb8db": 1265.62, "0x0ef8b4525c69bfa7bdece3ab09f95bbf0944b783": 1183.74, "0x007933790a4f00000099e9001629d9fe7775b800": 1154.92, "0x2684e2d55e30680186ca2d5f5393ac0fb808f011": 1078.85, "0x2fc5c8b21f544f4cb6240ac905ff02a38ca367d1": 659.83, "0xc7dab6742619707440f44ae3b23768a18067c665": 529.08, "0x24902aa0cf0000a08c0ea0b003b0c0bf600000e0": 271.49}, "beaverbuildorg": {"0x6b75d8af000000e20b7a7ddf000ba900b4009a80": 419935.32999999996, "0xa80db00007020e013fa10d0560700c0018003b8b": 137931.63999999998, "0x2d2a7d56773ae7d5c7b9f1b57f7be05039447b4d": 132412.58000000002, "0x00000000a991c429ee2ec6df19d40fe0c80088b8": 71949.77999999998, "0x000000d40b595b94918a28b27d1e2c66f43a51d3": 47447.05000000001, "0xe8c060f8052e07423f71d445277c61ac5138a2e5": 28463.76, "0xcb3702bc25b0f284b032e5edf1a1ebea2fe43255": 21302.41, "0x507888e987257a8dde6f8afa46375cefe2cbf504": 19143.409999999996, "0xc5a87e6c6fb14daad332614d8b727bdf80d7c801": 17354.16, "0x429cf888dae41d589d57f6dc685707bec755fe63": 15970.919999999998, "0x2fc5c8b21f544f4cb6240ac905ff02a38ca367d1": 7338.56, "0x00000000003b3cc22af3ae1eac0440bcee416b40": 7300.54, "0x605e35e88b2eba3ff084045d8eb8ae881c7e9dcb": 6393.67, "0x24902aa0cf0000a08c0ea0b003b0c0bf600000e0": 5396.62, "0x000000000005af2ddc1a93a03e9b7014064d3b8d": 4870.88, "0x007933790a4f00000099e9001629d9fe7775b800": 4711.200000000001, "0xc7dab6742619707440f44ae3b23768a18067c665": 4460.82, "0x247b69f78d2a590bec1ac0a4a4066debe3fca2b8": 4456.5, "0x00004ec2008200e43b243a000590d4cd46360000": 4421.5599999999995, "0x00f80000d3000095fe14f500c67b452d0004fa7b": 4345.860000000001, "0x6a8aeb3f8509c188775f65fd1e9eb5dd10abb8db": 4190.75, "0x8f83cbe751419b87b1c23119be45def93d404692": 4133.05, "0x1fdb319cc1be16ff75ef84e408b0bc1594dd4d3c": 3991.2000000000003, "0x00fc00900000002c00be4ef8f49c000211000c43": 3061.02, "0x2684e2d55e30680186ca2d5f5393ac0fb808f011": 1433.63, "0x2dcf90da3b1369d2bd16d663c9bf35e08060bed5": 1420.54, "0xcc2687c14915fd68226ccf388842515739a739bd": 496.7, "0x0000cd00001700b10049dfc947103e00e1c62683": 323.42, "0x0000a42df58060230d7f1aefe47da338078244e8": 287.32}, "BuildAIhttpsbuildainet": {"0xe8c060f8052e07423f71d445277c61ac5138a2e5": 580994.9, "0xcb3702bc25b0f284b032e5edf1a1ebea2fe43255": 20593.62, "0x6b75d8af000000e20b7a7ddf000ba900b4009a80": 11401.81, "0x00000000a991c429ee2ec6df19d40fe0c80088b8": 3475.98, "0x2d2a7d56773ae7d5c7b9f1b57f7be05039447b4d": 1919.49, "0x247b69f78d2a590bec1ac0a4a4066debe3fca2b8": 1116.83, "0x000000000005af2ddc1a93a03e9b7014064d3b8d": 716.04, "0xc7dab6742619707440f44ae3b23768a18067c665": 360.34, "0x00fc00900000002c00be4ef8f49c000211000c43": 13.72}, "builder0x69": {"0x0000cd00001700b10049dfc947103e00e1c62683": 208629.71, "0x6b75d8af000000e20b7a7ddf000ba900b4009a80": 68261.63, "0x00000000a991c429ee2ec6df19d40fe0c80088b8": 14808.539999999999, "0x2d2a7d56773ae7d5c7b9f1b57f7be05039447b4d": 13645.029999999999, "0xcb3702bc25b0f284b032e5edf1a1ebea2fe43255": 12395.2, "0x000000d40b595b94918a28b27d1e2c66f43a51d3": 6772.139999999999, "0xb0bababe78a9be0810fadf99dd2ed31ed12568be": 4415.54, "0x007933790a4f00000099e9001629d9fe7775b800": 3427.46, "0x00000000003b3cc22af3ae1eac0440bcee416b40": 2777.29, "0x6a8aeb3f8509c188775f65fd1e9eb5dd10abb8db": 2442.57, "0x429cf888dae41d589d57f6dc685707bec755fe63": 2199.62, "0x0ef8b4525c69bfa7bdece3ab09f95bbf0944b783": 2187.11, "0xa80db00007020e013fa10d0560700c0018003b8b": 1105.23, "0x1fdb319cc1be16ff75ef84e408b0bc1594dd4d3c": 1087.6, "0x507888e987257a8dde6f8afa46375cefe2cbf504": 991.9, "0x24902aa0cf0000a08c0ea0b003b0c0bf600000e0": 732.58, "0x00004ec2008200e43b243a000590d4cd46360000": 625.36, "0x00f80000d3000095fe14f500c67b452d0004fa7b": 613.06, "0x605e35e88b2eba3ff084045d8eb8ae881c7e9dcb": 169.54}, "IlluminateDmocratizeDstribute": {"0x000000d40b595b94918a28b27d1e2c66f43a51d3": 77588.75, "0x6b75d8af000000e20b7a7ddf000ba900b4009a80": 46757.070000000014, "0x00000000a991c429ee2ec6df19d40fe0c80088b8": 16455.850000000002, "0x000000000005af2ddc1a93a03e9b7014064d3b8d": 12015.350000000002, "0x2d2a7d56773ae7d5c7b9f1b57f7be05039447b4d": 7769.13, "0x429cf888dae41d589d57f6dc685707bec755fe63": 4114.71, "0x00000000003b3cc22af3ae1eac0440bcee416b40": 3961.38, "0x24902aa0cf0000a08c0ea0b003b0c0bf600000e0": 3917.17, "0x507888e987257a8dde6f8afa46375cefe2cbf504": 2871.6499999999996, "0x0000cd00001700b10049dfc947103e00e1c62683": 2305.09, "0x0ef8b4525c69bfa7bdece3ab09f95bbf0944b783": 2182.96, "0xc7dab6742619707440f44ae3b23768a18067c665": 2076.51, "0x00fc00900000002c00be4ef8f49c000211000c43": 1015.9, "0x8f83cbe751419b87b1c23119be45def93d404692": 759.84, "0xe8c060f8052e07423f71d445277c61ac5138a2e5": 582.53, "0x00004ec2008200e43b243a000590d4cd46360000": 538.58, "0x00f80000d3000095fe14f500c67b452d0004fa7b": 336.5, "0x2dcf90da3b1369d2bd16d663c9bf35e08060bed5": 259.68, "0x0eae044f00b0af300500f090ea00027097d03000": 16.98}, "rsyncbuilder": {"0x6b75d8af000000e20b7a7ddf000ba900b4009a80": 107158.86000000003, "0x00000000a991c429ee2ec6df19d40fe0c80088b8": 28509.72, "0xc5a87e6c6fb14daad332614d8b727bdf80d7c801": 20271.99, "0x507888e987257a8dde6f8afa46375cefe2cbf504": 15508.98, "0x7efd91c8ca31e7452c5c4de00a8ca1c18910a35f": 4043.6099999999997, "0x000000d40b595b94918a28b27d1e2c66f43a51d3": 2816.08, "0x2fc5c8b21f544f4cb6240ac905ff02a38ca367d1": 2012.53, "0x247b69f78d2a590bec1ac0a4a4066debe3fca2b8": 1657.51,