{"0xf727cbc6951b288c0a0780d2f3b0c934de95713a": 393055788.63, "0xc0de235f3a51705759b045dc6d5f6218b058c5bd": 192428167.12, "0x000000000035b5e5ad9019092c665357240f594e": 156823876.64000002, "0x592a0d0b1b6a5522a596d501da22d64e5b05bf79": 142315095.22, "0x6b75d8af000000e20b7a7ddf000ba900b4009a80": 134140325.47999984, "0x00000000003b3cc22af3ae1eac0440bcee416b40": 105309986.99999999, "0x767c8bb1574bee5d4fe35e27e0003c89d43c5121": 47471167.39, "0x286774e88f83a6829ad2e8c36114e06aaf7dcf3e": 45464970.300000004, "0xe8c060f8052e07423f71d445277c61ac5138a2e5": 37142528.46, "0xf73bd29daf60dfe09608d46f5e8eae87284fd3d3": 29529341.690000013, "0x24902aa0cf0000a08c0ea0b003b0c0bf600000e0": 25075060.950000003, "0x525145f821d8d2abb494c454e9445e14c817f7cb": 21313420.28, "0x00000000009e50a7ddb7a7b0e2ee6604fd120e49": 19918545.290000007, "0x64545160d28fd0e309277c02d6d73b3923cc4bfa": 19709777.16999999, "0x87870bca3f3fd6335c3f4ce8392d69350b4fa4e2": 19227419.17, "0x51ccd9a50b6ead2fc51ea8917ed6f221b4d3706c": 17948109.8, "0xb1d08ac094cba6936c8bc53f34f0a29d3d8bc52c": 17732192.57, "0x80a64c6d7f12c47b7c66c5b4e20e72bc1fcd5d9e": 17426508.929999962, "0x00fc00900000002c00be4ef8f49c000211000c43": 16624972.38, "0x00000000a991c429ee2ec6df19d40fe0c80088b8": 16503270.080000013, "0x5550d13389bb70f45fcef58f19f6b6e87f6e747d": 15314761.79, "0x2d2a7d56773ae7d5c7b9f1b57f7be05039447b4d": 15294282.440000005, "0x000000d40b595b94918a28b27d1e2c66f43a51d3": 14832487.480000004, "0xf3de3c0d654fda23dad170f0f320a92172509127": 11535023.35, "0x429cf888dae41d589d57f6dc685707bec755fe63": 10382776.879999997, "0xc5a87e6c6fb14daad332614d8b727bdf80d7c801": 9549169.34, "0xc625e922681c7e708fd21ae72c2487aea5b4e8e0": 9529912.219999999, "0xfefd05076a394f80c3e2bc10d8dca57c1584b2b0": 9234368.64, "0x00000047bb99ea4d791bb749d970de71ee0b1a34": 9039503.769999998, "0x9f51040aec194a89cb6a7e852e79ea07cc0bf648": 8995475.949999997, "0x9cb7e19861665366011899d74e75d4f2a419aeed": 8299880.1, "0xb0000000aa4f00af1200c8b2befb6300853f0069": 7783217.37, "0x53facee52e897740b140f5304e9cd9dc6238d735": 7763098.249999999, "0x8761e0370f94f68db8eaa731f4fc581f6ad0bd68": 7708871.339999999, "0xd09f16830172e6073e8e5ee5053f35010f1c7d7a": 7342971.58, "0x6a5ef39f58c80e42642b9210bf74f20666a2e6b6": 6957675.360000001, "0xa028bef2835cab01d39dc3ff34abc46a2f665bb4": 6886595.75, "0x6a6fa664d4fa49a6a780a1d6143f079f8dd7c33d": 6680139.179999999, "0x706441aef1cc437563b1973c295ee8f7bbcbf620": 6536804.989999999, "0x67defac35e2a3f8d9a37ffa989e1b3ed70d3262b": 6403975.35, "0xb3147f04db92a0e7b9c6766a7b9ad0942bd13fee": 6204440.66, "0x73012eecbb5c07cac9d0c7ed207596556482a5e8": 6020788.069999999, "0xd4674001a9a66b31f3c09e3b1fec465404c83d35": 5989553.25, "0x5079fc00f00f30000e0c8c083801cfde000008b6": 5984286.420000001, "0xcfa6af75a34dce9e2742e22898f8500000000766": 5664992.470000001, "0x901996e18a3b15359a62ceb247647665fb8ade89": 5623303.23, "0x767af52d988d1241a346851a1b39ccd11357376e": 5545924.479999996, "0xc6fecdf760af24095cded954de7d81ab49f8bae1": 5526229.41, "0x6e3b2eabf254b41e53a327ea6c868d232cfdeeba": 5398366.339999999, "0xe2b6601667f0a6bd9f68441e2e0b81e4fcfbb2eb": 4795040.0600000005, "0x4128c361da41df0a14d0b48badd37e6d2135c3ed": 4762916.3100000005, "0xafadff94a40559c252a6696eafd1cf1c219c7b9e": 4702879.090000002, "0xb0bababe78a9be0810fadf99dd2ed31ed12568be": 4405359.700000001, "0x6719c6ebf80d6499ca9ce170cda72beb3f1d1a54": 4211189.380000001, "0x799c014d3071ce2150727099595330a051d1bd71": 4140000, "0x6980a47bee930a4584b09ee79ebe46484fbdbdd0": 3881009.2, "0x95c0c8a41caaa33f22ff042dc4279ed2b4e74041": 3731209.94, "0x2d1d3476dcb3c0ffa488122ffeca75d532ebe3b6": 3693641.49, "0x0eae044f00b0af300500f090ea00027097d03000": 3543400.5200000005, "0xf0d4c12a5768d806021f80a262b4d39d26c58b8d": 3465702.42, "0xe20cd9377c204a27952f8b41075f0b8bd1ceec3d": 3378107.6500000004, "0x2964343150c5385975729ef169e8f85be0e44749": 3373469.79, "0x0000000000a84d1a9b0063a910315c7ffa9cd248": 3208535.56, "0x00000000003d71e9fc20fdeb46fb86afbbee4772": 3062071.4999999995, "0x02e7b8511831b1b02d9018215a0f8f500ea5c6b3": 3056738.4699999997, "0xe2b8eb988735f7709d08b7d07b41460073904830": 2892855.42, "0x5e51328c0583094b76f28cfd532abc3d454fcfea": 2862492.6700000004, "0xc9557a2dcaadabfcbaadaa72b73dd48d9faf8144": 2853260.380000001, "0x5db209f7f4cbd7011b486b8d99e5ae616947a138": 2834911.239999999, "0xe27baebd7b14602de3797974db9f5f4f8dcb6679": 2829426.93, "0x5050e08626c499411b5d0e0b5af0e83d3fd82edf": 2742905.61, "0x00000000de337b4fff5fcbe4df67a85d0bad5d16": 2692476.72, "0x073197fa2656bdaf1ca018b7b333379683b1d8ad": 2655698.3099999996, "0xc121cdb13f4e67d5563bea5257f35b1609a4c423": 2495744.4199999995, "0x901b1f018ced4d518cd577c930d5dccef6369d2c": 2378061.3500000006, "0x35cb375799b28c8d6b7c5c8d494ed180ae2e60cb": 2195875.6900000004, "0xe08beb8c48e71fd08560db2fbaaa0701b187c7a7": 2163570.53, "0xd7def2e1ae1e1a0b99a7e113acdc8eabfe6de717": 2144629.25, "0xd249942f6d417cbfdcb792b1229353b66c790726": 2053714.4500000002, "0x3aa228a80f50763045bdfc45012da124bd0a6809": 1962526.9100000001, "0xcf5540fffcdc3d510b18bfca6d2b9987b0772559": 1876699.1200000003, "0xf03f1a572792339f625e44a1c304ec826659c259": 1776258.9200000006, "0x638574d80a0c6bde199c4dda94fb2b9366544cbc": 1742906.6199999999, "0x8ec73532e19572a771da63d327db6d496b5ee721": 1728902.57, "0xd8c07491caa1edf960db3ceff387426d53942ea0": 1723100.3599999999, "0x4184a083307a208f5bf20d0b44e161bc55aae996": 1638984.78, "0x00f80000d3000095fe14f500c67b452d0004fa7b": 1601968.3899999997, "0x988ad333342d903190ed86a053e6b2170aebeb20": 1596124.6299999997, "0x9f4f18ac9cc9de7c1441ac39ab2dbd7174fa1561": 1583844.54, "0xce66faca3e5e033b9513255d09adb178e4a45a3c": 1565130.5, "0xbf61595c0f53f01e92cc210663dccd7ab237b1d9": 1560540.58, "0x95d69f35547f169639e0f5969b746d9b634d3571": 1533239.48, "0xf50492363c65e7603c450a123c807c75d47776b4": 1528580.33, "0x95937e3b41194b3f53f2b308052a0df3c5d0b882": 1491111.08, "0x507888e987257a8dde6f8afa46375cefe2cbf504": 1466300.7400000002, "0x2c2c82e7caf5f14e4995c366d9db8cdfdf7677e3": 1447511.2399999995, "0x000000000005af2ddc1a93a03e9b7014064d3b8d": 1425476.0400000005, "0x247b69f78d2a590bec1ac0a4a4066debe3fca2b8": 1382983.6400000004, "0x3e0000de5060979f9b4e002e81ab000000b60093": 1375232.6500000004, "0x36a7141537e064b7679b412acf866f20f06420ff": 1372197.3699999999, "0x70e86223507724bf2c51fe3ac2cc78c67bfad366": 1363474.9300000002, "0x5502af6f6caed3fbc689f7651045ef631b88f387": 1261327.96, "0xfbeedcfe378866dab6abbafd8b2986f5c1768737": 1238366.7999999998, "0x78f8bd884c3d738b74b420540659c82f392820e0": 1204337.75, "0xd686b37552b6cb4082c977af5a430bc22abd16fd": 1186356.99, "0x6f48437b0d19f8935e7df051a1552a756a31917e": 1183382.02, "0xf411fca55e1a892c9ba6d04abe5ca26ec1764d2b": 1173688.9600000002, "0x09850f8f1338a0b8c7d94dcc361e965b78d0175a": 1159842.09, "0x9705b569ce3d1ddbe421c7b3b4e495445b096160": 1159722.74, "0x8011d6c888214b3aea276a6d9d893578d8b25b03": 1145715.5599999998, "0x0439e60f02a8900a951603950d8d4527f400c3f1": 1097794.2800000005, "0x97c1a26482099363cb055f0f3ca1d6057fe55447": 1069705.08, "0xe40e690232adba00c96724767bef9a47e77148de": 1062645.9200000002, "0x037c1954b42907feefe0157c5e4d44095d1a1e78": 1049639.62, "0xcac7f5ecc7ec8db67c08bf156e8a1e493966c7d3": 1034797.0300000001, "0x98c4d08fbe1a258918846bfa8df14a1da03d3af6": 987150.22, "0x94b27b52e0a188c3d5c4be7e39d04094cbf1a5bf": 979212.76, "0x000000004685666c7653cc148f566f0511901b37": 977939.4000000001, "0x2f7c1f1460aed2594a9977c58fa31c465591b287": 958724.46, "0xdc3bfcb3521cd02af66d394f817a0e6fe62ded95": 900051.86, "0x166191ccb056a39585e4fc2aba1da3d76fb4f4d2": 898992.32, "0xbf96377d1b98c2fb6db54bc7af0e1bc93c2b74ff": 884636.1000000001, "0xe2cd944360d75bf2c323e4ab8b64ea3bbc358181": 882311.56, "0x46b054c577af29d6429651805f2d17c99e274038": 861407.78, "0x66a41b8c2c4fbdede69b29b1b4aaef4059d06098": 860495.22, "0x3fd49a8f37e2349a29ea701b56f10f03b08f1532": 817438.86, "0x7b786fcd3be70e4da5fc0afac9410b36fa1f2b74": 806494.1500000001, "0x0eb71d7e2354cb536ec1f49b6a55673ae05e6cbc": 785056.69,