{"0x3aa228a80f50763045bdfc45012da124bd0a6809": 11862446970.5, "0xf88d1d6d9db9a39dbbfc4b101cecc495bb0636f8": 2965845561.6800003, "0x6980a47bee930a4584b09ee79ebe46484fbdbdd0": 1955502445.3499997, "0x979802a30f3fe9370f2a03cf3544ac0a46bd7815": 827313475.41, "0xe27baebd7b14602de3797974db9f5f4f8dcb6679": 303940725.95, "0x6f2571998f503b1f6b0cb47b524a67d2302ffe4f": 167423266, "0x000000000035b5e5ad9019092c665357240f594e": 94661066.67000002, "0x92932b07c93fb86b7498735e18a4888f681129eb": 83580444.24000001, "0x31f99298d21b862e8f8ebc0a16a66a12a8f780e2": 67364184.83, "0x00000000003b3cc22af3ae1eac0440bcee416b40": 50458974.87000001, "0x9cb7e19861665366011899d74e75d4f2a419aeed": 48391854.660000004, "0x95c0c8a41caaa33f22ff042dc4279ed2b4e74041": 42455247.91, "0x6b75d8af000000e20b7a7ddf000ba900b4009a80": 38063991.360000096, "0xe8c060f8052e07423f71d445277c61ac5138a2e5": 37326840.34000002, "0x767c8bb1574bee5d4fe35e27e0003c89d43c5121": 30097182.41, "0x67defac35e2a3f8d9a37ffa989e1b3ed70d3262b": 26781949.68, "0xb3147f04db92a0e7b9c6766a7b9ad0942bd13fee": 20629266.18, "0x0000000000590b74eb97457bf7b3ff6d63c6fde2": 16490642.879999999, "0x87870bca3f3fd6335c3f4ce8392d69350b4fa4e2": 14041887.22, "0x6ed50b7908ce5ed0901d27ae3c7dc556dc036b4e": 12760855.05, "0xd37a9fcf4d3b306b0ca7d226a6ab2b3d6d87b361": 12607903.86, "0x24902aa0cf0000a08c0ea0b003b0c0bf600000e0": 11995120.350000005, "0x844e04e9e7259ad5f0b3138ec28ad0b488ba6f21": 11339110.560000004, "0x8761e0370f94f68db8eaa731f4fc581f6ad0bd68": 10725154.050000003, "0xcb3702bc25b0f284b032e5edf1a1ebea2fe43255": 10604345.979999999, "0x901996e18a3b15359a62ceb247647665fb8ade89": 9914276.4, "0x72146a3ead3a256e8a2189e3cedc0b7bd61991ed": 9486643.78, "0x2d2a7d56773ae7d5c7b9f1b57f7be05039447b4d": 8840385.569999997, "0x64545160d28fd0e309277c02d6d73b3923cc4bfa": 8705142.800000004, "0x00000000a991c429ee2ec6df19d40fe0c80088b8": 8498180.779999996, "0x0000cd00001700b10049dfc947103e00e1c62683": 7886315.78, "0x10354c27fc4ce3d50f418e545621e0500b672cca": 7572658.76, "0xce66faca3e5e033b9513255d09adb178e4a45a3c": 7041727.460000001, "0x00fc00900000002c00be4ef8f49c000211000c43": 6959442.820000002, "0x53facee52e897740b140f5304e9cd9dc6238d735": 6058369.309999999, "0x000000d40b595b94918a28b27d1e2c66f43a51d3": 5823312.17}