{"0x6b75d8af000000e20b7a7ddf000ba900b4009a80": 1659187.8800000004, "0xe8c060f8052e07423f71d445277c61ac5138a2e5": 1278146.1800000002, "0x0000cd00001700b10049dfc947103e00e1c62683": 601155.65, "0x000000d40b595b94918a28b27d1e2c66f43a51d3": 411220.0800000001, "0x00000000a991c429ee2ec6df19d40fe0c80088b8": 308405.54, "0x2d2a7d56773ae7d5c7b9f1b57f7be05039447b4d": 253122.63000000003, "0xa80db00007020e013fa10d0560700c0018003b8b": 144919.52, "0x000000000005af2ddc1a93a03e9b7014064d3b8d": 121665.22999999998, "0xcb3702bc25b0f284b032e5edf1a1ebea2fe43255": 74970.53, "0x00fc00900000002c00be4ef8f49c000211000c43": 58118.96000000001, "0x507888e987257a8dde6f8afa46375cefe2cbf504": 50270.02, "0x429cf888dae41d589d57f6dc685707bec755fe63": 39223.64, "0xc5a87e6c6fb14daad332614d8b727bdf80d7c801": 37626.15, "0x2684e2d55e30680186ca2d5f5393ac0fb808f011": 30984.88, "0x00f80000d3000095fe14f500c67b452d0004fa7b": 29389.18, "0x0000a42df58060230d7f1aefe47da338078244e8": 28452.11, "0xb0bababe78a9be0810fadf99dd2ed31ed12568be": 25789.43, "0x007933790a4f00000099e9001629d9fe7775b800": 20561.49, "0xe20cd9377c204a27952f8b41075f0b8bd1ceec3d": 17487.91, "0xcc2687c14915fd68226ccf388842515739a739bd": 17410.38, "0x00000000003b3cc22af3ae1eac0440bcee416b40": 16679.26, "0x6a8aeb3f8509c188775f65fd1e9eb5dd10abb8db": 14575.73, "0x247b69f78d2a590bec1ac0a4a4066debe3fca2b8": 14489.8, "0xc7dab6742619707440f44ae3b23768a18067c665": 14016.46, "0x24902aa0cf0000a08c0ea0b003b0c0bf600000e0": 12258.320000000002, "0x00004ec2008200e43b243a000590d4cd46360000": 11921.28, "0x1fdb319cc1be16ff75ef84e408b0bc1594dd4d3c": 11371.29, "0x2fc5c8b21f544f4cb6240ac905ff02a38ca367d1": 10010.92, "0x2dcf90da3b1369d2bd16d663c9bf35e08060bed5": 8817.54, "0x8f83cbe751419b87b1c23119be45def93d404692": 8517.449999999999, "0x605e35e88b2eba3ff084045d8eb8ae881c7e9dcb": 8462.53, "0x7efd91c8ca31e7452c5c4de00a8ca1c18910a35f": 7366.57, "0x0eae044f00b0af300500f090ea00027097d03000": 6035.3899999999985, "0x0ef8b4525c69bfa7bdece3ab09f95bbf0944b783": 5553.81}