{"beaverbuild": {"0x3aa228a80f50763045bdfc45012da124bd0a6809": 4098900935.5099998, "0x6980a47bee930a4584b09ee79ebe46484fbdbdd0": 647378662.0, "0x000000000035b5e5ad9019092c665357240f594e": 54561305.13, "0xe27baebd7b14602de3797974db9f5f4f8dcb6679": 47348299.53000001, "0xe8c060f8052e07423f71d445277c61ac5138a2e5": 32076882.530000012, "0x92932b07c93fb86b7498735e18a4888f681129eb": 27946332.729999997, "0x00000000003b3cc22af3ae1eac0440bcee416b40": 22400149.620000005, "0x95c0c8a41caaa33f22ff042dc4279ed2b4e74041": 18703031.049999997, "0xd37a9fcf4d3b306b0ca7d226a6ab2b3d6d87b361": 12607903.86, "0x6b75d8af000000e20b7a7ddf000ba900b4009a80": 11038245.480000027, "0x767c8bb1574bee5d4fe35e27e0003c89d43c5121": 10871196.930000002, "0x9cb7e19861665366011899d74e75d4f2a419aeed": 10441995.79, "0xcb3702bc25b0f284b032e5edf1a1ebea2fe43255": 8935382.04, "0x8761e0370f94f68db8eaa731f4fc581f6ad0bd68": 8690581.5, "0xce66faca3e5e033b9513255d09adb178e4a45a3c": 6355370.360000001, "0x6ed50b7908ce5ed0901d27ae3c7dc556dc036b4e": 6086329.21, "0xb3147f04db92a0e7b9c6766a7b9ad0942bd13fee": 5811648.52, "0x87870bca3f3fd6335c3f4ce8392d69350b4fa4e2": 4915032.4399999995, "0x901996e18a3b15359a62ceb247647665fb8ade89": 3983313.38, "0x24902aa0cf0000a08c0ea0b003b0c0bf600000e0": 3796763.1799999992, "0x0000000000590b74eb97457bf7b3ff6d63c6fde2": 3572511.1400000006, "0x72146a3ead3a256e8a2189e3cedc0b7bd61991ed": 3463024.79, "0x10354c27fc4ce3d50f418e545621e0500b672cca": 3386764.099999998, "0x0000cd00001700b10049dfc947103e00e1c62683": 2724033.5199999986, "0x53facee52e897740b140f5304e9cd9dc6238d735": 2101321.839999999, "0x00fc00900000002c00be4ef8f49c000211000c43": 2055225.3600000017, "0x64545160d28fd0e309277c02d6d73b3923cc4bfa": 1944213.8400000005, "0x2d2a7d56773ae7d5c7b9f1b57f7be05039447b4d": 1930213.2700000007, "0x00000000a991c429ee2ec6df19d40fe0c80088b8": 1915000.09, "0x000000d40b595b94918a28b27d1e2c66f43a51d3": 1521097.1999999993, "0x844e04e9e7259ad5f0b3138ec28ad0b488ba6f21": 22286.299999999996}, "Flashbots": {"0xf88d1d6d9db9a39dbbfc4b101cecc495bb0636f8": 2797471054.3900003, "0x979802a30f3fe9370f2a03cf3544ac0a46bd7815": 827313475.41, "0x3aa228a80f50763045bdfc45012da124bd0a6809": 783816301.47, "0x6980a47bee930a4584b09ee79ebe46484fbdbdd0": 323514272.95, "0x6f2571998f503b1f6b0cb47b524a67d2302ffe4f": 167423266, "0x31f99298d21b862e8f8ebc0a16a66a12a8f780e2": 67364184.83, "0xe27baebd7b14602de3797974db9f5f4f8dcb6679": 50483700.60999999, "0x000000000035b5e5ad9019092c665357240f594e": 14211584.950000001, "0x6ed50b7908ce5ed0901d27ae3c7dc556dc036b4e": 2785352.07, "0x767c8bb1574bee5d4fe35e27e0003c89d43c5121": 2584974.58, "0x6b75d8af000000e20b7a7ddf000ba900b4009a80": 2361361.26, "0x00000000a991c429ee2ec6df19d40fe0c80088b8": 1658357.5899999999, "0x00000000003b3cc22af3ae1eac0440bcee416b40": 1122473.2900000003, "0x24902aa0cf0000a08c0ea0b003b0c0bf600000e0": 1038942.1700000006, "0x844e04e9e7259ad5f0b3138ec28ad0b488ba6f21": 948935.2400000001, "0x901996e18a3b15359a62ceb247647665fb8ade89": 774405.84, "0x2d2a7d56773ae7d5c7b9f1b57f7be05039447b4d": 617648.8600000006, "0x000000d40b595b94918a28b27d1e2c66f43a51d3": 506524.1500000003, "0x10354c27fc4ce3d50f418e545621e0500b672cca": 398578.85000000003, "0x53facee52e897740b140f5304e9cd9dc6238d735": 329766.75999999995, "0x00fc00900000002c00be4ef8f49c000211000c43": 320714.6499999999, "0x0000cd00001700b10049dfc947103e00e1c62683": 302490.73999999993, "0x87870bca3f3fd6335c3f4ce8392d69350b4fa4e2": 112031.99, "0xcb3702bc25b0f284b032e5edf1a1ebea2fe43255": 99300.99000000002, "0x8761e0370f94f68db8eaa731f4fc581f6ad0bd68": 96300.94999999998, "0xce66faca3e5e033b9513255d09adb178e4a45a3c": 83794.12999999999, "0xe8c060f8052e07423f71d445277c61ac5138a2e5": 77165.29000000002, "0x64545160d28fd0e309277c02d6d73b3923cc4bfa": 49966.67}, "Titan Builder": {"0x3aa228a80f50763045bdfc45012da124bd0a6809": 3788377744.61, "0xe27baebd7b14602de3797974db9f5f4f8dcb6679": 85266953.76999998, "0x92932b07c93fb86b7498735e18a4888f681129eb": 23943459.32, "0x95c0c8a41caaa33f22ff042dc4279ed2b4e74041": 18539346.59, "0x6b75d8af000000e20b7a7ddf000ba900b4009a80": 9853237.610000005, "0x00000000003b3cc22af3ae1eac0440bcee416b40": 8809166.67, "0x0000000000590b74eb97457bf7b3ff6d63c6fde2": 6918657.079999999, "0x844e04e9e7259ad5f0b3138ec28ad0b488ba6f21": 6266915.410000001, "0x767c8bb1574bee5d4fe35e27e0003c89d43c5121": 4219742.870000001, "0x6ed50b7908ce5ed0901d27ae3c7dc556dc036b4e": 3889173.77, "0x24902aa0cf0000a08c0ea0b003b0c0bf600000e0": 2438626.4600000023, "0x2d2a7d56773ae7d5c7b9f1b57f7be05039447b4d": 2362650.8799999976, "0xe8c060f8052e07423f71d445277c61ac5138a2e5": 2311265.26, "0x0000cd00001700b10049dfc947103e00e1c62683": 1803275.9399999997, "0x901996e18a3b15359a62ceb247647665fb8ade89": 1702907.14, "0x000000d40b595b94918a28b27d1e2c66f43a51d3": 1457449.5699999984, "0x00fc00900000002c00be4ef8f49c000211000c43": 1455831.2699999984, "0x00000000a991c429ee2ec6df19d40fe0c80088b8": 1424633.7099999972, "0x10354c27fc4ce3d50f418e545621e0500b672cca": 1250071.59, "0x53facee52e897740b140f5304e9cd9dc6238d735": 897868.0799999998, "0x8761e0370f94f68db8eaa731f4fc581f6ad0bd68": 437466.05000000005, "0xcb3702bc25b0f284b032e5edf1a1ebea2fe43255": 299900.0499999999, "0x64545160d28fd0e309277c02d6d73b3923cc4bfa": 192896.47, "0x87870bca3f3fd6335c3f4ce8392d69350b4fa4e2": 116964.77, "0xce66faca3e5e033b9513255d09adb178e4a45a3c": 52464.69999999999, "0x6980a47bee930a4584b09ee79ebe46484fbdbdd0": 12352.919999999998}, "rsync-builder": {"0x3aa228a80f50763045bdfc45012da124bd0a6809": 2387176567.33, "0x6980a47bee930a4584b09ee79ebe46484fbdbdd0": 816132766.79, "0xf88d1d6d9db9a39dbbfc4b101cecc495bb0636f8": 168374507.29, "0xe27baebd7b14602de3797974db9f5f4f8dcb6679": 101957036.98999998, "0x9cb7e19861665366011899d74e75d4f2a419aeed": 37949858.870000005, "0x92932b07c93fb86b7498735e18a4888f681129eb": 26624313.66, "0x000000000035b5e5ad9019092c665357240f594e": 25776186.720000003, "0x00000000003b3cc22af3ae1eac0440bcee416b40": 14392667.740000002, "0x767c8bb1574bee5d4fe35e27e0003c89d43c5121": 10900313.889999995, "0x6b75d8af000000e20b7a7ddf000ba900b4009a80": 10568231.24000004, "0x67defac35e2a3f8d9a37ffa989e1b3ed70d3262b": 6937289.89, "0xb3147f04db92a0e7b9c6766a7b9ad0942bd13fee": 6876880.640000001, "0x95c0c8a41caaa33f22ff042dc4279ed2b4e74041": 5212870.27, "0x0000000000590b74eb97457bf7b3ff6d63c6fde2": 4916352.63, "0x72146a3ead3a256e8a2189e3cedc0b7bd61991ed": 4210036.34, "0x24902aa0cf0000a08c0ea0b003b0c0bf600000e0": 3792232.620000004, "0x901996e18a3b15359a62ceb247647665fb8ade89": 3270423.2699999996, "0x2d2a7d56773ae7d5c7b9f1b57f7be05039447b4d": 3195810.3799999966, "0x844e04e9e7259ad5f0b3138ec28ad0b488ba6f21": 2837421.0100000002, "0x0000cd00001700b10049dfc947103e00e1c62683": 2721349.8600000017, "0x53facee52e897740b140f5304e9cd9dc6238d735": 2500157.64, "0x64545160d28fd0e309277c02d6d73b3923cc4bfa": 2439492.7500000005, "0x00000000a991c429ee2ec6df19d40fe0c80088b8": 2381007.480000001, "0x10354c27fc4ce3d50f418e545621e0500b672cca": 2304665.690000001, "0x00fc00900000002c00be4ef8f49c000211000c43": 2271408.7900000014, "0xe8c060f8052e07423f71d445277c61ac5138a2e5": 1705997.0600000005, "0x000000d40b595b94918a28b27d1e2c66f43a51d3": 1535454.3299999998, "0x87870bca3f3fd6335c3f4ce8392d69350b4fa4e2": 1134259.6199999999, "0x8761e0370f94f68db8eaa731f4fc581f6ad0bd68": 889263.8900000001, "0xce66faca3e5e033b9513255d09adb178e4a45a3c": 546124.4199999999, "0xcb3702bc25b0f284b032e5edf1a1ebea2fe43255": 424578.77}, "builder0x69": {"0x3aa228a80f50763045bdfc45012da124bd0a6809": 480152647.27000004, "0x67defac35e2a3f8d9a37ffa989e1b3ed70d3262b": 19844659.79, "0xe27baebd7b14602de3797974db9f5f4f8dcb6679": 18884735.05, "0xb3147f04db92a0e7b9c6766a7b9ad0942bd13fee": 7940737.02, "0x87870bca3f3fd6335c3f4ce8392d69350b4fa4e2": 4518500.8100000005, "0x00000000003b3cc22af3ae1eac0440bcee416b40": 3189530.4599999995, "0x6b75d8af000000e20b7a7ddf000ba900b4009a80": 1599260.5800000022, "0x0000000000590b74eb97457bf7b3ff6d63c6fde2": 1083122.03, "0x64545160d28fd0e309277c02d6d73b3923cc4bfa": 686636.41,