{"0x6b75d8af000000e20b7a7ddf000ba900b4009a80": 38959672.76000004, "0xe8c060f8052e07423f71d445277c61ac5138a2e5": 25112574.95999999, "0x00000000003b3cc22af3ae1eac0440bcee416b40": 21561874.329999994, "0x000000000035b5e5ad9019092c665357240f594e": 19480434.360000003, "0xcb3702bc25b0f284b032e5edf1a1ebea2fe43255": 12152091.229999999, "0x00000000a991c429ee2ec6df19d40fe0c80088b8": 9264015.509999994, "0x000000d40b595b94918a28b27d1e2c66f43a51d3": 8386718.799999994, "0x53facee52e897740b140f5304e9cd9dc6238d735": 8074156.100000001, "0x0000cd00001700b10049dfc947103e00e1c62683": 7736267.089999997, "0x00fc00900000002c00be4ef8f49c000211000c43": 5962363.1, "0x429cf888dae41d589d57f6dc685707bec755fe63": 4934159.270000001, "0x0000000000590b74eb97457bf7b3ff6d63c6fde2": 4455786.62, "0x0000000000a84d1a9b0063a910315c7ffa9cd248": 3902993.630000001, "0x7cd1fe28fb9d4c861071958cfa0d9802a815439c": 3684437.9700000007, "0xc5a87e6c6fb14daad332614d8b727bdf80d7c801": 3255920.4800000004, "0x7d32c90762e22379235fc311fdb16fab399ed40a": 3231711.7700000005, "0xb3147f04db92a0e7b9c6766a7b9ad0942bd13fee": 3168615.65, "0xce66faca3e5e033b9513255d09adb178e4a45a3c": 3163839.08, "0x2d2a7d56773ae7d5c7b9f1b57f7be05039447b4d": 2995302.000000002, "0x24902aa0cf0000a08c0ea0b003b0c0bf600000e0": 2478970.07, "0x507888e987257a8dde6f8afa46375cefe2cbf504": 2292560.3899999997, "0xca8acfdcee7531be980e7670d9e6b80b8c2e08dc": 1791906.8399999999, "0x247b69f78d2a590bec1ac0a4a4066debe3fca2b8": 1399839.4499999997, "0x000000000005af2ddc1a93a03e9b7014064d3b8d": 1334729.9199999997, "0x5079fc00f00f30000e0c8c083801cfde000008b6": 1230429.7, "0x122e8808f968ecd4d3fb273b8ae417651bddc3d0": 1171901.62, "0xb0bababe78a9be0810fadf99dd2ed31ed12568be": 1075339.5199999996, "0x2684e2d55e30680186ca2d5f5393ac0fb808f011": 1046733.2899999998, "0xa0cdf33c150b936d0091969c694da3cfeae18446": 986491.69, "0x00f80000d3000095fe14f500c67b452d0004fa7b": 885769.0400000002, "0xdb387e5f428d53102b7535819de26225e7502c80": 828238.37, "0x68986fda8bc0edd7c819c55c338f4d0473cb79d8": 788129.62, "0x00004ec2008200e43b243a000590d4cd46360000": 733316.57, "0x9db7378614d8d9d7149c4ee4763f88c38f9b1517": 666244.4999999999, "0xc0de02babe048d279d1ac193930169e715fe7612": 637784.57, "0x18198cbac5a55b44778c6e29f3df8f4142cd65c2": 591570.6, "0xdc3bfcb3521cd02af66d394f817a0e6fe62ded95": 552215.5199999999, "0x8a23bcdaa0bde54b39cdb2daddf72ffe2e0c5ec4": 527383.13, "0x0eb71d7e2354cb536ec1f49b6a55673ae05e6cbc": 481231.56000000006, "0xe92c20817cc3e034665f7e8402bbfab3ce479baf": 480498.06000000006, "0xfd0000000100069ad1670066004306009b487ad7": 460964.48, "0xcc2687c14915fd68226ccf388842515739a739bd": 399155.02, "0xf1645de0e8a40e99ebdfd0d03b0a1f5dab6a9976": 383065.5100000003, "0x80d4230c0a68fc59cb264329d3a717fcaa472a13": 366865.5, "0xeeaa83b2d581a3a790774d4dae7bf354fffe3376": 360960.95999999996, "0x0000a42df58060230d7f1aefe47da338078244e8": 338639.14, "0x1fdb319cc1be16ff75ef84e408b0bc1594dd4d3c": 327484.69999999995, "0x000000083a559c92f08012a854eed16d694634c5": 327135.73000000004, "0x00000000009e50a7ddb7a7b0e2ee6604fd120e49": 313009.63, "0x0eae044f00b0af300500f090ea00027097d03000": 303266.56000000006, "0x7efd91c8ca31e7452c5c4de00a8ca1c18910a35f": 268336.56, "0x605e35e88b2eba3ff084045d8eb8ae881c7e9dcb": 238542.46999999997, "0x9dd864d39fbfdf7648402746263e451cd4f36af0": 221713.79999999996, "0x571a8e0874292c1336f970fd44cb502d81c3a717": 208608.83, "0xba3f5c056500ce033e9d74494b820d495efcf19d": 182747.51999999996, "0x6a5ef39f58c80e42642b9210bf74f20666a2e6b6": 170444.28, "0x5e51328c0583094b76f28cfd532abc3d454fcfea": 158768.15000000002, "0x98177a0000030000f1c7130065e308e78a160000": 144704.20000000004, "0x007933790a4f00000099e9001629d9fe7775b800": 135288.28, "0xe545c3cd397be0243475af52bcff8c64e9ead5d7": 119658.75000000001, "0x134d8fc986fa44171f8b67826436c4300f63b61c": 114577.55, "0x2f7c1f1460aed2594a9977c58fa31c465591b287": 103957.70999999999, "0x0204c8553172d8b59ea387972b0e17bd34e775d8": 103088.87, "0x6a8aeb3f8509c188775f65fd1e9eb5dd10abb8db": 102799.76999999999, "0x02a69f8782ae023b8d18e605e188d317fd8027f6": 102327.23, "0x9c33b80491e09d157db9d93f66375bf1994fce10": 101562.95, "0x0000580089002cfb007e2300122100c95a58242d": 101368.7, "0xd19dc09880685dd8cf60687d57936358582876b5": 97004.54000000001}