{"0x6b75d8af000000e20b7a7ddf000ba900b4009a80": 52836087.73999996, "0xe8c060f8052e07423f71d445277c61ac5138a2e5": 43794301.620000005, "0x000000000035b5e5ad9019092c665357240f594e": 20629718.269999996, "0x00000000003b3cc22af3ae1eac0440bcee416b40": 20141639.17000001, "0x00000000a991c429ee2ec6df19d40fe0c80088b8": 12639426.949999994, "0x429cf888dae41d589d57f6dc685707bec755fe63": 11219174.260000011, "0x000000d40b595b94918a28b27d1e2c66f43a51d3": 8853101.680000002, "0x0000cd00001700b10049dfc947103e00e1c62683": 8439786.270000001, "0x7cd1fe28fb9d4c861071958cfa0d9802a815439c": 7387813.62, "0xcb3702bc25b0f284b032e5edf1a1ebea2fe43255": 6582158.87, "0xb3147f04db92a0e7b9c6766a7b9ad0942bd13fee": 5390636.46, "0xa80db00007020e013fa10d0560700c0018003b8b": 4845639.149999999, "0x2d2a7d56773ae7d5c7b9f1b57f7be05039447b4d": 3883186.7900000014, "0x00fc00900000002c00be4ef8f49c000211000c43": 3713751.1400000006, "0x2684e2d55e30680186ca2d5f5393ac0fb808f011": 3690587.0600000005, "0xc5a87e6c6fb14daad332614d8b727bdf80d7c801": 3501529.8600000003, "0x24902aa0cf0000a08c0ea0b003b0c0bf600000e0": 3335454.080000001, "0xf54ac0316e845502bf64c4b2eb754945c36a5f33": 3144619.29, "0x0000000000590b74eb97457bf7b3ff6d63c6fde2": 2753789.0999999996, "0x247b69f78d2a590bec1ac0a4a4066debe3fca2b8": 2698059.6400000006, "0xeeaa83b2d581a3a790774d4dae7bf354fffe3376": 2521331.29, "0x507888e987257a8dde6f8afa46375cefe2cbf504": 2132933.8799999994, "0x4031a1d4e5a60e35df3edba7847a7a4829061935": 2064304.0000000002, "0x000000000005af2ddc1a93a03e9b7014064d3b8d": 2059821.5799999996, "0x75af425f2c1696f0583f70ffe5716a863ea7652c": 2032849.36, "0x605e35e88b2eba3ff084045d8eb8ae881c7e9dcb": 1799510.8600000003, "0xb0bababe78a9be0810fadf99dd2ed31ed12568be": 1715746.0999999999, "0x9db7378614d8d9d7149c4ee4763f88c38f9b1517": 1657486.4299999997, "0x49bc3cec1fb7978746f742a4e485d0d601831cea": 1502711.4999999998, "0x8a23bcdaa0bde54b39cdb2daddf72ffe2e0c5ec4": 1260804.86, "0x00f80000d3000095fe14f500c67b452d0004fa7b": 1119245.4000000001, "0xdb5889e35e379ef0498aae126fc2cce1fbd23216": 1029418.9299999997, "0xdb387e5f428d53102b7535819de26225e7502c80": 968617.9, "0x13c6f604be370863a1eab3b2059dea1baaa071da": 944679.67, "0xdc3bfcb3521cd02af66d394f817a0e6fe62ded95": 941128.5900000001, "0xa0cdf33c150b936d0091969c694da3cfeae18446": 815190.94, "0x68986fda8bc0edd7c819c55c338f4d0473cb79d8": 786330.7799999999, "0x00004ec2008200e43b243a000590d4cd46360000": 727112.88, "0xcc2687c14915fd68226ccf388842515739a739bd": 702302.2000000001, "0x0eb71d7e2354cb536ec1f49b6a55673ae05e6cbc": 689813.8400000001, "0x007933790a4f00000099e9001629d9fe7775b800": 651263.1199999999, "0x18198cbac5a55b44778c6e29f3df8f4142cd65c2": 590880.0700000001, "0x1fdb319cc1be16ff75ef84e408b0bc1594dd4d3c": 570112.34, "0xca8acfdcee7531be980e7670d9e6b80b8c2e08dc": 567626.17, "0x8ff38490746d83ab285c0ee08c3bd5098949b39c": 558989.6, "0x53facee52e897740b140f5304e9cd9dc6238d735": 553141.21, "0xd050e0a4838d74769228b49dff97241b4ef3805d": 519724.11, "0x0000000000a84d1a9b0063a910315c7ffa9cd248": 496044.93, "0xc0de02babe048d279d1ac193930169e715fe7612": 493454.1100000001, "0x122e8808f968ecd4d3fb273b8ae417651bddc3d0": 478011.97, "0x0eae044f00b0af300500f090ea00027097d03000": 475746.42, "0xfd0000000100069ad1670066004306009b487ad7": 422048.2, "0x6a8aeb3f8509c188775f65fd1e9eb5dd10abb8db": 394618.53999999986, "0x00000000009e50a7ddb7a7b0e2ee6604fd120e49": 380284.1599999999, "0xd539cee6ab3997c21c0b83b21116b31bf6694092": 331432.1299999999, "0x6a5ef39f58c80e42642b9210bf74f20666a2e6b6": 322002.42, "0x0000580089002cfb007e2300122100c95a58242d": 312388.3, "0x397ff1542f962076d0bfe58ea045ffa2d347aca0": 297999.76, "0x7efd91c8ca31e7452c5c4de00a8ca1c18910a35f": 293823.3300000001, "0xf1645de0e8a40e99ebdfd0d03b0a1f5dab6a9976": 293687.44, "0x1980bf6b31aff41285edaa30dacb32e5a88bbdfb": 282744.06, "0x0000a42df58060230d7f1aefe47da338078244e8": 272411.94, "0xe545c3cd397be0243475af52bcff8c64e9ead5d7": 233466.05000000002, "0x571a8e0874292c1336f970fd44cb502d81c3a717": 185260.24000000002, "0x000000083a559c92f08012a854eed16d694634c5": 178319.49999999997, "0x0000e0ca771e21bd00057f54a68c30d400000000": 175257.91999999998, "0x2f7c1f1460aed2594a9977c58fa31c465591b287": 174727.33, "0x9dd864d39fbfdf7648402746263e451cd4f36af0": 171600.20999999996, "0xba3f5c056500ce033e9d74494b820d495efcf19d": 161312.35, "0x02a69f8782ae023b8d18e605e188d317fd8027f6": 159020.28000000003, "0x76b5a83c8c8097e7723eda897537b6345789b229": 156243.48, "0x5e51328c0583094b76f28cfd532abc3d454fcfea": 151605.56, "0x6980a47bee930a4584b09ee79ebe46484fbdbdd0": 141072.71000000002, "0xd19dc09880685dd8cf60687d57936358582876b5": 133149.55, "0x30a123cbf79fdb6ac10556b20531545de0da652b": 132309.85}