{"0x6b75d8af000000e20b7a7ddf000ba900b4009a80": 34383368.78999993, "0x00000000003b3cc22af3ae1eac0440bcee416b40": 29900531.999999996, "0xe8c060f8052e07423f71d445277c61ac5138a2e5": 23374009.420000006, "0x000000000035b5e5ad9019092c665357240f594e": 21089191.32, "0xcb3702bc25b0f284b032e5edf1a1ebea2fe43255": 10257909.009999996, "0x00000000a991c429ee2ec6df19d40fe0c80088b8": 8920874.969999997, "0x0000cd00001700b10049dfc947103e00e1c62683": 8622786.75, "0x53facee52e897740b140f5304e9cd9dc6238d735": 8279784.1400000015, "0x9dd864d39fbfdf7648402746263e451cd4f36af0": 8201414.140000001, "0x000000d40b595b94918a28b27d1e2c66f43a51d3": 6638395.729999998, "0x0000000000a84d1a9b0063a910315c7ffa9cd248": 5762115.81, "0x00fc00900000002c00be4ef8f49c000211000c43": 5395429.549999998, "0x429cf888dae41d589d57f6dc685707bec755fe63": 3885288.6399999987, "0x7cd1fe28fb9d4c861071958cfa0d9802a815439c": 3575579.7399999998, "0x0000000000590b74eb97457bf7b3ff6d63c6fde2": 3398940.77, "0x2d2a7d56773ae7d5c7b9f1b57f7be05039447b4d": 3379016.6799999992, "0xc5a87e6c6fb14daad332614d8b727bdf80d7c801": 3362192.6900000004, "0x7d32c90762e22379235fc311fdb16fab399ed40a": 3226121.0100000002, "0xb3147f04db92a0e7b9c6766a7b9ad0942bd13fee": 3168615.65, "0xce66faca3e5e033b9513255d09adb178e4a45a3c": 3150074.94, "0xeeaa83b2d581a3a790774d4dae7bf354fffe3376": 2677066.89, "0xca8acfdcee7531be980e7670d9e6b80b8c2e08dc": 2670652.3, "0x5079fc00f00f30000e0c8c083801cfde000008b6": 2540473.89, "0x24902aa0cf0000a08c0ea0b003b0c0bf600000e0": 2397875.1900000004, "0x507888e987257a8dde6f8afa46375cefe2cbf504": 2293914.8699999996, "0x9db7378614d8d9d7149c4ee4763f88c38f9b1517": 1970417.2899999996, "0x122e8808f968ecd4d3fb273b8ae417651bddc3d0": 1644309.3699999999, "0x000000000005af2ddc1a93a03e9b7014064d3b8d": 1596387.38, "0x247b69f78d2a590bec1ac0a4a4066debe3fca2b8": 1568333.8799999997, "0xdb387e5f428d53102b7535819de26225e7502c80": 1556158.5799999998, "0xb0bababe78a9be0810fadf99dd2ed31ed12568be": 1183723.3199999998, "0x00004ec2008200e43b243a000590d4cd46360000": 1107436.88, "0x6a5ef39f58c80e42642b9210bf74f20666a2e6b6": 1085965.2899999998, "0xa0cdf33c150b936d0091969c694da3cfeae18446": 1065507.5000000002, "0x00f80000d3000095fe14f500c67b452d0004fa7b": 925560.6000000001, "0x5db209f7f4cbd7011b486b8d99e5ae616947a138": 782994.9200000003, "0xfad7980f78454a9b357b72b8c9f085d84615726d": 722661.81, "0x2684e2d55e30680186ca2d5f5393ac0fb808f011": 715343.1900000001, "0x98177a0000030000f1c7130065e308e78a160000": 693548.8300000001, "0x68986fda8bc0edd7c819c55c338f4d0473cb79d8": 570829.8500000001, "0xc0de02babe048d279d1ac193930169e715fe7612": 559607.99, "0xdc3bfcb3521cd02af66d394f817a0e6fe62ded95": 508696.20000000007, "0xe92c20817cc3e034665f7e8402bbfab3ce479baf": 480498.06000000006, "0x0000a42df58060230d7f1aefe47da338078244e8": 474938.0599999999, "0x1fdb319cc1be16ff75ef84e408b0bc1594dd4d3c": 433678.52999999997, "0x0eae044f00b0af300500f090ea00027097d03000": 387591.0100000001, "0x0eb71d7e2354cb536ec1f49b6a55673ae05e6cbc": 367391.28, "0x80d4230c0a68fc59cb264329d3a717fcaa472a13": 366865.5, "0xf1645de0e8a40e99ebdfd0d03b0a1f5dab6a9976": 335861.7699999998, "0x7efd91c8ca31e7452c5c4de00a8ca1c18910a35f": 331504.66, "0xe27baebd7b14602de3797974db9f5f4f8dcb6679": 319806.88, "0xf411fca55e1a892c9ba6d04abe5ca26ec1764d2b": 314246.11000000004, "0x75af425f2c1696f0583f70ffe5716a863ea7652c": 293547.21, "0xcc2687c14915fd68226ccf388842515739a739bd": 292019.34, "0x8a23bcdaa0bde54b39cdb2daddf72ffe2e0c5ec4": 280222.61, "0x00000000009e50a7ddb7a7b0e2ee6604fd120e49": 260565.99999999994, "0xfd0000000100069ad1670066004306009b487ad7": 230475.72999999998, "0x000000083a559c92f08012a854eed16d694634c5": 217931.62999999995, "0x30a123cbf79fdb6ac10556b20531545de0da652b": 180404.18, "0x7f35eda215e381b44e5e6a0934fea2e9b7545e06": 175826.83, "0xbb95844dbd5693a0ed48a0f5f3e26dbc89e763d2": 159659.58000000002, "0x6980a47bee930a4584b09ee79ebe46484fbdbdd0": 128698.29, "0x605e35e88b2eba3ff084045d8eb8ae881c7e9dcb": 122153.43000000001, "0xaaecf92bee252ad8a31fdb66aa80e733aa7de609": 111827.82, "0x571a8e0874292c1336f970fd44cb502d81c3a717": 109805.47999999998, "0xe545c3cd397be0243475af52bcff8c64e9ead5d7": 108819.66, "0x0204c8553172d8b59ea387972b0e17bd34e775d8": 107627.59999999998, "0xd19dc09880685dd8cf60687d57936358582876b5": 102134.08999999998, "0x9c33b80491e09d157db9d93f66375bf1994fce10": 101562.95, "0x00000000fda4c75bfb5e0f3a75ce3d811b6f6c88": 97198.34000000001}