{"0x6b75d8af000000e20b7a7ddf000ba900b4009a80": 56775055.03999997, "0xe8c060f8052e07423f71d445277c61ac5138a2e5": 47718577.06999999, "0x000000000035b5e5ad9019092c665357240f594e": 36563368.330000006, "0x00000000003b3cc22af3ae1eac0440bcee416b40": 22068462.95, "0x00000000a991c429ee2ec6df19d40fe0c80088b8": 13266868.439999992, "0x429cf888dae41d589d57f6dc685707bec755fe63": 11623821.63000001, "0x0000cd00001700b10049dfc947103e00e1c62683": 8086013.74, "0x000000d40b595b94918a28b27d1e2c66f43a51d3": 7930550.280000004, "0xa80db00007020e013fa10d0560700c0018003b8b": 6561737.57, "0x7cd1fe28fb9d4c861071958cfa0d9802a815439c": 5660530.43, "0xb3147f04db92a0e7b9c6766a7b9ad0942bd13fee": 5390636.46, "0xcb3702bc25b0f284b032e5edf1a1ebea2fe43255": 4972291.850000001, "0x2d2a7d56773ae7d5c7b9f1b57f7be05039447b4d": 3887409.2599999993, "0x2684e2d55e30680186ca2d5f5393ac0fb808f011": 3662881.5100000002, "0x24902aa0cf0000a08c0ea0b003b0c0bf600000e0": 3173316.5999999996, "0xf54ac0316e845502bf64c4b2eb754945c36a5f33": 3144619.29, "0x00fc00900000002c00be4ef8f49c000211000c43": 3086087.6900000004, "0xc5a87e6c6fb14daad332614d8b727bdf80d7c801": 2960244.9000000004, "0x0000000000590b74eb97457bf7b3ff6d63c6fde2": 2753789.0999999996, "0x247b69f78d2a590bec1ac0a4a4066debe3fca2b8": 2563491.640000001, "0xeeaa83b2d581a3a790774d4dae7bf354fffe3376": 2507359.0500000003, "0x13c6f604be370863a1eab3b2059dea1baaa071da": 2173966.400000001, "0x4031a1d4e5a60e35df3edba7847a7a4829061935": 2064304.0, "0x75af425f2c1696f0583f70ffe5716a863ea7652c": 2023167.57, "0x000000000005af2ddc1a93a03e9b7014064d3b8d": 1868685.3399999996, "0x507888e987257a8dde6f8afa46375cefe2cbf504": 1867274.1400000001, "0x605e35e88b2eba3ff084045d8eb8ae881c7e9dcb": 1809845.18, "0x0eae044f00b0af300500f090ea00027097d03000": 1746837.1299999997, "0x9db7378614d8d9d7149c4ee4763f88c38f9b1517": 1720795.7400000005, "0xb0bababe78a9be0810fadf99dd2ed31ed12568be": 1660028.6999999997, "0x49bc3cec1fb7978746f742a4e485d0d601831cea": 1502980.96, "0x8a23bcdaa0bde54b39cdb2daddf72ffe2e0c5ec4": 1230298.8900000001, "0x00f80000d3000095fe14f500c67b452d0004fa7b": 1014530.5000000001, "0xdc3bfcb3521cd02af66d394f817a0e6fe62ded95": 959622.1699999999, "0xa0cdf33c150b936d0091969c694da3cfeae18446": 782147.7699999999, "0x1fdb319cc1be16ff75ef84e408b0bc1594dd4d3c": 777011.9100000003, "0xdb5889e35e379ef0498aae126fc2cce1fbd23216": 758049.2699999998, "0xdb387e5f428d53102b7535819de26225e7502c80": 719141.68, "0x00004ec2008200e43b243a000590d4cd46360000": 700450.6499999998, "0xcc2687c14915fd68226ccf388842515739a739bd": 655961.2000000003, "0x007933790a4f00000099e9001629d9fe7775b800": 646659.46, "0x53facee52e897740b140f5304e9cd9dc6238d735": 563887.4, "0x8ff38490746d83ab285c0ee08c3bd5098949b39c": 558989.6, "0xd050e0a4838d74769228b49dff97241b4ef3805d": 531295.5199999999, "0x0eb71d7e2354cb536ec1f49b6a55673ae05e6cbc": 516963.96, "0xe545c3cd397be0243475af52bcff8c64e9ead5d7": 502734.49, "0x68986fda8bc0edd7c819c55c338f4d0473cb79d8": 487513.48, "0x6a5ef39f58c80e42642b9210bf74f20666a2e6b6": 400517.82, "0x00000000009e50a7ddb7a7b0e2ee6604fd120e49": 398648.18000000005, "0xc0de02babe048d279d1ac193930169e715fe7612": 393664.89, "0x6a8aeb3f8509c188775f65fd1e9eb5dd10abb8db": 380717.82999999996, "0x8011d6c888214b3aea276a6d9d893578d8b25b03": 358366.11000000004, "0x122e8808f968ecd4d3fb273b8ae417651bddc3d0": 356041.1, "0x5e51328c0583094b76f28cfd532abc3d454fcfea": 338636.8, "0xd539cee6ab3997c21c0b83b21116b31bf6694092": 331432.1299999999, "0x0000580089002cfb007e2300122100c95a58242d": 312388.3, "0x0000000000a84d1a9b0063a910315c7ffa9cd248": 299034.33999999997, "0x397ff1542f962076d0bfe58ea045ffa2d347aca0": 297999.76, "0x1980bf6b31aff41285edaa30dacb32e5a88bbdfb": 268948.82999999996, "0x18198cbac5a55b44778c6e29f3df8f4142cd65c2": 244230.40000000002, "0xfd0000000100069ad1670066004306009b487ad7": 237797.05, "0x7efd91c8ca31e7452c5c4de00a8ca1c18910a35f": 226075.08, "0xa196145d284b83d9b8f91a050f1f2ed91e06bf7a": 204855.59000000003, "0x02a69f8782ae023b8d18e605e188d317fd8027f6": 204781.48, "0xd19dc09880685dd8cf60687d57936358582876b5": 199377.67000000004, "0x0000a42df58060230d7f1aefe47da338078244e8": 174207.48, "0xca8acfdcee7531be980e7670d9e6b80b8c2e08dc": 159669.8, "0x2f7c1f1460aed2594a9977c58fa31c465591b287": 155716.87, "0x76b5a83c8c8097e7723eda897537b6345789b229": 155296.55000000005, "0x9dd864d39fbfdf7648402746263e451cd4f36af0": 149731.82000000004, "0x0000e0ca771e21bd00057f54a68c30d400000000": 147321.49000000002}