{"0x6b75d8af000000e20b7a7ddf000ba900b4009a80": 55758527.740000054, "0xe8c060f8052e07423f71d445277c61ac5138a2e5": 44642573.569999985, "0x00000000003b3cc22af3ae1eac0440bcee416b40": 20221943.600000005, "0x000000000035b5e5ad9019092c665357240f594e": 17329230.95, "0x00000000a991c429ee2ec6df19d40fe0c80088b8": 12849908.739999996, "0x429cf888dae41d589d57f6dc685707bec755fe63": 11220860.29000001, "0x000000d40b595b94918a28b27d1e2c66f43a51d3": 8547251.32, "0x0000cd00001700b10049dfc947103e00e1c62683": 8349460.19, "0x7cd1fe28fb9d4c861071958cfa0d9802a815439c": 6273284.72, "0xa80db00007020e013fa10d0560700c0018003b8b": 5628768.879999998, "0xb3147f04db92a0e7b9c6766a7b9ad0942bd13fee": 5390636.46, "0xcb3702bc25b0f284b032e5edf1a1ebea2fe43255": 5035720.300000001, "0x2d2a7d56773ae7d5c7b9f1b57f7be05039447b4d": 3662977.79, "0x00fc00900000002c00be4ef8f49c000211000c43": 3648859.1, "0x2684e2d55e30680186ca2d5f5393ac0fb808f011": 3572729.56, "0x24902aa0cf0000a08c0ea0b003b0c0bf600000e0": 3180898.7800000007, "0xf54ac0316e845502bf64c4b2eb754945c36a5f33": 3144619.29, "0xc5a87e6c6fb14daad332614d8b727bdf80d7c801": 3070505.78, "0x247b69f78d2a590bec1ac0a4a4066debe3fca2b8": 2758458.930000001, "0x0000000000590b74eb97457bf7b3ff6d63c6fde2": 2753789.0999999996, "0xeeaa83b2d581a3a790774d4dae7bf354fffe3376": 2507359.0500000003, "0x507888e987257a8dde6f8afa46375cefe2cbf504": 2140063.9499999993, "0x4031a1d4e5a60e35df3edba7847a7a4829061935": 2064304.0, "0x000000000005af2ddc1a93a03e9b7014064d3b8d": 2053695.0600000003, "0x75af425f2c1696f0583f70ffe5716a863ea7652c": 2034699.1500000001, "0x605e35e88b2eba3ff084045d8eb8ae881c7e9dcb": 1794855.23, "0x0eae044f00b0af300500f090ea00027097d03000": 1742373.4699999997, "0x9db7378614d8d9d7149c4ee4763f88c38f9b1517": 1661317.36, "0xb0bababe78a9be0810fadf99dd2ed31ed12568be": 1608182.9700000004, "0x49bc3cec1fb7978746f742a4e485d0d601831cea": 1502711.4999999998, "0x8a23bcdaa0bde54b39cdb2daddf72ffe2e0c5ec4": 1276137.2300000002, "0x00f80000d3000095fe14f500c67b452d0004fa7b": 1099141.8999999997, "0xdc3bfcb3521cd02af66d394f817a0e6fe62ded95": 980907.4799999999, "0x13c6f604be370863a1eab3b2059dea1baaa071da": 948393.9900000001, "0xdb5889e35e379ef0498aae126fc2cce1fbd23216": 893040.6400000001, "0xa0cdf33c150b936d0091969c694da3cfeae18446": 857722.5599999998, "0xdb387e5f428d53102b7535819de26225e7502c80": 781390.5800000001, "0x00004ec2008200e43b243a000590d4cd46360000": 760959.1899999998, "0x1fdb319cc1be16ff75ef84e408b0bc1594dd4d3c": 729857.5700000002, "0xcc2687c14915fd68226ccf388842515739a739bd": 666922.66, "0x0eb71d7e2354cb536ec1f49b6a55673ae05e6cbc": 660445.5700000001, "0x007933790a4f00000099e9001629d9fe7775b800": 655256.4199999999, "0x68986fda8bc0edd7c819c55c338f4d0473cb79d8": 602812.56, "0x53facee52e897740b140f5304e9cd9dc6238d735": 559007.48, "0x8ff38490746d83ab285c0ee08c3bd5098949b39c": 558989.6, "0xd050e0a4838d74769228b49dff97241b4ef3805d": 521838.44, "0x18198cbac5a55b44778c6e29f3df8f4142cd65c2": 513715.77999999997, "0xe545c3cd397be0243475af52bcff8c64e9ead5d7": 500977.68999999994, "0x0000000000a84d1a9b0063a910315c7ffa9cd248": 481122.62000000005, "0xc0de02babe048d279d1ac193930169e715fe7612": 447610.7, "0x122e8808f968ecd4d3fb273b8ae417651bddc3d0": 428172.48, "0xca8acfdcee7531be980e7670d9e6b80b8c2e08dc": 425881.25, "0x5e51328c0583094b76f28cfd532abc3d454fcfea": 413679.51, "0x00000000009e50a7ddb7a7b0e2ee6604fd120e49": 404797.45000000007, "0x6a8aeb3f8509c188775f65fd1e9eb5dd10abb8db": 391431.95, "0x6a5ef39f58c80e42642b9210bf74f20666a2e6b6": 386432.79, "0x7efd91c8ca31e7452c5c4de00a8ca1c18910a35f": 377229.44, "0xd539cee6ab3997c21c0b83b21116b31bf6694092": 331432.1299999999, "0xfd0000000100069ad1670066004306009b487ad7": 329906.02, "0x0000580089002cfb007e2300122100c95a58242d": 312388.29999999993, "0x397ff1542f962076d0bfe58ea045ffa2d347aca0": 297999.76, "0x1980bf6b31aff41285edaa30dacb32e5a88bbdfb": 268996.54000000004, "0x02a69f8782ae023b8d18e605e188d317fd8027f6": 203402.27000000005, "0x2f7c1f1460aed2594a9977c58fa31c465591b287": 201268.98, "0x571a8e0874292c1336f970fd44cb502d81c3a717": 174897.63000000003, "0x0000a42df58060230d7f1aefe47da338078244e8": 174443.79000000004, "0xd19dc09880685dd8cf60687d57936358582876b5": 172161.71999999997, "0xba3f5c056500ce033e9d74494b820d495efcf19d": 169704.64000000004, "0x76b5a83c8c8097e7723eda897537b6345789b229": 163088.65, "0xa196145d284b83d9b8f91a050f1f2ed91e06bf7a": 157609.1, "0x0000e0ca771e21bd00057f54a68c30d400000000": 151801.17999999996, "0x6980a47bee930a4584b09ee79ebe46484fbdbdd0": 141072.71000000002, "0x30a123cbf79fdb6ac10556b20531545de0da652b": 131561.28}