{"0x6b75d8af000000e20b7a7ddf000ba900b4009a80": 35835225.22999994, "0xe8c060f8052e07423f71d445277c61ac5138a2e5": 27121871.680000003, "0x00000000003b3cc22af3ae1eac0440bcee416b40": 26934526.54, "0x000000000035b5e5ad9019092c665357240f594e": 24624061.980000008, "0xcb3702bc25b0f284b032e5edf1a1ebea2fe43255": 10417557.559999995, "0x00000000a991c429ee2ec6df19d40fe0c80088b8": 9089384.359999994, "0x0000cd00001700b10049dfc947103e00e1c62683": 8668399.34, "0x53facee52e897740b140f5304e9cd9dc6238d735": 8267223.8500000015, "0x9dd864d39fbfdf7648402746263e451cd4f36af0": 8193392.4, "0x000000d40b595b94918a28b27d1e2c66f43a51d3": 6920160.889999996, "0x00fc00900000002c00be4ef8f49c000211000c43": 5614933.6499999985, "0x0000000000a84d1a9b0063a910315c7ffa9cd248": 5220406.28, "0x429cf888dae41d589d57f6dc685707bec755fe63": 4260381.449999999, "0x7cd1fe28fb9d4c861071958cfa0d9802a815439c": 3417629.3699999996, "0x0000000000590b74eb97457bf7b3ff6d63c6fde2": 3398940.77, "0x7d32c90762e22379235fc311fdb16fab399ed40a": 3226121.0100000002, "0xb3147f04db92a0e7b9c6766a7b9ad0942bd13fee": 3168615.65, "0xce66faca3e5e033b9513255d09adb178e4a45a3c": 3150074.94, "0x2d2a7d56773ae7d5c7b9f1b57f7be05039447b4d": 3108703.24, "0xc5a87e6c6fb14daad332614d8b727bdf80d7c801": 2879256.75, "0xeeaa83b2d581a3a790774d4dae7bf354fffe3376": 2677066.89, "0x24902aa0cf0000a08c0ea0b003b0c0bf600000e0": 2613333.2899999996, "0xca8acfdcee7531be980e7670d9e6b80b8c2e08dc": 2547377.9899999998, "0x5079fc00f00f30000e0c8c083801cfde000008b6": 2385718.63, "0x507888e987257a8dde6f8afa46375cefe2cbf504": 2382989.56, "0x9db7378614d8d9d7149c4ee4763f88c38f9b1517": 1961386.4799999995, "0x247b69f78d2a590bec1ac0a4a4066debe3fca2b8": 1712351.5999999999, "0x122e8808f968ecd4d3fb273b8ae417651bddc3d0": 1569638.28, "0x000000000005af2ddc1a93a03e9b7014064d3b8d": 1510796.4800000002, "0xdb387e5f428d53102b7535819de26225e7502c80": 1322075.5299999998, "0xb0bababe78a9be0810fadf99dd2ed31ed12568be": 1268392.5, "0x6a5ef39f58c80e42642b9210bf74f20666a2e6b6": 1145874.98, "0x00004ec2008200e43b243a000590d4cd46360000": 1073178.1999999997, "0xa0cdf33c150b936d0091969c694da3cfeae18446": 1060146.1800000002, "0x00f80000d3000095fe14f500c67b452d0004fa7b": 944174.47, "0x2684e2d55e30680186ca2d5f5393ac0fb808f011": 806725.7400000001, "0x5db209f7f4cbd7011b486b8d99e5ae616947a138": 761179.03, "0xfad7980f78454a9b357b72b8c9f085d84615726d": 715800.6900000001, "0xc0de02babe048d279d1ac193930169e715fe7612": 714257.1499999999, "0x68986fda8bc0edd7c819c55c338f4d0473cb79d8": 573254.39, "0x98177a0000030000f1c7130065e308e78a160000": 570573.7399999999, "0xdc3bfcb3521cd02af66d394f817a0e6fe62ded95": 533959.0300000001, "0xe92c20817cc3e034665f7e8402bbfab3ce479baf": 480498.06000000006, "0x0000a42df58060230d7f1aefe47da338078244e8": 458724.7599999999, "0x1fdb319cc1be16ff75ef84e408b0bc1594dd4d3c": 393208.5700000001, "0x0eae044f00b0af300500f090ea00027097d03000": 388080.71000000014, "0x80d4230c0a68fc59cb264329d3a717fcaa472a13": 366865.5, "0x7efd91c8ca31e7452c5c4de00a8ca1c18910a35f": 355120.9799999999, "0xf1645de0e8a40e99ebdfd0d03b0a1f5dab6a9976": 337163.0899999998, "0x0eb71d7e2354cb536ec1f49b6a55673ae05e6cbc": 329148.43, "0xe27baebd7b14602de3797974db9f5f4f8dcb6679": 319806.88, "0xcc2687c14915fd68226ccf388842515739a739bd": 298204.96, "0x75af425f2c1696f0583f70ffe5716a863ea7652c": 295212.13, "0x8a23bcdaa0bde54b39cdb2daddf72ffe2e0c5ec4": 280277.03, "0xf411fca55e1a892c9ba6d04abe5ca26ec1764d2b": 268804.1000000001, "0x00000000009e50a7ddb7a7b0e2ee6604fd120e49": 251809.32999999996, "0xfd0000000100069ad1670066004306009b487ad7": 239318.34999999998, "0x000000083a559c92f08012a854eed16d694634c5": 213535.12999999992, "0x7f35eda215e381b44e5e6a0934fea2e9b7545e06": 175272.06, "0x30a123cbf79fdb6ac10556b20531545de0da652b": 142530.78, "0x6980a47bee930a4584b09ee79ebe46484fbdbdd0": 127585.87000000001, "0x571a8e0874292c1336f970fd44cb502d81c3a717": 125303.62, "0xbb95844dbd5693a0ed48a0f5f3e26dbc89e763d2": 114520.96, "0x605e35e88b2eba3ff084045d8eb8ae881c7e9dcb": 113493.80000000002, "0x0204c8553172d8b59ea387972b0e17bd34e775d8": 111927.92999999998, "0xaaecf92bee252ad8a31fdb66aa80e733aa7de609": 111827.82, "0xe545c3cd397be0243475af52bcff8c64e9ead5d7": 111148.87999999999, "0xd19dc09880685dd8cf60687d57936358582876b5": 104231.35999999997, "0x9c33b80491e09d157db9d93f66375bf1994fce10": 101562.95, "0xba3f5c056500ce033e9d74494b820d495efcf19d": 96314.63999999997}