{"0x6b75d8af000000e20b7a7ddf000ba900b4009a80": 333658059.34000045, "0xe8c060f8052e07423f71d445277c61ac5138a2e5": 219847390.33999997, "0x2d2a7d56773ae7d5c7b9f1b57f7be05039447b4d": 217512053.58999902, "0x000000000035b5e5ad9019092c665357240f594e": 108299551.56000002, "0x00000000003b3cc22af3ae1eac0440bcee416b40": 102086718.41999999, "0x0000cd00001700b10049dfc947103e00e1c62683": 56676778.17000001, "0x00000000a991c429ee2ec6df19d40fe0c80088b8": 46052070.09000001, "0x0000000000590b74eb97457bf7b3ff6d63c6fde2": 38783033.190000005, "0xb3147f04db92a0e7b9c6766a7b9ad0942bd13fee": 38090753.93, "0x000000d40b595b94918a28b27d1e2c66f43a51d3": 29184446.100000005, "0xcb3702bc25b0f284b032e5edf1a1ebea2fe43255": 22939213.27, "0x6a5ef39f58c80e42642b9210bf74f20666a2e6b6": 21201541.009999998, "0xf54ac0316e845502bf64c4b2eb754945c36a5f33": 20815636.82, "0x507888e987257a8dde6f8afa46375cefe2cbf504": 20016089.430000007, "0x247b69f78d2a590bec1ac0a4a4066debe3fca2b8": 17182887.150000006, "0x000000000005af2ddc1a93a03e9b7014064d3b8d": 17093486.209999997, "0x7f636f161d3151cbf393ae823b2834e95538fe54": 13940606.330000004, "0xc7dab6742619707440f44ae3b23768a18067c665": 13708955.050000003, "0x0000000000a84d1a9b0063a910315c7ffa9cd248": 12412775.809999999, "0x24902aa0cf0000a08c0ea0b003b0c0bf600000e0": 12370182.650000002, "0x5093013aaaee47c868fa3c317fe7840a3d8f8804": 11395692.570000002, "0x605e35e88b2eba3ff084045d8eb8ae881c7e9dcb": 10654944.489999998, "0xb0bababe78a9be0810fadf99dd2ed31ed12568be": 10272043.989999987, "0x5e51328c0583094b76f28cfd532abc3d454fcfea": 9223491.109999996, "0x9db7378614d8d9d7149c4ee4763f88c38f9b1517": 8894196.44, "0xe27baebd7b14602de3797974db9f5f4f8dcb6679": 7877451.13, "0xa80db00007020e013fa10d0560700c0018003b8b": 7440712.09, "0x00004ec2008200e43b243a000590d4cd46360000": 7415570.580000001, "0xfd0000000100069ad1670066004306009b487ad7": 7389662.410000001, "0xa0cdf33c150b936d0091969c694da3cfeae18446": 6962000.289999999, "0x007933790a4f00000099e9001629d9fe7775b800": 6910799.900000001, "0xeeaa83b2d581a3a790774d4dae7bf354fffe3376": 6389650.33, "0x8011d6c888214b3aea276a6d9d893578d8b25b03": 6379145.219999999, "0x93ffb15d1fa91e0c320d058f00ee97f9e3c50096": 6254808.039999999, "0x429cf888dae41d589d57f6dc685707bec755fe63": 4766656.129999999, "0x8a23bcdaa0bde54b39cdb2daddf72ffe2e0c5ec4": 4484815.11, "0x9dd864d39fbfdf7648402746263e451cd4f36af0": 4268747.12, "0x1fdb319cc1be16ff75ef84e408b0bc1594dd4d3c": 4086065.159999999, "0x6a8aeb3f8509c188775f65fd1e9eb5dd10abb8db": 4024837.8100000005, "0x0eb71d7e2354cb536ec1f49b6a55673ae05e6cbc": 3568154.4399999995, "0x0eae044f00b0af300500f090ea00027097d03000": 3391294.9000000004, "0x13c6f604be370863a1eab3b2059dea1baaa071da": 3272844.4, "0xcc2687c14915fd68226ccf388842515739a739bd": 3235902.319999999, "0xba3f5c056500ce033e9d74494b820d495efcf19d": 3189119.3600000003, "0xd050e0a4838d74769228b49dff97241b4ef3805d": 2961264.39, "0x8ff38490746d83ab285c0ee08c3bd5098949b39c": 2543224.2600000002, "0x7efd91c8ca31e7452c5c4de00a8ca1c18910a35f": 2450304.1399999997, "0x00000000000747d525e898424e8774f7eb317d00": 2414560.38, "0x947bc8aa029fac296d8d5a04752b39da7935b5fa": 2336644.97, "0x30ea35bf5dbe2b80fc2438418848a53a0b194e3b": 2143551.8000000003, "0x2339d36bce71c97772e54c76ff6b4c74c9dd8f86": 2107785.62, "0x02a69f8782ae023b8d18e605e188d317fd8027f6": 1825290.1099999999, "0xbf61595c0f53f01e92cc210663dccd7ab237b1d9": 1760089.9899999998, "0xae9e10a1d5b2bfb0dd4336695a1b0e8b931ab438": 1718656.6099999999, "0x68986fda8bc0edd7c819c55c338f4d0473cb79d8": 1666700.56, "0x7f35eda215e381b44e5e6a0934fea2e9b7545e06": 1662662.8700000003, "0xe545c3cd397be0243475af52bcff8c64e9ead5d7": 1580379.0899999999, "0x0000a42df58060230d7f1aefe47da338078244e8": 1410163.38, "0x30a123cbf79fdb6ac10556b20531545de0da652b": 1322072.08, "0x76b5a83c8c8097e7723eda897537b6345789b229": 1252848.5200000003, "0xaaecf92bee252ad8a31fdb66aa80e733aa7de609": 1142611.09, "0x7d32c90762e22379235fc311fdb16fab399ed40a": 1119313.97, "0xc75a65361af17203dfadfcdca3eb6b476c72c164": 961018.87, "0xc0de02babe048d279d1ac193930169e715fe7612": 873988.25, "0xac6a9e9ca65d4bcbea3e59c4c40128052bcc8882": 794503.5700000001, "0x07bae765074790b76c791834ab873be27493c163": 779099.0899999996, "0x00a2712e3200e89c6b8500b2da5c6c9431330000": 768548.1299999999, "0xd19dc09880685dd8cf60687d57936358582876b5": 721610.0600000002, "0x000000000015159abc7d42e8e813328b5a034c0d": 684068.69, "0x0000e0ca771e21bd00057f54a68c30d400000000": 681563.26}