{"0x6b75d8af000000e20b7a7ddf000ba900b4009a80": 39991387.33000003, "0x000000000035b5e5ad9019092c665357240f594e": 25070741.94, "0xe8c060f8052e07423f71d445277c61ac5138a2e5": 24741364.839999992, "0x00000000003b3cc22af3ae1eac0440bcee416b40": 16866872.23, "0xcb3702bc25b0f284b032e5edf1a1ebea2fe43255": 12135985.95, "0x00000000a991c429ee2ec6df19d40fe0c80088b8": 9403758.29, "0x000000d40b595b94918a28b27d1e2c66f43a51d3": 8727718.219999993, "0x53facee52e897740b140f5304e9cd9dc6238d735": 8092753.44, "0x0000cd00001700b10049dfc947103e00e1c62683": 7991058.809999996, "0x00fc00900000002c00be4ef8f49c000211000c43": 5886976.370000002, "0x429cf888dae41d589d57f6dc685707bec755fe63": 5297457.98, "0x0000000000590b74eb97457bf7b3ff6d63c6fde2": 4455786.62, "0x7cd1fe28fb9d4c861071958cfa0d9802a815439c": 4156589.070000001, "0xc5a87e6c6fb14daad332614d8b727bdf80d7c801": 3760477.0100000002, "0x0000000000a84d1a9b0063a910315c7ffa9cd248": 3539758.85, "0x7d32c90762e22379235fc311fdb16fab399ed40a": 3232910.9400000004, "0xb3147f04db92a0e7b9c6766a7b9ad0942bd13fee": 3168615.65, "0xce66faca3e5e033b9513255d09adb178e4a45a3c": 3158328.5300000003, "0x2d2a7d56773ae7d5c7b9f1b57f7be05039447b4d": 3047390.6400000015, "0x24902aa0cf0000a08c0ea0b003b0c0bf600000e0": 2617898.289999999, "0x507888e987257a8dde6f8afa46375cefe2cbf504": 2326478.5000000005, "0xca8acfdcee7531be980e7670d9e6b80b8c2e08dc": 1603648.2700000003, "0x247b69f78d2a590bec1ac0a4a4066debe3fca2b8": 1502432.0699999994, "0x000000000005af2ddc1a93a03e9b7014064d3b8d": 1435294.52, "0x122e8808f968ecd4d3fb273b8ae417651bddc3d0": 1156471.8, "0x2684e2d55e30680186ca2d5f5393ac0fb808f011": 1072341.3699999996, "0xb0bababe78a9be0810fadf99dd2ed31ed12568be": 1034069.5799999998, "0xa0cdf33c150b936d0091969c694da3cfeae18446": 986101.76, "0x00f80000d3000095fe14f500c67b452d0004fa7b": 915466.24, "0x5079fc00f00f30000e0c8c083801cfde000008b6": 874348.0199999999, "0xdb387e5f428d53102b7535819de26225e7502c80": 838751.0, "0x68986fda8bc0edd7c819c55c338f4d0473cb79d8": 773913.5499999999, "0x00004ec2008200e43b243a000590d4cd46360000": 743239.6399999999, "0xc0de02babe048d279d1ac193930169e715fe7612": 676728.7700000001, "0x9db7378614d8d9d7149c4ee4763f88c38f9b1517": 659495.3600000001, "0x18198cbac5a55b44778c6e29f3df8f4142cd65c2": 591801.84, "0xdc3bfcb3521cd02af66d394f817a0e6fe62ded95": 558374.0499999999, "0x8a23bcdaa0bde54b39cdb2daddf72ffe2e0c5ec4": 558239.58, "0x0eb71d7e2354cb536ec1f49b6a55673ae05e6cbc": 481231.56000000006, "0xe92c20817cc3e034665f7e8402bbfab3ce479baf": 480498.06000000006, "0xfd0000000100069ad1670066004306009b487ad7": 460964.48, "0xcc2687c14915fd68226ccf388842515739a739bd": 439775.2299999999, "0xf1645de0e8a40e99ebdfd0d03b0a1f5dab6a9976": 382101.4300000003, "0x80d4230c0a68fc59cb264329d3a717fcaa472a13": 366865.5, "0xeeaa83b2d581a3a790774d4dae7bf354fffe3376": 360960.95999999996, "0x000000083a559c92f08012a854eed16d694634c5": 322463.55000000005, "0x1fdb319cc1be16ff75ef84e408b0bc1594dd4d3c": 316500.3899999999, "0x0eae044f00b0af300500f090ea00027097d03000": 291114.2100000001, "0x00000000009e50a7ddb7a7b0e2ee6604fd120e49": 277662.23, "0x0000580089002cfb007e2300122100c95a58242d": 272785.98, "0x7efd91c8ca31e7452c5c4de00a8ca1c18910a35f": 268158.98, "0x75af425f2c1696f0583f70ffe5716a863ea7652c": 259150.86999999997, "0x571a8e0874292c1336f970fd44cb502d81c3a717": 245133.53999999995, "0x605e35e88b2eba3ff084045d8eb8ae881c7e9dcb": 242338.88999999996, "0x9dd864d39fbfdf7648402746263e451cd4f36af0": 223847.31999999995, "0xba3f5c056500ce033e9d74494b820d495efcf19d": 176386.82, "0x6a5ef39f58c80e42642b9210bf74f20666a2e6b6": 174608.13, "0x007933790a4f00000099e9001629d9fe7775b800": 174360.53999999998, "0x5e51328c0583094b76f28cfd532abc3d454fcfea": 159045.05000000002, "0x02a69f8782ae023b8d18e605e188d317fd8027f6": 138443.35, "0x0000a42df58060230d7f1aefe47da338078244e8": 136818.72, "0x6a8aeb3f8509c188775f65fd1e9eb5dd10abb8db": 122577.50000000001, "0x98177a0000030000f1c7130065e308e78a160000": 119410.59000000001, "0x134d8fc986fa44171f8b67826436c4300f63b61c": 114577.55, "0x0204c8553172d8b59ea387972b0e17bd34e775d8": 103088.87, "0x2f7c1f1460aed2594a9977c58fa31c465591b287": 102329.56, "0x9c33b80491e09d157db9d93f66375bf1994fce10": 101562.95, "0xd19dc09880685dd8cf60687d57936358582876b5": 93135.61000000003}