{"0x3aa228a80f50763045bdfc45012da124bd0a6809": 5904191239.620001, "0xf88d1d6d9db9a39dbbfc4b101cecc495bb0636f8": 2328076829.9300003, "0x6980a47bee930a4584b09ee79ebe46484fbdbdd0": 1955854052.44, "0x979802a30f3fe9370f2a03cf3544ac0a46bd7815": 670718002.75, "0x6f2571998f503b1f6b0cb47b524a67d2302ffe4f": 167423266, "0xe27baebd7b14602de3797974db9f5f4f8dcb6679": 146263327.09, "0x000000000035b5e5ad9019092c665357240f594e": 92576501.01, "0x00000000003b3cc22af3ae1eac0440bcee416b40": 47968116.03999999, "0x92932b07c93fb86b7498735e18a4888f681129eb": 40292488.940000005, "0x767c8bb1574bee5d4fe35e27e0003c89d43c5121": 40232385.20999999, "0x6b75d8af000000e20b7a7ddf000ba900b4009a80": 38849223.22000001, "0x9cb7e19861665366011899d74e75d4f2a419aeed": 29388611.73, "0x67defac35e2a3f8d9a37ffa989e1b3ed70d3262b": 26781949.68, "0xe8c060f8052e07423f71d445277c61ac5138a2e5": 24415492.55000001, "0x87870bca3f3fd6335c3f4ce8392d69350b4fa4e2": 22419500.859999996, "0x95c0c8a41caaa33f22ff042dc4279ed2b4e74041": 20936567.419999998, "0x901996e18a3b15359a62ceb247647665fb8ade89": 13241900.970000003, "0x24902aa0cf0000a08c0ea0b003b0c0bf600000e0": 12112978.549999997, "0x9dd864d39fbfdf7648402746263e451cd4f36af0": 11791021.969999995, "0xcb3702bc25b0f284b032e5edf1a1ebea2fe43255": 9772965.649999999, "0x72146a3ead3a256e8a2189e3cedc0b7bd61991ed": 9486643.78, "0x00000000a991c429ee2ec6df19d40fe0c80088b8": 9342636.130000006, "0xca8acfdcee7531be980e7670d9e6b80b8c2e08dc": 8975379.32, "0x53facee52e897740b140f5304e9cd9dc6238d735": 8201249.320000002, "0x0000cd00001700b10049dfc947103e00e1c62683": 8191232.23, "0xce66faca3e5e033b9513255d09adb178e4a45a3c": 7199468.750000001, "0x2d2a7d56773ae7d5c7b9f1b57f7be05039447b4d": 7023336.349999998, "0xb3147f04db92a0e7b9c6766a7b9ad0942bd13fee": 6876880.640000001, "0x5079fc00f00f30000e0c8c083801cfde000008b6": 6792907.240000001, "0x6ed50b7908ce5ed0901d27ae3c7dc556dc036b4e": 6674525.84, "0x0000000000a84d1a9b0063a910315c7ffa9cd248": 6480472.050000001, "0x9705b569ce3d1ddbe421c7b3b4e495445b096160": 6417897.51, "0x78f8bd884c3d738b74b420540659c82f392820e0": 6267849.659999998, "0xf14bbdf064e3f67f51cd9bd646ae3716ad938fdc": 6234488.45, "0x00fc00900000002c00be4ef8f49c000211000c43": 6070768.85, "0x000000d40b595b94918a28b27d1e2c66f43a51d3": 5801929.330000007, "0x64545160d28fd0e309277c02d6d73b3923cc4bfa": 5634785.01, "0x429cf888dae41d589d57f6dc685707bec755fe63": 5573522.249999999, "0xe2b8eb988735f7709d08b7d07b41460073904830": 5507805.42, "0x5550d13389bb70f45fcef58f19f6b6e87f6e747d": 4838999.359999998, "0x10354c27fc4ce3d50f418e545621e0500b672cca": 4333070.950000001, "0x8761e0370f94f68db8eaa731f4fc581f6ad0bd68": 3613693.0699999994, "0x638574d80a0c6bde199c4dda94fb2b9366544cbc": 3602307.8399999994, "0xba3f5c056500ce033e9d74494b820d495efcf19d": 3572513.6700000004, "0xf71530c1f043703085b42608ff9dcccc43210a8e": 3561658.4000000004, "0x00000047bb99ea4d791bb749d970de71ee0b1a34": 3543402.440000001, "0x9db7378614d8d9d7149c4ee4763f88c38f9b1517": 3404881.04, "0x6af49606d941cda32de1ee94397dc821ceb09dac": 3318648.8999999994, "0xc5a87e6c6fb14daad332614d8b727bdf80d7c801": 3267814.5700000003, "0x0eae044f00b0af300500f090ea00027097d03000": 3031082.9000000004, "0xdb387e5f428d53102b7535819de26225e7502c80": 2991880.96, "0x4619b39706f6eca70d820b27df877fafaaa40f41": 2986019.01}