{"0x51c72848c68a965f66fa7a88855f9f7784502a7f": 659607115.2300004, "0xe8cfad4c75a5e1caf939fd80afcf837dde340a69": 497338264.6299998, "0xd7f3fbe8c72a961a5515203eada59750437fa762": 141295299.30999997, "0x6f1cdbbb4d53d226cf4b917bf768b94acbab6168": 135204972.0399999, "0xbc2c6cd5013585ac720160efcb1feced30837177": 82757878.80999999, "0x767c8bb1574bee5d4fe35e27e0003c89d43c5121": 69663830.5, "0x28e261390adaa654f29dbe268109baf06e9b4cc4": 67648225.18, "0x752e87b5f1397e171d5383cec3d4c51a8d3c114b": 66696583.54, "0x6b75d8af000000e20b7a7ddf000ba900b4009a80": 56775055.03999997, "0xe8c060f8052e07423f71d445277c61ac5138a2e5": 47718577.06999999, "0x000000000dfde7deaf24138722987c9a6991e2d4": 40401307.90999998, "0x000000000035b5e5ad9019092c665357240f594e": 36563368.330000006, "0x98c3d3183c4b8a650614ad179a1a98be0a8d6b8e": 30745416.770000003, "0xf06434725b19cbaab053cb0b28f33818dca8630f": 25611228.91, "0x00000000003b3cc22af3ae1eac0440bcee416b40": 22068462.95, "0x67fd18ffedb11f820e54b43d54fa756d74f6add7": 16019063.060000006, "0x5050e08626c499411b5d0e0b5af0e83d3fd82edf": 14187916.200000003, "0x00000000a991c429ee2ec6df19d40fe0c80088b8": 13266868.439999992, "0x812c1e2ce48c2672b81b7711275df545cdf53655": 13158371.96, "0x4a137fd5e7a256ef08a7de531a17d0be0cc7b6b6": 12762142.709999997, "0x375f6b0cd12b34dc28e34c26853a37012c24dde5": 12222533.66, "0xff62dfadca3b5643d0b283571fe154d886580c0c": 11729239.95, "0x429cf888dae41d589d57f6dc685707bec755fe63": 11623821.63000001, "0xc42a30747b529b314b0265646366ded801f63973": 10961303.24, "0x901996e18a3b15359a62ceb247647665fb8ade89": 9786290.400000004, "0xbb83b1b240220e82a0a4ba8a6c9e9b044b225e56": 9005915.84, "0xd249942f6d417cbfdcb792b1229353b66c790726": 8589325.880000003, "0x0000cd00001700b10049dfc947103e00e1c62683": 8086013.74, "0xfbeedcfe378866dab6abbafd8b2986f5c1768737": 8021223.959999996, "0x000000d40b595b94918a28b27d1e2c66f43a51d3": 7930550.280000004, "0xa80db00007020e013fa10d0560700c0018003b8b": 6561737.57, "0xa1b3c586731d74178803318db709ffaac442ead7": 5996533.29, "0x87870bca3f3fd6335c3f4ce8392d69350b4fa4e2": 5873012.04, "0x7cd1fe28fb9d4c861071958cfa0d9802a815439c": 5660530.43, "0x1cdcec6630c99863fb1307c812691bc688f3e92e": 5507384.789999999, "0xb3147f04db92a0e7b9c6766a7b9ad0942bd13fee": 5390636.46, "0xcb3702bc25b0f284b032e5edf1a1ebea2fe43255": 4972291.850000001, "0x81153f0889ab398c4acb42cb58b565a5392bba95": 4944082.61, "0x5571d62244423529a4bc3762fde757efeedcaa61": 4413303.249999999, "0x80d4230c0a68fc59cb264329d3a717fcaa472a13": 3974364.25, "0x493f461aead031cee2027f1b95370a692611acb9": 3931992.07, "0x2d2a7d56773ae7d5c7b9f1b57f7be05039447b4d": 3887409.2599999993, "0xa0b18cdf5f395d98c061b753d8dedb28c7aee450": 3779542.33, "0x1a6155ff9305f6e8a83f40736029b50078c187f0": 3690735.5799999996, "0x2684e2d55e30680186ca2d5f5393ac0fb808f011": 3662881.5100000002, "0x99b1817acb40e76c309e26b2face9da9eff55317": 3396628.4200000013, "0x24902aa0cf0000a08c0ea0b003b0c0bf600000e0": 3173316.5999999996, "0x6719c6ebf80d6499ca9ce170cda72beb3f1d1a54": 3159471.3100000033, "0xf54ac0316e845502bf64c4b2eb754945c36a5f33": 3144619.29, "0x00fc00900000002c00be4ef8f49c000211000c43": 3086087.6900000004, "0xe6ae75be7c9317af842b8f2c2cd6dc7f49f17184": 3024772.8400000003, "0xc5a87e6c6fb14daad332614d8b727bdf80d7c801": 2960244.9000000004, "0x0000000000590b74eb97457bf7b3ff6d63c6fde2": 2753789.0999999996, "0x9705b569ce3d1ddbe421c7b3b4e495445b096160": 2684364.58, "0x54802815f6ddb69711fbd206dc65680bf9dbcbe2": 2612144.63, "0x247b69f78d2a590bec1ac0a4a4066debe3fca2b8": 2563491.640000001, "0xeeaa83b2d581a3a790774d4dae7bf354fffe3376": 2507359.0500000003, "0x2f1d79860cf6ea3f4b3b734153b52815773c0638": 2486698.06, "0x1fb421310ceacd0afb2a429bbb4682e522b38ecb": 2392456.37, "0x13c6f604be370863a1eab3b2059dea1baaa071da": 2173966.400000001, "0x46e5a93a6c536f6a1052b7a646715915af14461e": 2096981, "0x4031a1d4e5a60e35df3edba7847a7a4829061935": 2064304.0, "0x75af425f2c1696f0583f70ffe5716a863ea7652c": 2023167.57, "0x1fc4b4bdf5162aa5e357041945c9333b2818adad": 1901101.6100000003, "0x030f11dcba56b8038c3c94f056ea68dc7668630e": 1900266.6499999997, "0x000000000005af2ddc1a93a03e9b7014064d3b8d": 1868685.3399999996, "0xe2b6601667f0a6bd9f68441e2e0b81e4fcfbb2eb": 1868025.3199999998, "0x507888e987257a8dde6f8afa46375cefe2cbf504": 1867274.1400000001, "0x605e35e88b2eba3ff084045d8eb8ae881c7e9dcb": 1809845.18, "0x6af49606d941cda32de1ee94397dc821ceb09dac": 1793806.97, "0x0d59d4e24731c7304baefd9360ec9669764be28a": 1787011.5300000003, "0x67defac35e2a3f8d9a37ffa989e1b3ed70d3262b": 1771917.99, "0x0eae044f00b0af300500f090ea00027097d03000": 1746837.1299999997, "0x9db7378614d8d9d7149c4ee4763f88c38f9b1517": 1720795.7400000005, "0xb0bababe78a9be0810fadf99dd2ed31ed12568be": 1660028.6999999997, "0xedfa6a2036f1cf4aabb8724491d5714376ff5fd6": 1530994.11, "0x49bc3cec1fb7978746f742a4e485d0d601831cea": 1502980.96, "0x767af52d988d1241a346851a1b39ccd11357376e": 1488842.0200000003, "0x775c559d9a48ce5a8444c1035c3a8921ab477b8e": 1488296.8599999999, "0xe2b8eb988735f7709d08b7d07b41460073904830": 1439134.8000000005, "0x4619b39706f6eca70d820b27df877fafaaa40f41": 1421176.8599999999, "0xe1ce310e3cb20073ff25b1a76faa7e032f41cf7c": 1326542.6300000004, "0x235c1fcd169a7e6ffca463f9c22d88beceeba62b": 1304648.1200000003, "0x80f2d2b2d778fdcb3f231a9ed403b6963676c869": 1262070.54, "0x8385c093657503aebd55bac4a9bb0df5d3528835": 1240097.0700000003, "0x8a23bcdaa0bde54b39cdb2daddf72ffe2e0c5ec4": 1230298.8900000001, "0xf3d73e0b269af04e856b83034b319f247e1e1c9f": 1228101.2000000002, "0x3aa228a80f50763045bdfc45012da124bd0a6809": 1119388.6700000002, "0xf88424cc0ffef9fd8456ca982cb5eaf872585a46": 1101503.55, "0x67e5dbe8b910b307adfee1c119c63f417101300b": 1057676.94, "0x0c3de458b51a11da7d4616f42f66c861e3859d3e": 1046778.9599999998, "0x54eeb92cf8ad49c2cb4dc8c9eb5dc9538836016b": 1034420.2800000001, "0x1c073d5045b1abb6924d5f0f8b2f667b1653a4c3": 1024309.81, "0x00f80000d3000095fe14f500c67b452d0004fa7b": 1014530.5000000001, "0xeaabd0e75e930f9f36b68be30202d47fd9b58b92": 982504.8600000001, "0xdc3bfcb3521cd02af66d394f817a0e6fe62ded95": 959622.1699999999, "0xdcd4c1343b22dbba8e763417456713a7b6946b93": 889742.62, "0x7b577a879665ef6ad344da61de7ec2371f6ff68f": 874009.3500000002, "0xc11ce44147c9f6149fbe54adb0588523c38718d7": 855258.8499999999, "0x0000000f9c4e004706afdca3b2f0c8f08838eb58": 852408.9700000001, "0x797a05dd6a8bfc1e1eaaa62e744d3aff197c46b1": 849157.3800000004, "0xc758d5718147c8c5bc440098d623cf8d96b95b83": 820629.0699999998, "0x770e2e68000065ac970382fe3af0d500bb00a200": 807282.3099999999, "0x000000e1fddf4fe15db5f23ae3ee83c6a11e8dd1": 783893.0099999999, "0xa0cdf33c150b936d0091969c694da3cfeae18446": 782147.7699999999, "0x1fdb319cc1be16ff75ef84e408b0bc1594dd4d3c": 777011.9100000003, "0x5519935e51fc403f6c69894e683f268c1883e938": 771630.47, "0xdb5889e35e379ef0498aae126fc2cce1fbd23216": 758049.2699999998, "0x02e7b8511831b1b02d9018215a0f8f500ea5c6b3": 752296.6800000002, "0x638574d80a0c6bde199c4dda94fb2b9366544cbc": 747644.29, "0xdb387e5f428d53102b7535819de26225e7502c80": 719141.68, "0x5550d13389bb70f45fcef58f19f6b6e87f6e747d": 713818.3099999998, "0x9ea3cda5c2adf0370454b9ee28786a068227b1a4": 705851.3399999999, "0x00004ec2008200e43b243a000590d4cd46360000": 700450.6499999998, "0x684f5c4c571f5a225646a060664a350772c97968": 686679.05, "0x8140cc5cea6b8a48a0d5d29e37fe95dc9bd6efb8": 668349.47, "0xcfd4176f7975c70f800d87aeaca316270521595a": 661012.1199999998, "0xcc2687c14915fd68226ccf388842515739a739bd": 655961.2000000003, "0x007933790a4f00000099e9001629d9fe7775b800": 646659.46, "0x757aedf57a578a7bd2d06486c91a2223bf11e241": 624293.53, "0x2b3b6d4c350a48d7f224242656aabb6fae3bc955": 624229.6799999998, "0x3f64bc83f10c4f11a2c7fbd9190949b1c8d54a43": 616660.11, "0x5c42b3edb5b8f18e9937b0835912968e82db8e76": 609149.33, "0xcac7f5ecc7ec8db67c08bf156e8a1e493966c7d3": 606472.24, "0x445947140f5e1b742439f6ee24a7690d077bbb89": 589137.2600000001, "0x3fa6fff7212d3fa4317cf1955fa690993d8ced70": 578474.4699999999, "0x350232f55a38254320c0200c216ac899f6808014": 568683.24, "0x53facee52e897740b140f5304e9cd9dc6238d735": 563887.4,