{"0xe8cfad4c75a5e1caf939fd80afcf837dde340a69": 1784071.02, "0xa69babef1ca67a37ffaf7a485dfff3382056e78c": 421215.7800000001, "0xbc2c6cd5013585ac720160efcb1feced30837177": 133494.21, "0x51c72848c68a965f66fa7a88855f9f7784502a7f": 119792.29, "0x767c8bb1574bee5d4fe35e27e0003c89d43c5121": 91149.3, "0x0000cd00001700b10049dfc947103e00e1c62683": 72365.54000000001, "0x000000000005af2ddc1a93a03e9b7014064d3b8d": 64622.02, "0x98c3d3183c4b8a650614ad179a1a98be0a8d6b8e": 55350.36, "0x6b75d8af000000e20b7a7ddf000ba900b4009a80": 50492.08, "0x000000000000be0ab658f92dddac29d6df19a3be": 35518.9, "0xe4000004000bd8006e00720000d27d1fa000d43e": 31959.09, "0x00000000a991c429ee2ec6df19d40fe0c80088b8": 25543.26, "0x000000000dfde7deaf24138722987c9a6991e2d4": 15232.52, "0x2f7c1f1460aed2594a9977c58fa31c465591b287": 14365.349999999999, "0x38f935e58ee761352aa40c30284c4a4ac6596dc9": 12332.6, "0xfbeedcfe378866dab6abbafd8b2986f5c1768737": 10442.8, "0x00004ec2008200e43b243a000590d4cd46360000": 9016.86, "0x43d037a562099a4c2c95b1e2120cc43054450629": 8540.75, "0x00f80000d3000095fe14f500c67b452d0004fa7b": 7349.74, "0x2d2a7d56773ae7d5c7b9f1b57f7be05039447b4d": 3882.0899999999997, "0x00000000003b3cc22af3ae1eac0440bcee416b40": 3739.19, "0x507888e987257a8dde6f8afa46375cefe2cbf504": 3670.06, "0x81153f0889ab398c4acb42cb58b565a5392bba95": 3143.11, "0x375f6b0cd12b34dc28e34c26853a37012c24dde5": 2992.09}