{"beaverbuildorg": {"0xe8cfad4c75a5e1caf939fd80afcf837dde340a69": 1275262.65, "0xa69babef1ca67a37ffaf7a485dfff3382056e78c": 421215.7800000001, "0x000000000005af2ddc1a93a03e9b7014064d3b8d": 64622.02, "0x767c8bb1574bee5d4fe35e27e0003c89d43c5121": 40045.91, "0x98c3d3183c4b8a650614ad179a1a98be0a8d6b8e": 29655.670000000002, "0x6b75d8af000000e20b7a7ddf000ba900b4009a80": 21260.2, "0x2f7c1f1460aed2594a9977c58fa31c465591b287": 14365.349999999999, "0x38f935e58ee761352aa40c30284c4a4ac6596dc9": 5902.05, "0x0000cd00001700b10049dfc947103e00e1c62683": 5828.98, "0x00000000003b3cc22af3ae1eac0440bcee416b40": 3739.19, "0x00000000a991c429ee2ec6df19d40fe0c80088b8": 2992.85, "0x507888e987257a8dde6f8afa46375cefe2cbf504": 330.32}, "AssembleddelicatelybyBeelder": {"0xe8cfad4c75a5e1caf939fd80afcf837dde340a69": 360756.16000000003, "0x2d2a7d56773ae7d5c7b9f1b57f7be05039447b4d": 1560.83, "0x81153f0889ab398c4acb42cb58b565a5392bba95": 1261.22}, "rsyncbuilderxyz": {"0xe8cfad4c75a5e1caf939fd80afcf837dde340a69": 148052.21, "0x51c72848c68a965f66fa7a88855f9f7784502a7f": 119792.29, "0xfbeedcfe378866dab6abbafd8b2986f5c1768737": 10442.8, "0x00004ec2008200e43b243a000590d4cd46360000": 9016.86, "0x00f80000d3000095fe14f500c67b452d0004fa7b": 7349.74, "0x00000000a991c429ee2ec6df19d40fe0c80088b8": 4608.94, "0x98c3d3183c4b8a650614ad179a1a98be0a8d6b8e": 3829.51}, "Titantitanbuilderxyz": {"0xbc2c6cd5013585ac720160efcb1feced30837177": 133494.21, "0x0000cd00001700b10049dfc947103e00e1c62683": 58902.87, "0x000000000000be0ab658f92dddac29d6df19a3be": 35518.9, "0x98c3d3183c4b8a650614ad179a1a98be0a8d6b8e": 19517.73, "0x00000000a991c429ee2ec6df19d40fe0c80088b8": 6851.02, "0x6b75d8af000000e20b7a7ddf000ba900b4009a80": 5156.32, "0x375f6b0cd12b34dc28e34c26853a37012c24dde5": 2992.09, "0x81153f0889ab398c4acb42cb58b565a5392bba95": 1881.89, "0x38f935e58ee761352aa40c30284c4a4ac6596dc9": 505.96}, "BuildAIhttpsbuildainet": {"0x767c8bb1574bee5d4fe35e27e0003c89d43c5121": 51103.39}, "rsyncbuilder": {"0xe4000004000bd8006e00720000d27d1fa000d43e": 31959.09, "0x00000000a991c429ee2ec6df19d40fe0c80088b8": 11090.45, "0x6b75d8af000000e20b7a7ddf000ba900b4009a80": 3777.55}, "IlluminateDmocratizeDstribute": {"0x6b75d8af000000e20b7a7ddf000ba900b4009a80": 18064.7, "0x000000000dfde7deaf24138722987c9a6991e2d4": 15232.52}, "builder0x69": {"0x0000cd00001700b10049dfc947103e00e1c62683": 7633.69, "0x38f935e58ee761352aa40c30284c4a4ac6596dc9": 5924.59, "0x98c3d3183c4b8a650614ad179a1a98be0a8d6b8e": 2347.45, "0x2d2a7d56773ae7d5c7b9f1b57f7be05039447b4d": 2321.2599999999998}, "vanilla_builder": {"0x43d037a562099a4c2c95b1e2120cc43054450629": 8540.75}, "MadeonthemoonbyBlocknative": {"0x507888e987257a8dde6f8afa46375cefe2cbf504": 3339.74, "0x6b75d8af000000e20b7a7ddf000ba900b4009a80": 595.81}, "bybuilder0x69": {"0x6b75d8af000000e20b7a7ddf000ba900b4009a80": 991.06}, "GambitLabshttpsgmbitco": {"0x6b75d8af000000e20b7a7ddf000ba900b4009a80": 646.44}}