{"0x51c72848c68a965f66fa7a88855f9f7784502a7f": 595149526.4699986, "0xe8cfad4c75a5e1caf939fd80afcf837dde340a69": 443136673.75999975, "0x6f1cdbbb4d53d226cf4b917bf768b94acbab6168": 149773691.95999995, "0xd7f3fbe8c72a961a5515203eada59750437fa762": 140983434.39000002, "0xbc2c6cd5013585ac720160efcb1feced30837177": 86290647.35, "0x767c8bb1574bee5d4fe35e27e0003c89d43c5121": 69972969.81, "0x752e87b5f1397e171d5383cec3d4c51a8d3c114b": 68609382.31, "0x28e261390adaa654f29dbe268109baf06e9b4cc4": 61563558.09000002, "0x6b75d8af000000e20b7a7ddf000ba900b4009a80": 55758527.740000054, "0xe8c060f8052e07423f71d445277c61ac5138a2e5": 44642573.569999985, "0x000000000dfde7deaf24138722987c9a6991e2d4": 35372009.37000003, "0x98c3d3183c4b8a650614ad179a1a98be0a8d6b8e": 32771335.36999999, "0xf06434725b19cbaab053cb0b28f33818dca8630f": 25463887.37000001, "0x5050e08626c499411b5d0e0b5af0e83d3fd82edf": 23931161.090000004, "0x00000000003b3cc22af3ae1eac0440bcee416b40": 20221943.600000005, "0x67fd18ffedb11f820e54b43d54fa756d74f6add7": 19247964.96000001, "0x000000000035b5e5ad9019092c665357240f594e": 17329230.95, "0x812c1e2ce48c2672b81b7711275df545cdf53655": 12877962.29, "0x00000000a991c429ee2ec6df19d40fe0c80088b8": 12849908.739999996, "0x4a137fd5e7a256ef08a7de531a17d0be0cc7b6b6": 12556856.100000001, "0x375f6b0cd12b34dc28e34c26853a37012c24dde5": 12222533.66, "0x429cf888dae41d589d57f6dc685707bec755fe63": 11220860.29000001, "0xc42a30747b529b314b0265646366ded801f63973": 10961303.24, "0xff62dfadca3b5643d0b283571fe154d886580c0c": 10816601.07, "0xbb83b1b240220e82a0a4ba8a6c9e9b044b225e56": 9005915.84, "0x000000d40b595b94918a28b27d1e2c66f43a51d3": 8547251.32, "0x901996e18a3b15359a62ceb247647665fb8ade89": 8510904.8, "0xfbeedcfe378866dab6abbafd8b2986f5c1768737": 8401818.129999995, "0xd249942f6d417cbfdcb792b1229353b66c790726": 8368169.419999999, "0x0000cd00001700b10049dfc947103e00e1c62683": 8349460.19, "0x7cd1fe28fb9d4c861071958cfa0d9802a815439c": 6273284.72, "0x87870bca3f3fd6335c3f4ce8392d69350b4fa4e2": 6203129.919999999, "0xeaabd0e75e930f9f36b68be30202d47fd9b58b92": 5704632.800000001, "0xa80db00007020e013fa10d0560700c0018003b8b": 5628768.879999998, "0xa1b3c586731d74178803318db709ffaac442ead7": 5414657.21, "0xb3147f04db92a0e7b9c6766a7b9ad0942bd13fee": 5390636.46, "0xcb3702bc25b0f284b032e5edf1a1ebea2fe43255": 5035720.300000001, "0x5571d62244423529a4bc3762fde757efeedcaa61": 4892883.999999999, "0x81153f0889ab398c4acb42cb58b565a5392bba95": 4669740.480000003, "0x1cdcec6630c99863fb1307c812691bc688f3e92e": 4616690.579999999, "0x493f461aead031cee2027f1b95370a692611acb9": 3729401.69, "0x2d2a7d56773ae7d5c7b9f1b57f7be05039447b4d": 3662977.79, "0x00fc00900000002c00be4ef8f49c000211000c43": 3648859.1, "0x2684e2d55e30680186ca2d5f5393ac0fb808f011": 3572729.56, "0x99b1817acb40e76c309e26b2face9da9eff55317": 3565313.6500000004, "0x80d4230c0a68fc59cb264329d3a717fcaa472a13": 3485429.18, "0x1a6155ff9305f6e8a83f40736029b50078c187f0": 3479127.1199999987, "0xa0b18cdf5f395d98c061b753d8dedb28c7aee450": 3473652.55, "0x6719c6ebf80d6499ca9ce170cda72beb3f1d1a54": 3282859.470000001, "0x24902aa0cf0000a08c0ea0b003b0c0bf600000e0": 3180898.7800000007, "0xe6ae75be7c9317af842b8f2c2cd6dc7f49f17184": 3155064.1199999996, "0xf54ac0316e845502bf64c4b2eb754945c36a5f33": 3144619.29, "0xc5a87e6c6fb14daad332614d8b727bdf80d7c801": 3070505.78, "0x247b69f78d2a590bec1ac0a4a4066debe3fca2b8": 2758458.930000001, "0x0000000000590b74eb97457bf7b3ff6d63c6fde2": 2753789.0999999996, "0x9705b569ce3d1ddbe421c7b3b4e495445b096160": 2684364.58, "0xe2b6601667f0a6bd9f68441e2e0b81e4fcfbb2eb": 2536590.5999999996, "0xeeaa83b2d581a3a790774d4dae7bf354fffe3376": 2507359.0500000003, "0x2f1d79860cf6ea3f4b3b734153b52815773c0638": 2460793.48, "0x1fb421310ceacd0afb2a429bbb4682e522b38ecb": 2374988.289999999, "0x030f11dcba56b8038c3c94f056ea68dc7668630e": 2285531.7299999995, "0x507888e987257a8dde6f8afa46375cefe2cbf504": 2140063.9499999993, "0x46e5a93a6c536f6a1052b7a646715915af14461e": 2096981, "0x1fc4b4bdf5162aa5e357041945c9333b2818adad": 2078880.4600000002, "0x4031a1d4e5a60e35df3edba7847a7a4829061935": 2064304.0, "0x000000000005af2ddc1a93a03e9b7014064d3b8d": 2053695.0600000003, "0x75af425f2c1696f0583f70ffe5716a863ea7652c": 2034699.1500000001, "0xedfa6a2036f1cf4aabb8724491d5714376ff5fd6": 1894845.4900000005, "0x6af49606d941cda32de1ee94397dc821ceb09dac": 1836190.83, "0x605e35e88b2eba3ff084045d8eb8ae881c7e9dcb": 1794855.23, "0x67defac35e2a3f8d9a37ffa989e1b3ed70d3262b": 1771917.99, "0x0eae044f00b0af300500f090ea00027097d03000": 1742373.4699999997, "0x9db7378614d8d9d7149c4ee4763f88c38f9b1517": 1661317.36, "0xb0bababe78a9be0810fadf99dd2ed31ed12568be": 1608182.9700000004, "0x49bc3cec1fb7978746f742a4e485d0d601831cea": 1502711.4999999998, "0x775c559d9a48ce5a8444c1035c3a8921ab477b8e": 1488806.41, "0x767af52d988d1241a346851a1b39ccd11357376e": 1441213.65, "0x235c1fcd169a7e6ffca463f9c22d88beceeba62b": 1426543.0, "0x1c073d5045b1abb6924d5f0f8b2f667b1653a4c3": 1391429.53, "0xe1ce310e3cb20073ff25b1a76faa7e032f41cf7c": 1318989.3800000006, "0x5550d13389bb70f45fcef58f19f6b6e87f6e747d": 1311201.3699999999, "0x8a23bcdaa0bde54b39cdb2daddf72ffe2e0c5ec4": 1276137.2300000002, "0xe2b8eb988735f7709d08b7d07b41460073904830": 1262579.94, "0x80f2d2b2d778fdcb3f231a9ed403b6963676c869": 1262070.54, "0xf3d73e0b269af04e856b83034b319f247e1e1c9f": 1259883.4800000002, "0x8385c093657503aebd55bac4a9bb0df5d3528835": 1253851.4599999997, "0xfaceacade1064a5d8daecdc9e68a4c3ea3e759e7": 1196708.52, "0x00f80000d3000095fe14f500c67b452d0004fa7b": 1099141.8999999997, "0x7b577a879665ef6ad344da61de7ec2371f6ff68f": 1067076.78, "0x54eeb92cf8ad49c2cb4dc8c9eb5dc9538836016b": 1033921.53, "0x0c3de458b51a11da7d4616f42f66c861e3859d3e": 1007734.8200000001, "0x01d1f55d94a53a9517c07f793f35320faa0d2dcf": 997582.63, "0x6bad92579b46123538f766dcb72cf72553957de3": 991313.9500000001, "0xdc3bfcb3521cd02af66d394f817a0e6fe62ded95": 980907.4799999999, "0x4619b39706f6eca70d820b27df877fafaaa40f41": 979131.6500000001, "0x13c6f604be370863a1eab3b2059dea1baaa071da": 948393.9900000001, "0xf88424cc0ffef9fd8456ca982cb5eaf872585a46": 932202.78, "0xdb5889e35e379ef0498aae126fc2cce1fbd23216": 893040.6400000001, "0xdcd4c1343b22dbba8e763417456713a7b6946b93": 889742.62, "0x67e5dbe8b910b307adfee1c119c63f417101300b": 860068.1900000001, "0xa0cdf33c150b936d0091969c694da3cfeae18446": 857722.5599999998, "0x5519935e51fc403f6c69894e683f268c1883e938": 827797.3900000001, "0xdb387e5f428d53102b7535819de26225e7502c80": 781390.5800000001, "0x00004ec2008200e43b243a000590d4cd46360000": 760959.1899999998, "0x797a05dd6a8bfc1e1eaaa62e744d3aff197c46b1": 747989.2900000002, "0xc758d5718147c8c5bc440098d623cf8d96b95b83": 747767.82, "0x638574d80a0c6bde199c4dda94fb2b9366544cbc": 747644.29, "0x1fdb319cc1be16ff75ef84e408b0bc1594dd4d3c": 729857.5700000002, "0x770e2e68000065ac970382fe3af0d500bb00a200": 718620.5800000001, "0xc11ce44147c9f6149fbe54adb0588523c38718d7": 711981.3099999998, "0x000000e1fddf4fe15db5f23ae3ee83c6a11e8dd1": 691914.94, "0x8140cc5cea6b8a48a0d5d29e37fe95dc9bd6efb8": 668349.47, "0xcc2687c14915fd68226ccf388842515739a739bd": 666922.66, "0x0eb71d7e2354cb536ec1f49b6a55673ae05e6cbc": 660445.5700000001, "0x007933790a4f00000099e9001629d9fe7775b800": 655256.4199999999, "0xcac7f5ecc7ec8db67c08bf156e8a1e493966c7d3": 653423.3099999999, "0x0000000f9c4e004706afdca3b2f0c8f08838eb58": 649420.1699999999, "0x2b3b6d4c350a48d7f224242656aabb6fae3bc955": 639472.33, "0x9ea3cda5c2adf0370454b9ee28786a068227b1a4": 638054.9899999999, "0x757aedf57a578a7bd2d06486c91a2223bf11e241": 624293.53, "0x3f64bc83f10c4f11a2c7fbd9190949b1c8d54a43": 616660.11, "0x5c42b3edb5b8f18e9937b0835912968e82db8e76": 609149.33, "0x68986fda8bc0edd7c819c55c338f4d0473cb79d8": 602812.56, "0x0d59d4e24731c7304baefd9360ec9669764be28a": 576014.15, "0xcfd4176f7975c70f800d87aeaca316270521595a": 562449.8, "0x53facee52e897740b140f5304e9cd9dc6238d735": 559007.48, "0x8ff38490746d83ab285c0ee08c3bd5098949b39c": 558989.6, "0x445947140f5e1b742439f6ee24a7690d077bbb89": 556004.22, "0x3fa6fff7212d3fa4317cf1955fa690993d8ced70": 536245.53,