{"0xe8cfad4c75a5e1caf939fd80afcf837dde340a69": 10428396.469999999, "0x51c72848c68a965f66fa7a88855f9f7784502a7f": 5424938.209999997, "0xa69babef1ca67a37ffaf7a485dfff3382056e78c": 3548222.4999999977, "0xeaabd0e75e930f9f36b68be30202d47fd9b58b92": 2862847.41, "0x6f1cdbbb4d53d226cf4b917bf768b94acbab6168": 2174472.6799999997, "0x6b75d8af000000e20b7a7ddf000ba900b4009a80": 1659187.8800000004, "0xbc2c6cd5013585ac720160efcb1feced30837177": 1495857.67, "0xd7f3fbe8c72a961a5515203eada59750437fa762": 1301211.54, "0xe8c060f8052e07423f71d445277c61ac5138a2e5": 1278146.1800000002, "0x5e51328c0583094b76f28cfd532abc3d454fcfea": 869225.88, "0x767c8bb1574bee5d4fe35e27e0003c89d43c5121": 634659.75, "0x0000cd00001700b10049dfc947103e00e1c62683": 601155.65, "0x000000d40b595b94918a28b27d1e2c66f43a51d3": 411220.0800000001, "0x00000000a991c429ee2ec6df19d40fe0c80088b8": 308405.54, "0x80d4230c0a68fc59cb264329d3a717fcaa472a13": 300784.37, "0x493f461aead031cee2027f1b95370a692611acb9": 288810.9, "0xf06434725b19cbaab053cb0b28f33818dca8630f": 286890.05, "0xfbeedcfe378866dab6abbafd8b2986f5c1768737": 263179.14, "0x2d2a7d56773ae7d5c7b9f1b57f7be05039447b4d": 253122.63000000003, "0xff62dfadca3b5643d0b283571fe154d886580c0c": 234951.02, "0x0fe08d911246566fdfd4afe0181a21ab810ee1c2": 198256.15, "0x98c3d3183c4b8a650614ad179a1a98be0a8d6b8e": 158458.49000000002, "0xa80db00007020e013fa10d0560700c0018003b8b": 144919.52, "0x000000000005af2ddc1a93a03e9b7014064d3b8d": 121665.22999999998, "0xd249942f6d417cbfdcb792b1229353b66c790726": 121313.94, "0x99b1817acb40e76c309e26b2face9da9eff55317": 121171.65000000001, "0xf88424cc0ffef9fd8456ca982cb5eaf872585a46": 118768.69, "0xe08beb8c48e71fd08560db2fbaaa0701b187c7a7": 108135.57, "0x5050e08626c499411b5d0e0b5af0e83d3fd82edf": 108101.26, "0x4a137fd5e7a256ef08a7de531a17d0be0cc7b6b6": 104277.5, "0xf3d73e0b269af04e856b83034b319f247e1e1c9f": 91634.63, "0xf1645de0e8a40e99ebdfd0d03b0a1f5dab6a9976": 86108.41, "0x67f84c66683433e12485c7bbc83ff3895538fb4a": 78033.37000000001, "0xcac7f5ecc7ec8db67c08bf156e8a1e493966c7d3": 77632.87, "0xcb3702bc25b0f284b032e5edf1a1ebea2fe43255": 74970.53, "0x775c559d9a48ce5a8444c1035c3a8921ab477b8e": 60566.100000000006, "0x00fc00900000002c00be4ef8f49c000211000c43": 58118.96000000001, "0xa0b18cdf5f395d98c061b753d8dedb28c7aee450": 55975.15, "0x81153f0889ab398c4acb42cb58b565a5392bba95": 51169.09, "0x507888e987257a8dde6f8afa46375cefe2cbf504": 50270.02, "0x7c43911c9e5d1bfa28844ff6728e7f9696e554d8": 49833.1, "0x1fb421310ceacd0afb2a429bbb4682e522b38ecb": 43396.81, "0x7b577a879665ef6ad344da61de7ec2371f6ff68f": 40488.38, "0xa46fd59672434d1917972f1469565baeb57ed204": 39977.56, "0x429cf888dae41d589d57f6dc685707bec755fe63": 39223.64, "0xc758d5718147c8c5bc440098d623cf8d96b95b83": 38498.20000000001, "0xc5a87e6c6fb14daad332614d8b727bdf80d7c801": 37626.15, "0x6719c6ebf80d6499ca9ce170cda72beb3f1d1a54": 37210.33, "0x015981bfb30f5455619a64963df2e2f8e1a21cc7": 35330.079999999994, "0x767af52d988d1241a346851a1b39ccd11357376e": 33227.74, "0x2684e2d55e30680186ca2d5f5393ac0fb808f011": 30984.88, "0x00f80000d3000095fe14f500c67b452d0004fa7b": 29389.18, "0x0000a42df58060230d7f1aefe47da338078244e8": 28452.11, "0xb0bababe78a9be0810fadf99dd2ed31ed12568be": 25789.43, "0x7c28e0977f72c5d08d5e1ac7d52a34db378282b3": 21983.24, "0x007933790a4f00000099e9001629d9fe7775b800": 20561.49, "0x000000e1fddf4fe15db5f23ae3ee83c6a11e8dd1": 19616.67, "0x0000000000c2f3017e5af636ea91bd68ec3888ed": 18643.13, "0x0c3de458b51a11da7d4616f42f66c861e3859d3e": 18425.27, "0xe1ce310e3cb20073ff25b1a76faa7e032f41cf7c": 18328.12, "0x000000000dfde7deaf24138722987c9a6991e2d4": 18040.06, "0xe20cd9377c204a27952f8b41075f0b8bd1ceec3d": 17487.91, "0xcc2687c14915fd68226ccf388842515739a739bd": 17410.38, "0x06bde8200803fec9b6de8b968cffc270b30ffdb8": 16772.27, "0x00000000003b3cc22af3ae1eac0440bcee416b40": 16679.26, "0x8385c093657503aebd55bac4a9bb0df5d3528835": 15250.379999999997, "0x6a8aeb3f8509c188775f65fd1e9eb5dd10abb8db": 14575.73, "0x247b69f78d2a590bec1ac0a4a4066debe3fca2b8": 14489.8, "0xc7dab6742619707440f44ae3b23768a18067c665": 14016.46, "0x08a61c799e05f983803f33696f5654a49e166d19": 13202.7, "0xe6ae75be7c9317af842b8f2c2cd6dc7f49f17184": 12309.18, "0x24902aa0cf0000a08c0ea0b003b0c0bf600000e0": 12258.320000000002}