{"0xa69babef1ca67a37ffaf7a485dfff3382056e78c": 2318808780.320013, "0xe8cfad4c75a5e1caf939fd80afcf837dde340a69": 2128109992.129999, "0x9507c04b10486547584c37bcbd931b2a4fee9a41": 1078814192.7099998, "0xd7f3fbe8c72a961a5515203eada59750437fa762": 1043830213.8499997, "0x28e261390adaa654f29dbe268109baf06e9b4cc4": 483094303.62000006, "0x000000000dfde7deaf24138722987c9a6991e2d4": 341335378.3600001, "0x6b75d8af000000e20b7a7ddf000ba900b4009a80": 333658059.34000045, "0x767c8bb1574bee5d4fe35e27e0003c89d43c5121": 262380786.34000015, "0xe8c060f8052e07423f71d445277c61ac5138a2e5": 219847390.33999997, "0x2d2a7d56773ae7d5c7b9f1b57f7be05039447b4d": 217512053.58999902, "0x053f661abf26d086194540f20f312e0d90a61302": 197387739.77000004, "0x6f1cdbbb4d53d226cf4b917bf768b94acbab6168": 185051014.9499999, "0x98c3d3183c4b8a650614ad179a1a98be0a8d6b8e": 155061404.1800002, "0xbfef411d9ae30c5b471d529c838f1abb7b65d67f": 136397641.01999998, "0x0773edc0438b2ef18fc535b21d0ac77912c308c0": 135078832.32, "0xbc2c6cd5013585ac720160efcb1feced30837177": 130288709.38000004, "0x4a137fd5e7a256ef08a7de531a17d0be0cc7b6b6": 117558329.52000001, "0x812c1e2ce48c2672b81b7711275df545cdf53655": 112246420.5, "0x000000000035b5e5ad9019092c665357240f594e": 108299551.56000002, "0x00000000003b3cc22af3ae1eac0440bcee416b40": 102086718.41999999, "0xff62dfadca3b5643d0b283571fe154d886580c0c": 90569545.17999999, "0xeaabd0e75e930f9f36b68be30202d47fd9b58b92": 78096192.62, "0x1124e98c355b4893e1e6903c65dd0ea6ee7d076b": 64723872.379999995, "0x9705b569ce3d1ddbe421c7b3b4e495445b096160": 60252095.31, "0x0000cd00001700b10049dfc947103e00e1c62683": 56676778.17000001, "0x593ac83229d3099c57cc721540c4d535a7fbbfd6": 54525344.280000016, "0xa21a2b59d80dc42d332f778cbb9ea127100e5d75": 49993361.84, "0x00000000a991c429ee2ec6df19d40fe0c80088b8": 46052070.09000001, "0xd1ba45a0d2370cc04b00e95fc820ff4014150260": 43762320.949999996, "0x73d4679f03b29b96e14d8b699ca5f48d43777f39": 41874305.34, "0x1c073d5045b1abb6924d5f0f8b2f667b1653a4c3": 40778571.92, "0x0000000000590b74eb97457bf7b3ff6d63c6fde2": 38783033.190000005, "0xb3147f04db92a0e7b9c6766a7b9ad0942bd13fee": 38090753.93, "0x87870bca3f3fd6335c3f4ce8392d69350b4fa4e2": 32840430.72, "0x75823f8b0ec5d3d0fe39c1c99e3d88d647f3b2db": 32775306.010000005, "0x752e87b5f1397e171d5383cec3d4c51a8d3c114b": 30509229.000000004, "0xd249942f6d417cbfdcb792b1229353b66c790726": 30100110.059999995, "0xfbeedcfe378866dab6abbafd8b2986f5c1768737": 29708005.049999997, "0x000000d40b595b94918a28b27d1e2c66f43a51d3": 29184446.100000005, "0xf06434725b19cbaab053cb0b28f33818dca8630f": 28833115.41, "0x5050e08626c499411b5d0e0b5af0e83d3fd82edf": 26190440.97999998, "0x99999999d116ffa7d76590de2f427d8e15aeb0b8": 25094395.54999999, "0x81153f0889ab398c4acb42cb58b565a5392bba95": 24164614.07, "0xff08893cfbb38cd75bcfcc7540ef41b08e0135b9": 23713161.21, "0x2f1d79860cf6ea3f4b3b734153b52815773c0638": 23085111.79, "0xcb3702bc25b0f284b032e5edf1a1ebea2fe43255": 22939213.27, "0x638574d80a0c6bde199c4dda94fb2b9366544cbc": 22638049.61, "0x6a5ef39f58c80e42642b9210bf74f20666a2e6b6": 21201541.009999998, "0xf54ac0316e845502bf64c4b2eb754945c36a5f33": 20815636.82, "0x507888e987257a8dde6f8afa46375cefe2cbf504": 20016089.430000007, "0x4619b39706f6eca70d820b27df877fafaaa40f41": 17939205.319999997, "0xf88424cc0ffef9fd8456ca982cb5eaf872585a46": 17643018.25, "0x966d8c1f61bae657d577077abfbd7d896c09e242": 17489454.65, "0x247b69f78d2a590bec1ac0a4a4066debe3fca2b8": 17182887.150000006, "0x000000000005af2ddc1a93a03e9b7014064d3b8d": 17093486.209999997, "0xbf901f52aef5bb098f6f7918e1fa0c639720f409": 17082116.81, "0xe08beb8c48e71fd08560db2fbaaa0701b187c7a7": 16538714.429999998, "0xcb1b068cb3937feaa2106d430af49681982626bc": 16028342.559999999, "0xf249cec5882bf45c028550de230aeb1a8f905597": 15998427.219999991, "0x7f636f161d3151cbf393ae823b2834e95538fe54": 13940606.330000004, "0xc7dab6742619707440f44ae3b23768a18067c665": 13708955.050000003, "0x0000000000a84d1a9b0063a910315c7ffa9cd248": 12412775.809999999, "0x24902aa0cf0000a08c0ea0b003b0c0bf600000e0": 12370182.650000002, "0x901996e18a3b15359a62ceb247647665fb8ade89": 11938405.48, "0xdb46ac1b9b2cd2e4a452b991dc5417261e87b60c": 11437109.94, "0x5093013aaaee47c868fa3c317fe7840a3d8f8804": 11395692.570000002, "0x329e0e39d814d4ee6b45afa660b8a2f5fb23c298": 11193310.200000003, "0x64a53b849072a4d778cec579396e279f299b0bec": 11099891.530000001, "0x605e35e88b2eba3ff084045d8eb8ae881c7e9dcb": 10654944.489999998, "0xbb3520096b00071a25af2add99d1bc1391ae922b": 10278797.750000002, "0xb0bababe78a9be0810fadf99dd2ed31ed12568be": 10272043.989999987, "0x903d6f3f62224c0c67c4eafb41cbf515c08eeeb4": 10190031.379999999, "0xc758d5718147c8c5bc440098d623cf8d96b95b83": 10124078.140000004, "0x37da6eea6b28d05fd289d6283e3d6c0edff19daf": 9347562.64, "0x5e51328c0583094b76f28cfd532abc3d454fcfea": 9223491.109999996, "0x1fb421310ceacd0afb2a429bbb4682e522b38ecb": 8962740.010000007, "0x9db7378614d8d9d7149c4ee4763f88c38f9b1517": 8894196.44, "0x767af52d988d1241a346851a1b39ccd11357376e": 8893142.09, "0xe27baebd7b14602de3797974db9f5f4f8dcb6679": 7877451.13, "0x59eb354d7705abd7564ca74eb10e74fe0337d508": 7588548.100000001, "0xa80db00007020e013fa10d0560700c0018003b8b": 7440712.09, "0x00004ec2008200e43b243a000590d4cd46360000": 7415570.580000001, "0xfd0000000100069ad1670066004306009b487ad7": 7389662.410000001, "0x99b1817acb40e76c309e26b2face9da9eff55317": 7100690.269999999, "0xfe141c32e36ba7601d128f0c39dedbe0f6abb983": 7069633.46, "0xa0cdf33c150b936d0091969c694da3cfeae18446": 6962000.289999999, "0x007933790a4f00000099e9001629d9fe7775b800": 6910799.900000001, "0x3368c3e320140890427d60936b11d3a49485120a": 6842114.139999999, "0x770e2e68000065ac970382fe3af0d500bb00a200": 6745022.640000002, "0x585c3d4da9b533c7e3df8ac7356c882859298cee": 6720629.610000002, "0x72146a3ead3a256e8a2189e3cedc0b7bd61991ed": 6649246.39, "0xeeaa83b2d581a3a790774d4dae7bf354fffe3376": 6389650.33, "0x8011d6c888214b3aea276a6d9d893578d8b25b03": 6379145.219999999, "0x93ffb15d1fa91e0c320d058f00ee97f9e3c50096": 6254808.039999999, "0x0000000f9c4e004706afdca3b2f0c8f08838eb58": 6223600.989999997, "0x73b59d25f472c8302f74651593b209b01eaa971a": 5998216.279999999, "0x6af49606d941cda32de1ee94397dc821ceb09dac": 5996493.3, "0x1da05bce1edd2369cddcb35e747859ef6a675010": 5990699.800000001, "0x8385c093657503aebd55bac4a9bb0df5d3528835": 5879632.460000006, "0xe2b8eb988735f7709d08b7d07b41460073904830": 5878267.189999999, "0x83e1d994dbc9c0868cd83c7b8c4db2bd2341cb1e": 5690223.52, "0x6719c6ebf80d6499ca9ce170cda72beb3f1d1a54": 5655443.800000003, "0x80aca0c645fedabaa20fd2bf0daf57885a309fe6": 5654586.259999999, "0x7b577a879665ef6ad344da61de7ec2371f6ff68f": 5585603.640000002, "0x1cdcec6630c99863fb1307c812691bc688f3e92e": 5216570.7299999995, "0x000000e1fddf4fe15db5f23ae3ee83c6a11e8dd1": 5206864.000000001, "0xc1c5ee0c9d48cdffd61d51f782f59acc32861769": 5140839.24, "0x775c559d9a48ce5a8444c1035c3a8921ab477b8e": 5032063.0200000005, "0x000000000000be0ab658f92dddac29d6df19a3be": 4922058.899999999, "0x12b6eba545e4a9666cb7a77d1da25df9ffb172f3": 4780323.600000001, "0x429cf888dae41d589d57f6dc685707bec755fe63": 4766656.129999999, "0xa5b411aaeb798d99f107932689a5eece4d72a2ec": 4579598.390000006, "0x8a23bcdaa0bde54b39cdb2daddf72ffe2e0c5ec4": 4484815.11, "0xc4b3fadbfbb49a8ab2621ad0078ca447690aed26": 4336852.710000001, "0x2b3b6d4c350a48d7f224242656aabb6fae3bc955": 4279362.359999999, "0x8f95f14b0013a8eda8e21f2c0b9fba2d34057491": 4275097.359999999, "0x9dd864d39fbfdf7648402746263e451cd4f36af0": 4268747.12, "0x0c3de458b51a11da7d4616f42f66c861e3859d3e": 4265962.79, "0x797a05dd6a8bfc1e1eaaa62e744d3aff197c46b1": 4239890.049999998, "0xf332720d9daded8da18740851dc38b84d0d74742": 4223466.73, "0x1fdb319cc1be16ff75ef84e408b0bc1594dd4d3c": 4086065.159999999, "0x54eeb92cf8ad49c2cb4dc8c9eb5dc9538836016b": 4027251.4100000006, "0x6a8aeb3f8509c188775f65fd1e9eb5dd10abb8db": 4024837.8100000005, "0xa976ea51b9ba3232706af125a92e32788dc08ddc": 3897469.6999999997, "0x7c43911c9e5d1bfa28844ff6728e7f9696e554d8": 3772385.69, "0x3058ae131a717b69cc4d0d19238b76b1a3b57942": 3648832.8499999996,