{"0x51c72848c68a965f66fa7a88855f9f7784502a7f": 841517048.9399961, "0xa69babef1ca67a37ffaf7a485dfff3382056e78c": 417451219.13000023, "0xe8cfad4c75a5e1caf939fd80afcf837dde340a69": 318124993.64000034, "0xd7f3fbe8c72a961a5515203eada59750437fa762": 196062194.9200001, "0x28e261390adaa654f29dbe268109baf06e9b4cc4": 124752180.14999999, "0x5050e08626c499411b5d0e0b5af0e83d3fd82edf": 100452258.85000022, "0x6f1cdbbb4d53d226cf4b917bf768b94acbab6168": 92103413.94000003, "0x767c8bb1574bee5d4fe35e27e0003c89d43c5121": 83104742.86999997, "0xbc2c6cd5013585ac720160efcb1feced30837177": 75820538.21, "0xaafb85ad4a412dd8adc49611496a7695a22f4aeb": 49356229.769999996, "0x98c3d3183c4b8a650614ad179a1a98be0a8d6b8e": 29528090.449999984, "0x95c0c8a41caaa33f22ff042dc4279ed2b4e74041": 27298844.52, "0x67fd18ffedb11f820e54b43d54fa756d74f6add7": 25802633.25, "0x000000000dfde7deaf24138722987c9a6991e2d4": 22613109.459999997, "0xf06434725b19cbaab053cb0b28f33818dca8630f": 20847510.310000002, "0x901996e18a3b15359a62ceb247647665fb8ade89": 19775858.389999993, "0x87870bca3f3fd6335c3f4ce8392d69350b4fa4e2": 17969513.56, "0xba3f5c056500ce033e9d74494b820d495efcf19d": 15515431.289999995, "0x9705b569ce3d1ddbe421c7b3b4e495445b096160": 13232288.079999998, "0xbb83b1b240220e82a0a4ba8a6c9e9b044b225e56": 12435478.710000003, "0x70c66f3ce5a5387a70e2773d054eff572525c6f4": 11562659.6, "0x4a137fd5e7a256ef08a7de531a17d0be0cc7b6b6": 9496671.06, "0xf0d4c12a5768d806021f80a262b4d39d26c58b8d": 8721708.450000001, "0x5550d13389bb70f45fcef58f19f6b6e87f6e747d": 7750164.249999995, "0xfbeedcfe378866dab6abbafd8b2986f5c1768737": 6682365.989999998, "0xd249942f6d417cbfdcb792b1229353b66c790726": 5465786.159999998, "0x030f11dcba56b8038c3c94f056ea68dc7668630e": 4512532.3, "0xeaabd0e75e930f9f36b68be30202d47fd9b58b92": 4426206.69, "0x81153f0889ab398c4acb42cb58b565a5392bba95": 3955606.5699999994, "0x638574d80a0c6bde199c4dda94fb2b9366544cbc": 3401741.1399999997, "0xe2b6601667f0a6bd9f68441e2e0b81e4fcfbb2eb": 3351547.2199999997, "0x1fc4b4bdf5162aa5e357041945c9333b2818adad": 3141437.880000001, "0x78f8bd884c3d738b74b420540659c82f392820e0": 3074725.28, "0x6719c6ebf80d6499ca9ce170cda72beb3f1d1a54": 2685006.5599999987, "0xe4000004000bd8006e00720000d27d1fa000d43e": 2540774.25, "0x1fb421310ceacd0afb2a429bbb4682e522b38ecb": 2514561.420000002, "0xc6fecdf760af24095cded954de7d81ab49f8bae1": 2466457.1100000003, "0xe6ae75be7c9317af842b8f2c2cd6dc7f49f17184": 2389006.739999999, "0x1cdcec6630c99863fb1307c812691bc688f3e92e": 2363507.06, "0x6af49606d941cda32de1ee94397dc821ceb09dac": 2332413.8899999997, "0xf249cec5882bf45c028550de230aeb1a8f905597": 2314747.23, "0xa1b3c586731d74178803318db709ffaac442ead7": 2242744.44, "0x3aa228a80f50763045bdfc45012da124bd0a6809": 2208457.729999999, "0xf14bbdf064e3f67f51cd9bd646ae3716ad938fdc": 2060644.1099999999, "0x6cd057f80d4bb8f7da756df0ab6d4ddc967a2cc6": 2037824.8099999998, "0x99b1817acb40e76c309e26b2face9da9eff55317": 1924030.3000000007, "0xe2b8eb988735f7709d08b7d07b41460073904830": 1699243.28, "0x981b21a2912a427f491f1e5b9bf9cca16fa794e1": 1687067.38, "0x00000000003d71e9fc20fdeb46fb86afbbee4772": 1681526.2499999998, "0xe08beb8c48e71fd08560db2fbaaa0701b187c7a7": 1633439.43, "0x752e87b5f1397e171d5383cec3d4c51a8d3c114b": 1612023.0500000003, "0x2f1d79860cf6ea3f4b3b734153b52815773c0638": 1610434.4, "0x5e51328c0583094b76f28cfd532abc3d454fcfea": 1585631.42, "0x235c1fcd169a7e6ffca463f9c22d88beceeba62b": 1513414.2899999998, "0xcdd374f491fbf3f4fcf6e9023c99043774005137": 1501922.62, "0x00000047bb99ea4d791bb749d970de71ee0b1a34": 1450648.58, "0x4619b39706f6eca70d820b27df877fafaaa40f41": 1438761.8299999998, "0x257e338828f6d7cb2d862e919319f1aab3fa6762": 1430129.04, "0x0c3de458b51a11da7d4616f42f66c861e3859d3e": 1259529.919999999, "0x9ea3cda5c2adf0370454b9ee28786a068227b1a4": 1248263.04, "0xe1ce310e3cb20073ff25b1a76faa7e032f41cf7c": 1241357.1000000008, "0x02e7b8511831b1b02d9018215a0f8f500ea5c6b3": 1207984.71, "0x329e0e39d814d4ee6b45afa660b8a2f5fb23c298": 1197778.6600000001, "0x5571d62244423529a4bc3762fde757efeedcaa61": 1126252.2600000002, "0xc11ce44147c9f6149fbe54adb0588523c38718d7": 1116219.81, "0xedfa6a2036f1cf4aabb8724491d5714376ff5fd6": 1115975.41, "0xf9c814da15db75f7857898bad52df7404539c4e7": 1072102.91, "0x767af52d988d1241a346851a1b39ccd11357376e": 1059667.8, "0x5519935e51fc403f6c69894e683f268c1883e938": 1038543.9100000003, "0xc758d5718147c8c5bc440098d623cf8d96b95b83": 1037512.4100000001, "0xbf0ed784258686c41aacad38e642e79ad5e5bc17": 999198.97, "0x493f461aead031cee2027f1b95370a692611acb9": 992384.6700000004, "0xde21f729137c5af1b01d73af1dc21effa2b8a0d6": 975081.35, "0xf88424cc0ffef9fd8456ca982cb5eaf872585a46": 966488.9099999999, "0x0b176c2a8905abd2ce194d7e1780b42f06bf99d5": 945701.8199999996, "0x838a5832eb19cfce692809f5b2de44b15380cda2": 930117.4400000004, "0x775c559d9a48ce5a8444c1035c3a8921ab477b8e": 922945.87, "0x6bad92579b46123538f766dcb72cf72553957de3": 907082.3099999998, "0x49bc3cec1fb7978746f742a4e485d0d601831cea": 885376.98, "0xdcd4c1343b22dbba8e763417456713a7b6946b93": 880377.31, "0xa976ea51b9ba3232706af125a92e32788dc08ddc": 827792.27, "0x0000e0ca771e21bd00057f54a68c30d400000000": 820297.9800000001, "0x7b577a879665ef6ad344da61de7ec2371f6ff68f": 800298.1899999997, "0x4128c361da41df0a14d0b48badd37e6d2135c3ed": 783119.7, "0x8385c093657503aebd55bac4a9bb0df5d3528835": 762429.7799999999, "0x1c073d5045b1abb6924d5f0f8b2f667b1653a4c3": 741264.97, "0x36a7141537e064b7679b412acf866f20f06420ff": 655143.8300000001, "0x702d948cb6519fe2ebc189b6ff76ea8f2b294aa6": 648012.7300000001, "0x2f7c1f1460aed2594a9977c58fa31c465591b287": 635815.8199999998, "0xd8c07491caa1edf960db3ceff387426d53942ea0": 564343.77, "0xcfa6af75a34dce9e2742e22898f8500000000766": 563342.8400000001, "0x0000000f9c4e004706afdca3b2f0c8f08838eb58": 548670.0399999999, "0xf3d73e0b269af04e856b83034b319f247e1e1c9f": 540511.3500000001, "0x445947140f5e1b742439f6ee24a7690d077bbb89": 535694.2599999999, "0x797a05dd6a8bfc1e1eaaa62e744d3aff197c46b1": 525219.4999999999, "0xcd8541b29f6667454f517cfd4372a6e210856757": 515974.05000000005, "0x00000000000747d525e898424e8774f7eb317d00": 508908.1400000001, "0xcfd4176f7975c70f800d87aeaca316270521595a": 506331.0800000001, "0x5968ada261a84e19a6c85830e655647752585ed4": 503091.98, "0xa44a8c1413c811628ac7f53a18604b375d17fc6f": 499929.69, "0x3312c9caf29262f9896c9eb3a7d5aabbe92f3538": 483578.46, "0x4f962bb0ea0785c539f8ab52a17f1f873ddc355f": 469729.47, "0xc6625129c9df3314a4dd604845488f4ba62f9db8": 463010.15, "0xb8fda4a24fb520963584c18e614cc6624443f897": 462580.56, "0x1ad0f59b4d47aaca637592bdf0f10a8d66533652": 461437.87, "0x00980c7e1a0029d7a1d51400b100a1d548430000": 455242.63000000006, "0xdb46ac1b9b2cd2e4a452b991dc5417261e87b60c": 452199.18, "0x3fa6fff7212d3fa4317cf1955fa690993d8ced70": 450348.71}