{"0x51c72848c68a965f66fa7a88855f9f7784502a7f": 709144326.2799989, "0xa69babef1ca67a37ffaf7a485dfff3382056e78c": 380481699.20000005, "0xe8cfad4c75a5e1caf939fd80afcf837dde340a69": 305988152.87, "0xd7f3fbe8c72a961a5515203eada59750437fa762": 172058849.67999998, "0x28e261390adaa654f29dbe268109baf06e9b4cc4": 128382316.09999992, "0x6f1cdbbb4d53d226cf4b917bf768b94acbab6168": 95987776.57000002, "0x5050e08626c499411b5d0e0b5af0e83d3fd82edf": 83525131.83000001, "0xbc2c6cd5013585ac720160efcb1feced30837177": 79769831.46000002, "0x767c8bb1574bee5d4fe35e27e0003c89d43c5121": 64884887.729999974, "0x752e87b5f1397e171d5383cec3d4c51a8d3c114b": 41986144.489999995, "0x98c3d3183c4b8a650614ad179a1a98be0a8d6b8e": 29150215.350000005, "0x67fd18ffedb11f820e54b43d54fa756d74f6add7": 21962091.099999994, "0xf06434725b19cbaab053cb0b28f33818dca8630f": 20270129.54, "0x901996e18a3b15359a62ceb247647665fb8ade89": 15298659.75, "0xaafb85ad4a412dd8adc49611496a7695a22f4aeb": 14995784.299999999, "0x000000000dfde7deaf24138722987c9a6991e2d4": 14566255.25, "0xbb83b1b240220e82a0a4ba8a6c9e9b044b225e56": 12885813.46, "0x95c0c8a41caaa33f22ff042dc4279ed2b4e74041": 10653747.330000002, "0x4a137fd5e7a256ef08a7de531a17d0be0cc7b6b6": 10070041.28, "0xeaabd0e75e930f9f36b68be30202d47fd9b58b92": 8573487.43, "0x5550d13389bb70f45fcef58f19f6b6e87f6e747d": 7053423.07, "0xf0d4c12a5768d806021f80a262b4d39d26c58b8d": 6532877.33, "0xfbeedcfe378866dab6abbafd8b2986f5c1768737": 5846739.26, "0x70c66f3ce5a5387a70e2773d054eff572525c6f4": 5584177.46, "0xe2b6601667f0a6bd9f68441e2e0b81e4fcfbb2eb": 5530287.45, "0xd249942f6d417cbfdcb792b1229353b66c790726": 5160573.969999999, "0x6980a47bee930a4584b09ee79ebe46484fbdbdd0": 5041220.5600000005, "0x1fc4b4bdf5162aa5e357041945c9333b2818adad": 4418142.59, "0x87870bca3f3fd6335c3f4ce8392d69350b4fa4e2": 3763800.08, "0xe27baebd7b14602de3797974db9f5f4f8dcb6679": 3654413.55, "0x81153f0889ab398c4acb42cb58b565a5392bba95": 3438052.6799999992, "0x9705b569ce3d1ddbe421c7b3b4e495445b096160": 2917306.41, "0x01d1f55d94a53a9517c07f793f35320faa0d2dcf": 2842800.89, "0x030f11dcba56b8038c3c94f056ea68dc7668630e": 2654343.4799999995, "0x00000000003d71e9fc20fdeb46fb86afbbee4772": 2637614.5, "0x6719c6ebf80d6499ca9ce170cda72beb3f1d1a54": 2561396.6699999985, "0xe4000004000bd8006e00720000d27d1fa000d43e": 2425133.530000001, "0xe6ae75be7c9317af842b8f2c2cd6dc7f49f17184": 2421925.100000001, "0x5571d62244423529a4bc3762fde757efeedcaa61": 2389294.6199999996, "0xfaceacade1064a5d8daecdc9e68a4c3ea3e759e7": 2338783.7199999997, "0x99b1817acb40e76c309e26b2face9da9eff55317": 2298204.3400000003, "0x1fb421310ceacd0afb2a429bbb4682e522b38ecb": 2155489.5900000012, "0x6cd057f80d4bb8f7da756df0ab6d4ddc967a2cc6": 1927056.67, "0x235c1fcd169a7e6ffca463f9c22d88beceeba62b": 1780829.4500000016, "0xe08beb8c48e71fd08560db2fbaaa0701b187c7a7": 1726260.27, "0x981b21a2912a427f491f1e5b9bf9cca16fa794e1": 1688655.72, "0xcf5540fffcdc3d510b18bfca6d2b9987b0772559": 1628420.6600000001, "0x0000e0ca771e21bd00057f54a68c30d400000000": 1608663.6900000004, "0x493f461aead031cee2027f1b95370a692611acb9": 1533045.2399999995, "0xedfa6a2036f1cf4aabb8724491d5714376ff5fd6": 1507909.3399999999, "0x00000047bb99ea4d791bb749d970de71ee0b1a34": 1411819.2299999993, "0x993cb81c2149c590bd1349ca47bb0185f276132b": 1321387.12, "0xe2b8eb988735f7709d08b7d07b41460073904830": 1299147.4400000002, "0xf3d73e0b269af04e856b83034b319f247e1e1c9f": 1290666.21, "0xc6fecdf760af24095cded954de7d81ab49f8bae1": 1269693.4500000002, "0xe1ce310e3cb20073ff25b1a76faa7e032f41cf7c": 1260527.1099999992, "0x2f1d79860cf6ea3f4b3b734153b52815773c0638": 1256668.0, "0xf023295ef82692afcfc5c5b44e0351be21752735": 1195584.88, "0x6af49606d941cda32de1ee94397dc821ceb09dac": 1158326.79, "0x0c3de458b51a11da7d4616f42f66c861e3859d3e": 1152213.8399999996, "0x6bad92579b46123538f766dcb72cf72553957de3": 1100350.97, "0x767af52d988d1241a346851a1b39ccd11357376e": 1099675.9, "0xf353ba4acadb19f599e1c8f3059e82f43feaf77d": 1042147.53, "0x0b176c2a8905abd2ce194d7e1780b42f06bf99d5": 1033595.7700000001, "0x5519935e51fc403f6c69894e683f268c1883e938": 1020446.8, "0x4619b39706f6eca70d820b27df877fafaaa40f41": 963455.6399999999, "0x7b577a879665ef6ad344da61de7ec2371f6ff68f": 954089.7600000001, "0xa976ea51b9ba3232706af125a92e32788dc08ddc": 932706.8800000001, "0x775c559d9a48ce5a8444c1035c3a8921ab477b8e": 917019.02, "0x8385c093657503aebd55bac4a9bb0df5d3528835": 910749.6100000005, "0xdcd4c1343b22dbba8e763417456713a7b6946b93": 880377.31, "0x1a7db09d22ea51eed95c15b48edf19857d734c58": 815211.4999999999, "0xc758d5718147c8c5bc440098d623cf8d96b95b83": 813502.6900000001, "0x3aa228a80f50763045bdfc45012da124bd0a6809": 796727.2300000002, "0x5968ada261a84e19a6c85830e655647752585ed4": 791087.44, "0xa0b18cdf5f395d98c061b753d8dedb28c7aee450": 777544.11, "0x27549c02585ef9b29f0ac8fea8f44a5052735212": 759627.59, "0xf9c814da15db75f7857898bad52df7404539c4e7": 754530.4599999998, "0x1c073d5045b1abb6924d5f0f8b2f667b1653a4c3": 725895.6900000001, "0xb8fda4a24fb520963584c18e614cc6624443f897": 694355.0800000001, "0x5f1ad7d3f545088192ad45b6700840039f5a0482": 658758.83, "0x889d1ca5cc79ce90ae5a828637ba6cd18ce3a286": 657945.57, "0x54eeb92cf8ad49c2cb4dc8c9eb5dc9538836016b": 646401.49, "0x9ea3cda5c2adf0370454b9ee28786a068227b1a4": 623233.09, "0xcfd4176f7975c70f800d87aeaca316270521595a": 605425.1099999999, "0x67479449b2cf25aee2fb6ef6f0aec54591154f62": 586346.97, "0x838a5832eb19cfce692809f5b2de44b15380cda2": 552702.3, "0x1cdcec6630c99863fb1307c812691bc688f3e92e": 542665.3799999999, "0x0000000f9c4e004706afdca3b2f0c8f08838eb58": 533447.17, "0x445947140f5e1b742439f6ee24a7690d077bbb89": 517673.4699999999, "0xe20cd9377c204a27952f8b41075f0b8bd1ceec3d": 514796.55, "0x49bc3cec1fb7978746f742a4e485d0d601831cea": 506940.82, "0xa44a8c1413c811628ac7f53a18604b375d17fc6f": 499929.69, "0x3312c9caf29262f9896c9eb3a7d5aabbe92f3538": 483578.46, "0x797a05dd6a8bfc1e1eaaa62e744d3aff197c46b1": 482415.83999999997, "0xc11ce44147c9f6149fbe54adb0588523c38718d7": 461712.4199999998, "0x1a6155ff9305f6e8a83f40736029b50078c187f0": 455357.37000000005, "0xdb46ac1b9b2cd2e4a452b991dc5417261e87b60c": 452199.18, "0x25854e2a49a6cdaec7f0505b4179834509038549": 446362.76, "0xa52a64501e816016030511aea0445f1a97ee6694": 421592.78999999986, "0xdc454d57367a9eec647e349e75f7162de3e2ccc5": 400688.58999999997, "0x6ed50b7908ce5ed0901d27ae3c7dc556dc036b4e": 396621.04, "0xcac7f5ecc7ec8db67c08bf156e8a1e493966c7d3": 392977.93, "0xf71530c1f043703085b42608ff9dcccc43210a8e": 378681.31, "0x00000000de337b4fff5fcbe4df67a85d0bad5d16": 368940.39999999997, "0x7b9d4d8772b8705ddc7456daf821c3022dda0504": 368379.5399999999, "0xa87f4f8b87abf5237c16971e406eef0e2d541c9e": 364476.51, "0x3fa6fff7212d3fa4317cf1955fa690993d8ced70": 363913.4199999999, "0x78f8bd884c3d738b74b420540659c82f392820e0": 360935.41000000003, "0xa5b411aaeb798d99f107932689a5eece4d72a2ec": 349826.73, "0x16d5a408e807db8ef7c578279beeee6b228f1c1c": 347058.36, "0xd4aaa6de0c7740594da087ee51f1dbaa0ce0cf63": 341926.89999999997}