{"0x51c72848c68a965f66fa7a88855f9f7784502a7f": 659607115.2300004, "0xe8cfad4c75a5e1caf939fd80afcf837dde340a69": 497338264.6299998, "0xd7f3fbe8c72a961a5515203eada59750437fa762": 141295299.30999997, "0x6f1cdbbb4d53d226cf4b917bf768b94acbab6168": 135204972.0399999, "0xbc2c6cd5013585ac720160efcb1feced30837177": 82757878.80999999, "0x767c8bb1574bee5d4fe35e27e0003c89d43c5121": 69663830.5, "0x28e261390adaa654f29dbe268109baf06e9b4cc4": 67648225.18, "0x752e87b5f1397e171d5383cec3d4c51a8d3c114b": 66696583.54, "0x000000000dfde7deaf24138722987c9a6991e2d4": 40401307.90999998, "0x98c3d3183c4b8a650614ad179a1a98be0a8d6b8e": 30745416.770000003, "0xf06434725b19cbaab053cb0b28f33818dca8630f": 25611228.91, "0x67fd18ffedb11f820e54b43d54fa756d74f6add7": 16019063.060000006, "0x5050e08626c499411b5d0e0b5af0e83d3fd82edf": 14187916.200000003, "0x812c1e2ce48c2672b81b7711275df545cdf53655": 13158371.96, "0x4a137fd5e7a256ef08a7de531a17d0be0cc7b6b6": 12762142.709999997, "0x375f6b0cd12b34dc28e34c26853a37012c24dde5": 12222533.66, "0xff62dfadca3b5643d0b283571fe154d886580c0c": 11729239.95, "0xc42a30747b529b314b0265646366ded801f63973": 10961303.24, "0x901996e18a3b15359a62ceb247647665fb8ade89": 9786290.400000004, "0xbb83b1b240220e82a0a4ba8a6c9e9b044b225e56": 9005915.84, "0xd249942f6d417cbfdcb792b1229353b66c790726": 8589325.880000003, "0xfbeedcfe378866dab6abbafd8b2986f5c1768737": 8021223.959999996, "0xa1b3c586731d74178803318db709ffaac442ead7": 5996533.29, "0x87870bca3f3fd6335c3f4ce8392d69350b4fa4e2": 5873012.04, "0x1cdcec6630c99863fb1307c812691bc688f3e92e": 5507384.789999999, "0x81153f0889ab398c4acb42cb58b565a5392bba95": 4944082.61, "0x5571d62244423529a4bc3762fde757efeedcaa61": 4413303.249999999, "0x80d4230c0a68fc59cb264329d3a717fcaa472a13": 3974364.25, "0x493f461aead031cee2027f1b95370a692611acb9": 3931992.07, "0xa0b18cdf5f395d98c061b753d8dedb28c7aee450": 3779542.33, "0x1a6155ff9305f6e8a83f40736029b50078c187f0": 3690735.5799999996, "0x99b1817acb40e76c309e26b2face9da9eff55317": 3396628.4200000013, "0x6719c6ebf80d6499ca9ce170cda72beb3f1d1a54": 3159471.3100000033, "0xe6ae75be7c9317af842b8f2c2cd6dc7f49f17184": 3024772.8400000003, "0x9705b569ce3d1ddbe421c7b3b4e495445b096160": 2684364.58, "0x54802815f6ddb69711fbd206dc65680bf9dbcbe2": 2612144.63, "0x2f1d79860cf6ea3f4b3b734153b52815773c0638": 2486698.06, "0x1fb421310ceacd0afb2a429bbb4682e522b38ecb": 2392456.37, "0x46e5a93a6c536f6a1052b7a646715915af14461e": 2096981, "0x1fc4b4bdf5162aa5e357041945c9333b2818adad": 1901101.6100000003, "0x030f11dcba56b8038c3c94f056ea68dc7668630e": 1900266.6499999997, "0xe2b6601667f0a6bd9f68441e2e0b81e4fcfbb2eb": 1868025.3199999998, "0x6af49606d941cda32de1ee94397dc821ceb09dac": 1793806.97, "0x0d59d4e24731c7304baefd9360ec9669764be28a": 1787011.5300000003, "0x67defac35e2a3f8d9a37ffa989e1b3ed70d3262b": 1771917.99, "0xedfa6a2036f1cf4aabb8724491d5714376ff5fd6": 1530994.11, "0x767af52d988d1241a346851a1b39ccd11357376e": 1488842.0200000003, "0x775c559d9a48ce5a8444c1035c3a8921ab477b8e": 1488296.8599999999, "0xe2b8eb988735f7709d08b7d07b41460073904830": 1439134.8000000005, "0x4619b39706f6eca70d820b27df877fafaaa40f41": 1421176.8599999999, "0xe1ce310e3cb20073ff25b1a76faa7e032f41cf7c": 1326542.6300000004, "0x235c1fcd169a7e6ffca463f9c22d88beceeba62b": 1304648.1200000003, "0x80f2d2b2d778fdcb3f231a9ed403b6963676c869": 1262070.54, "0x8385c093657503aebd55bac4a9bb0df5d3528835": 1240097.0700000003, "0xf3d73e0b269af04e856b83034b319f247e1e1c9f": 1228101.2000000002, "0x3aa228a80f50763045bdfc45012da124bd0a6809": 1119388.6700000002, "0xf88424cc0ffef9fd8456ca982cb5eaf872585a46": 1101503.55, "0x67e5dbe8b910b307adfee1c119c63f417101300b": 1057676.94, "0x0c3de458b51a11da7d4616f42f66c861e3859d3e": 1046778.9599999998, "0x54eeb92cf8ad49c2cb4dc8c9eb5dc9538836016b": 1034420.2800000001, "0x1c073d5045b1abb6924d5f0f8b2f667b1653a4c3": 1024309.81, "0xeaabd0e75e930f9f36b68be30202d47fd9b58b92": 982504.8600000001, "0xdcd4c1343b22dbba8e763417456713a7b6946b93": 889742.62, "0x7b577a879665ef6ad344da61de7ec2371f6ff68f": 874009.3500000002, "0xc11ce44147c9f6149fbe54adb0588523c38718d7": 855258.8499999999, "0x0000000f9c4e004706afdca3b2f0c8f08838eb58": 852408.9700000001, "0x797a05dd6a8bfc1e1eaaa62e744d3aff197c46b1": 849157.3800000004, "0xc758d5718147c8c5bc440098d623cf8d96b95b83": 820629.0699999998, "0x770e2e68000065ac970382fe3af0d500bb00a200": 807282.3099999999, "0x000000e1fddf4fe15db5f23ae3ee83c6a11e8dd1": 783893.0099999999, "0x5519935e51fc403f6c69894e683f268c1883e938": 771630.47, "0x02e7b8511831b1b02d9018215a0f8f500ea5c6b3": 752296.6800000002, "0x638574d80a0c6bde199c4dda94fb2b9366544cbc": 747644.29, "0x5550d13389bb70f45fcef58f19f6b6e87f6e747d": 713818.3099999998, "0x9ea3cda5c2adf0370454b9ee28786a068227b1a4": 705851.3399999999, "0x684f5c4c571f5a225646a060664a350772c97968": 686679.05, "0x8140cc5cea6b8a48a0d5d29e37fe95dc9bd6efb8": 668349.47, "0xcfd4176f7975c70f800d87aeaca316270521595a": 661012.1199999998, "0x757aedf57a578a7bd2d06486c91a2223bf11e241": 624293.53, "0x2b3b6d4c350a48d7f224242656aabb6fae3bc955": 624229.6799999998, "0x3f64bc83f10c4f11a2c7fbd9190949b1c8d54a43": 616660.11, "0x5c42b3edb5b8f18e9937b0835912968e82db8e76": 609149.33, "0xcac7f5ecc7ec8db67c08bf156e8a1e493966c7d3": 606472.24, "0x445947140f5e1b742439f6ee24a7690d077bbb89": 589137.2600000001, "0x3fa6fff7212d3fa4317cf1955fa690993d8ced70": 578474.4699999999, "0x350232f55a38254320c0200c216ac899f6808014": 568683.24, "0xcf5540fffcdc3d510b18bfca6d2b9987b0772559": 559437.8700000001, "0x674640f085a77b8f6bc628d42e57148bc64e0712": 555709.28, "0x06713453be24299581ee75187c5348f9f82af0f6": 527323.59, "0xaa46a59e0c975fa844141969de0b997102a63b9b": 516766.44999999995, "0xa5b411aaeb798d99f107932689a5eece4d72a2ec": 514598.4199999999, "0xf249cec5882bf45c028550de230aeb1a8f905597": 510930.91000000003, "0x09850f8f1338a0b8c7d94dcc361e965b78d0175a": 497765.68000000005, "0x06d9ca334a8a74474e9b6ee31280c494321ae759": 490956.5699999999, "0xa13cea5fe07253075deae089d167854e8a7cf91d": 481287.07999999996, "0x7121872f198318a4c6bdce76ad4091a1b00128e9": 480727.06, "0x00000000000747d525e898424e8774f7eb317d00": 473922.92999999993, "0x68866a91394bef28c2ce56e83750d9281691fb0c": 468811.52, "0x9a8c38481f0e8f34250d06266861459180a1e15f": 397357.91000000003, "0x4025ee6512dbbda97049bcf5aa5d38c54af6be8a": 365372.86, "0x6bad92579b46123538f766dcb72cf72553957de3": 359777.48, "0xb8fda4a24fb520963584c18e614cc6624443f897": 348676.82, "0x4128c361da41df0a14d0b48badd37e6d2135c3ed": 348335.20999999996, "0xf9c814da15db75f7857898bad52df7404539c4e7": 347936.03, "0x015981bfb30f5455619a64963df2e2f8e1a21cc7": 342166.26000000007, "0xd4aaa6de0c7740594da087ee51f1dbaa0ce0cf63": 341926.89999999997, "0xdc00e700b1709a9b7a0032f3c84373c2de00e620": 340540.62999999995, "0x5e2289f8ee186bcf5ed0063493257259eb0fe66b": 326017.57, "0xd746f3601ea520baf3498d61e1b7d976dbb33310": 320000, "0xe551c47927838839e47319fcacf9bac0cf5e99a3": 313629.98, "0x80aca0c645fedabaa20fd2bf0daf57885a309fe6": 309421.92000000004, "0x12b6eba545e4a9666cb7a77d1da25df9ffb172f3": 308903.17, "0x7a75e85d6d3f0b6d7363a5d7f23adc25101131e7": 304362.02, "0x89f0455b15cf3dd97e7ff718125d7cf5f01c595d": 303409.46, "0x00000000de337b4fff5fcbe4df67a85d0bad5d16": 302567.06000000006, "0xc32506e9bb590971671b649d9b8e18cb6260559f": 300000}