{"beaverbuildorg": {"0xe8cfad4c75a5e1caf939fd80afcf837dde340a69": 4657102.209999999, "0xa69babef1ca67a37ffaf7a485dfff3382056e78c": 3533351.8099999977, "0xbc2c6cd5013585ac720160efcb1feced30837177": 894249.9899999999, "0x6f1cdbbb4d53d226cf4b917bf768b94acbab6168": 625265.11, "0xd7f3fbe8c72a961a5515203eada59750437fa762": 624497.0, "0x767c8bb1574bee5d4fe35e27e0003c89d43c5121": 253271.06, "0x5050e08626c499411b5d0e0b5af0e83d3fd82edf": 108101.26, "0xff62dfadca3b5643d0b283571fe154d886580c0c": 104801.95999999999, "0x4a137fd5e7a256ef08a7de531a17d0be0cc7b6b6": 98364.25, "0xfbeedcfe378866dab6abbafd8b2986f5c1768737": 91300.78, "0xf06434725b19cbaab053cb0b28f33818dca8630f": 85742.74, "0xcac7f5ecc7ec8db67c08bf156e8a1e493966c7d3": 41102.69, "0xd249942f6d417cbfdcb792b1229353b66c790726": 38674.32000000001, "0xe08beb8c48e71fd08560db2fbaaa0701b187c7a7": 36984.68, "0x98c3d3183c4b8a650614ad179a1a98be0a8d6b8e": 34486.909999999996, "0x67f84c66683433e12485c7bbc83ff3895538fb4a": 32251.850000000002, "0x99b1817acb40e76c309e26b2face9da9eff55317": 24056.91, "0xf3d73e0b269af04e856b83034b319f247e1e1c9f": 19674.23, "0x6719c6ebf80d6499ca9ce170cda72beb3f1d1a54": 13613.22, "0x1fb421310ceacd0afb2a429bbb4682e522b38ecb": 13326.47, "0x000000e1fddf4fe15db5f23ae3ee83c6a11e8dd1": 12823.619999999999, "0x015981bfb30f5455619a64963df2e2f8e1a21cc7": 9554.32, "0x0000000000c2f3017e5af636ea91bd68ec3888ed": 7081.56, "0x81153f0889ab398c4acb42cb58b565a5392bba95": 6965.11, "0x767af52d988d1241a346851a1b39ccd11357376e": 6020.360000000001, "0x0c3de458b51a11da7d4616f42f66c861e3859d3e": 6011.38, "0x7c28e0977f72c5d08d5e1ac7d52a34db378282b3": 5838.39, "0x493f461aead031cee2027f1b95370a692611acb9": 4698.68, "0x0fe08d911246566fdfd4afe0181a21ab810ee1c2": 4466, "0xe1ce310e3cb20073ff25b1a76faa7e032f41cf7c": 3985.229999999999, "0x7b577a879665ef6ad344da61de7ec2371f6ff68f": 3703.57, "0xc758d5718147c8c5bc440098d623cf8d96b95b83": 2931.37, "0xa0b18cdf5f395d98c061b753d8dedb28c7aee450": 1652.18, "0x775c559d9a48ce5a8444c1035c3a8921ab477b8e": 723.22, "0xeaabd0e75e930f9f36b68be30202d47fd9b58b92": 216.51}, "rsyncbuilderxyz": {"0x51c72848c68a965f66fa7a88855f9f7784502a7f": 4345873.559999997, "0xeaabd0e75e930f9f36b68be30202d47fd9b58b92": 2862630.9000000004, "0xe8cfad4c75a5e1caf939fd80afcf837dde340a69": 2756244.59, "0x6f1cdbbb4d53d226cf4b917bf768b94acbab6168": 798609.0399999999, "0xf06434725b19cbaab053cb0b28f33818dca8630f": 162964.27000000002, "0xff62dfadca3b5643d0b283571fe154d886580c0c": 130149.06, "0xfbeedcfe378866dab6abbafd8b2986f5c1768737": 121938.25, "0x767c8bb1574bee5d4fe35e27e0003c89d43c5121": 120888.88, "0x98c3d3183c4b8a650614ad179a1a98be0a8d6b8e": 69555.93999999999, "0x493f461aead031cee2027f1b95370a692611acb9": 52372.45, "0xbc2c6cd5013585ac720160efcb1feced30837177": 52354.32, "0xd249942f6d417cbfdcb792b1229353b66c790726": 41063.94, "0xe08beb8c48e71fd08560db2fbaaa0701b187c7a7": 26998.29, "0xc758d5718147c8c5bc440098d623cf8d96b95b83": 25475.12, "0x67f84c66683433e12485c7bbc83ff3895538fb4a": 21481.399999999998, "0x015981bfb30f5455619a64963df2e2f8e1a21cc7": 17616.57, "0x99b1817acb40e76c309e26b2face9da9eff55317": 17319.9, "0x7c28e0977f72c5d08d5e1ac7d52a34db378282b3": 16144.85, "0x767af52d988d1241a346851a1b39ccd11357376e": 14717.84, "0x1fb421310ceacd0afb2a429bbb4682e522b38ecb": 14397.220000000001, "0x6719c6ebf80d6499ca9ce170cda72beb3f1d1a54": 12602.4, "0x7b577a879665ef6ad344da61de7ec2371f6ff68f": 10407.810000000001, "0x81153f0889ab398c4acb42cb58b565a5392bba95": 6753.890000000001, "0xa0b18cdf5f395d98c061b753d8dedb28c7aee450": 4060.0499999999997, "0x0c3de458b51a11da7d4616f42f66c861e3859d3e": 3586.6800000000003, "0xe1ce310e3cb20073ff25b1a76faa7e032f41cf7c": 3543.2199999999993, "0x000000e1fddf4fe15db5f23ae3ee83c6a11e8dd1": 2879.52, "0x0000000000c2f3017e5af636ea91bd68ec3888ed": 1851.5300000000002, "0xf3d73e0b269af04e856b83034b319f247e1e1c9f": 1652.34}, "Titantitanbuilderxyz": {"0x6f1cdbbb4d53d226cf4b917bf768b94acbab6168": 476176.48, "0xbc2c6cd5013585ac720160efcb1feced30837177": 428233.15, "0xd7f3fbe8c72a961a5515203eada59750437fa762": 264605.66000000003, "0x767c8bb1574bee5d4fe35e27e0003c89d43c5121": 230505.32, "0x493f461aead031cee2027f1b95370a692611acb9": 218714.13, "0x0fe08d911246566fdfd4afe0181a21ab810ee1c2": 193387.5, "0xe8cfad4c75a5e1caf939fd80afcf837dde340a69": 132456.72, "0xf1645de0e8a40e99ebdfd0d03b0a1f5dab6a9976": 86108.41, "0x99b1817acb40e76c309e26b2face9da9eff55317": 64646.86, "0x775c559d9a48ce5a8444c1035c3a8921ab477b8e": 59842.880000000005, "0xa0b18cdf5f395d98c061b753d8dedb28c7aee450": 41347.979999999996, "0xa46fd59672434d1917972f1469565baeb57ed204": 39977.56, "0xf3d73e0b269af04e856b83034b319f247e1e1c9f": 39715.02, "0xcac7f5ecc7ec8db67c08bf156e8a1e493966c7d3": 36530.18, "0x98c3d3183c4b8a650614ad179a1a98be0a8d6b8e": 29434.97, "0xe08beb8c48e71fd08560db2fbaaa0701b187c7a7": 24319.22, "0xfbeedcfe378866dab6abbafd8b2986f5c1768737": 23157.300000000003, "0xd249942f6d417cbfdcb792b1229353b66c790726": 17970.83, "0x67f84c66683433e12485c7bbc83ff3895538fb4a": 16731.0, "0x81153f0889ab398c4acb42cb58b565a5392bba95": 13746.99, "0xc758d5718147c8c5bc440098d623cf8d96b95b83": 7527.14, "0x7b577a879665ef6ad344da61de7ec2371f6ff68f": 7116.139999999999, "0x015981bfb30f5455619a64963df2e2f8e1a21cc7": 6716.12, "0x0000000000c2f3017e5af636ea91bd68ec3888ed": 6025.21, "0xe1ce310e3cb20073ff25b1a76faa7e032f41cf7c": 3927.2100000000005, "0x767af52d988d1241a346851a1b39ccd11357376e": 2145.58, "0x0c3de458b51a11da7d4616f42f66c861e3859d3e": 1125.8999999999999, "0x000000e1fddf4fe15db5f23ae3ee83c6a11e8dd1": 603.63}, "builder0x69": {"0xe8cfad4c75a5e1caf939fd80afcf837dde340a69": 539087.55, "0x80d4230c0a68fc59cb264329d3a717fcaa472a13": 300784.37, "0xd7f3fbe8c72a961a5515203eada59750437fa762": 272132.21, "0xf88424cc0ffef9fd8456ca982cb5eaf872585a46": 118768.69, "0xbc2c6cd5013585ac720160efcb1feced30837177": 92145.06999999999, "0xf06434725b19cbaab053cb0b28f33818dca8630f": 38183.04, "0xf3d73e0b269af04e856b83034b319f247e1e1c9f": 27903.0, "0x6f1cdbbb4d53d226cf4b917bf768b94acbab6168": 12671.38, "0xfbeedcfe378866dab6abbafd8b2986f5c1768737": 9350.57, "0xe08beb8c48e71fd08560db2fbaaa0701b187c7a7": 6779.14, "0x493f461aead031cee2027f1b95370a692611acb9": 5946.68, "0x81153f0889ab398c4acb42cb58b565a5392bba95": 5278.67, "0x98c3d3183c4b8a650614ad179a1a98be0a8d6b8e": 4759.2300000000005, "0x767af52d988d1241a346851a1b39ccd11357376e": 4537.54, "0x67f84c66683433e12485c7bbc83ff3895538fb4a": 3640.24, "0x0c3de458b51a11da7d4616f42f66c861e3859d3e": 3391.64, "0x000000e1fddf4fe15db5f23ae3ee83c6a11e8dd1": 3309.9, "0x1fb421310ceacd0afb2a429bbb4682e522b38ecb": 2526.29, "0x4a137fd5e7a256ef08a7de531a17d0be0cc7b6b6": 2483.14, "0xc758d5718147c8c5bc440098d623cf8d96b95b83": 2257.59, "0xe1ce310e3cb20073ff25b1a76faa7e032f41cf7c": 1288.0}, "rsyncbuilder": {"0x51c72848c68a965f66fa7a88855f9f7784502a7f": 1079064.65, "0x6f1cdbbb4d53d226cf4b917bf768b94acbab6168": 205114.97999999998, "0xd7f3fbe8c72a961a5515203eada59750437fa762": 139976.67, "0xbc2c6cd5013585ac720160efcb1feced30837177": 22287.45, "0x7b577a879665ef6ad344da61de7ec2371f6ff68f": 13969.51, "0xd249942f6d417cbfdcb792b1229353b66c790726": 12810.51, "0x81153f0889ab398c4acb42cb58b565a5392bba95": 11544.44, "0xe08beb8c48e71fd08560db2fbaaa0701b187c7a7": 8478.689999999999, "0xfbeedcfe378866dab6abbafd8b2986f5c1768737": 6954.97, "0x6719c6ebf80d6499ca9ce170cda72beb3f1d1a54": 5233.08, "0x1fb421310ceacd0afb2a429bbb4682e522b38ecb": 4399.910000000001, "0x98c3d3183c4b8a650614ad179a1a98be0a8d6b8e": 2919.35, "0xf3d73e0b269af04e856b83034b319f247e1e1c9f": 2690.04, "0x99b1817acb40e76c309e26b2face9da9eff55317": 1447.9, "0x0000000000c2f3017e5af636ea91bd68ec3888ed": 1371.06, "0x767af52d988d1241a346851a1b39ccd11357376e": 1316.1399999999999, "0xe1ce310e3cb20073ff25b1a76faa7e032f41cf7c": 1224.0099999999998, "0x0c3de458b51a11da7d4616f42f66c861e3859d3e": 1084.66, "0xc758d5718147c8c5bc440098d623cf8d96b95b83": 306.98}, "IlluminateDmocratizeDstribute": {"0xe8cfad4c75a5e1caf939fd80afcf837dde340a69": 703329.5900000001, "0x6f1cdbbb4d53d226cf4b917bf768b94acbab6168": 56635.69,