{"0x51c72848c68a965f66fa7a88855f9f7784502a7f": 685963369.8899974, "0xa69babef1ca67a37ffaf7a485dfff3382056e78c": 649143432.3700069, "0xe8cfad4c75a5e1caf939fd80afcf837dde340a69": 426634071.26999986, "0xd7f3fbe8c72a961a5515203eada59750437fa762": 166439614.44, "0x6f1cdbbb4d53d226cf4b917bf768b94acbab6168": 165181414.95999998, "0xbc2c6cd5013585ac720160efcb1feced30837177": 90867258.47, "0x752e87b5f1397e171d5383cec3d4c51a8d3c114b": 84458159.41, "0x767c8bb1574bee5d4fe35e27e0003c89d43c5121": 83783029.97, "0x28e261390adaa654f29dbe268109baf06e9b4cc4": 76987139.69999999, "0x5050e08626c499411b5d0e0b5af0e83d3fd82edf": 53337761.91000005, "0x000000000dfde7deaf24138722987c9a6991e2d4": 37486958.129999995, "0x98c3d3183c4b8a650614ad179a1a98be0a8d6b8e": 34189854.220000006, "0xf06434725b19cbaab053cb0b28f33818dca8630f": 27560221.50000001, "0x67fd18ffedb11f820e54b43d54fa756d74f6add7": 23388892.32, "0x4a137fd5e7a256ef08a7de531a17d0be0cc7b6b6": 13677377.189999996, "0xc42a30747b529b314b0265646366ded801f63973": 10961303.24, "0xff62dfadca3b5643d0b283571fe154d886580c0c": 10558113.999999998, "0x812c1e2ce48c2672b81b7711275df545cdf53655": 9755890.72, "0x901996e18a3b15359a62ceb247647665fb8ade89": 9180213.71, "0xbb83b1b240220e82a0a4ba8a6c9e9b044b225e56": 9005915.84, "0xd249942f6d417cbfdcb792b1229353b66c790726": 7395609.5600000005, "0x87870bca3f3fd6335c3f4ce8392d69350b4fa4e2": 7174370.17, "0xe27baebd7b14602de3797974db9f5f4f8dcb6679": 6179102.460000001, "0xfbeedcfe378866dab6abbafd8b2986f5c1768737": 6025800.6000000015, "0xeaabd0e75e930f9f36b68be30202d47fd9b58b92": 5883258.069999999, "0xe08beb8c48e71fd08560db2fbaaa0701b187c7a7": 5688063.890000001, "0x7d32c90762e22379235fc311fdb16fab399ed40a": 5537383.01, "0x5571d62244423529a4bc3762fde757efeedcaa61": 5112394.2, "0xe2b6601667f0a6bd9f68441e2e0b81e4fcfbb2eb": 4985574.830000001, "0x1cdcec6630c99863fb1307c812691bc688f3e92e": 4947145.19, "0x81153f0889ab398c4acb42cb58b565a5392bba95": 4004456.030000001, "0x493f461aead031cee2027f1b95370a692611acb9": 3863127.22, "0x1fc4b4bdf5162aa5e357041945c9333b2818adad": 3689072.8100000005, "0x1a6155ff9305f6e8a83f40736029b50078c187f0": 3616147.469999999, "0x99b1817acb40e76c309e26b2face9da9eff55317": 3307068.5300000003, "0x6719c6ebf80d6499ca9ce170cda72beb3f1d1a54": 3225532.6699999995, "0x80d4230c0a68fc59cb264329d3a717fcaa472a13": 2755771.11, "0x030f11dcba56b8038c3c94f056ea68dc7668630e": 2639006.189999999, "0x01d1f55d94a53a9517c07f793f35320faa0d2dcf": 2635388.2, "0xa0b18cdf5f395d98c061b753d8dedb28c7aee450": 2626187.4600000004, "0xe6ae75be7c9317af842b8f2c2cd6dc7f49f17184": 2604845.5799999996, "0x5550d13389bb70f45fcef58f19f6b6e87f6e747d": 2568925.6099999994, "0x2f1d79860cf6ea3f4b3b734153b52815773c0638": 2550158.36, "0xe4000004000bd8006e00720000d27d1fa000d43e": 2436093.499999999, "0xfaceacade1064a5d8daecdc9e68a4c3ea3e759e7": 2338783.7199999997, "0x1fb421310ceacd0afb2a429bbb4682e522b38ecb": 2147180.02, "0x46e5a93a6c536f6a1052b7a646715915af14461e": 2096981, "0x6af49606d941cda32de1ee94397dc821ceb09dac": 1996220.8800000001, "0xedfa6a2036f1cf4aabb8724491d5714376ff5fd6": 1937453.8899999994, "0x8516944e89f296eb6473d79aed1ba12088016c9e": 1918241.9099999995, "0x00000000003d71e9fc20fdeb46fb86afbbee4772": 1891456.8500000003, "0x235c1fcd169a7e6ffca463f9c22d88beceeba62b": 1754341.7499999998, "0x775c559d9a48ce5a8444c1035c3a8921ab477b8e": 1723968.86, "0x3aa228a80f50763045bdfc45012da124bd0a6809": 1510850.9300000002, "0x767af52d988d1241a346851a1b39ccd11357376e": 1431695.6099999999, "0xe2b8eb988735f7709d08b7d07b41460073904830": 1420511.35, "0x00000047bb99ea4d791bb749d970de71ee0b1a34": 1417608.5100000002, "0x1c073d5045b1abb6924d5f0f8b2f667b1653a4c3": 1391429.53, "0xf3d73e0b269af04e856b83034b319f247e1e1c9f": 1361371.94, "0x993cb81c2149c590bd1349ca47bb0185f276132b": 1321387.12, "0xe1ce310e3cb20073ff25b1a76faa7e032f41cf7c": 1268340.7399999988, "0xce66faca3e5e033b9513255d09adb178e4a45a3c": 1213814.02, "0xf023295ef82692afcfc5c5b44e0351be21752735": 1195584.88, "0x8385c093657503aebd55bac4a9bb0df5d3528835": 1154244.4599999997, "0xa1b3c586731d74178803318db709ffaac442ead7": 1149146.03, "0x7b577a879665ef6ad344da61de7ec2371f6ff68f": 1136287.7300000002, "0x4619b39706f6eca70d820b27df877fafaaa40f41": 1096287.85, "0x6cd057f80d4bb8f7da756df0ab6d4ddc967a2cc6": 1066676.98, "0xcf5540fffcdc3d510b18bfca6d2b9987b0772559": 1059068.3300000003, "0xf353ba4acadb19f599e1c8f3059e82f43feaf77d": 1042147.53, "0x0c3de458b51a11da7d4616f42f66c861e3859d3e": 1000065.1299999998, "0x6bad92579b46123538f766dcb72cf72553957de3": 988321.08, "0x5519935e51fc403f6c69894e683f268c1883e938": 972434.1000000002, "0x0000000000c2f3017e5af636ea91bd68ec3888ed": 952186.8100000002, "0xa976ea51b9ba3232706af125a92e32788dc08ddc": 932706.8800000001, "0xdcd4c1343b22dbba8e763417456713a7b6946b93": 889742.62, "0x54eeb92cf8ad49c2cb4dc8c9eb5dc9538836016b": 882197.1699999999, "0x638574d80a0c6bde199c4dda94fb2b9366544cbc": 822236.67, "0xc758d5718147c8c5bc440098d623cf8d96b95b83": 781858.4100000003, "0x27549c02585ef9b29f0ac8fea8f44a5052735212": 759627.59, "0x95c0c8a41caaa33f22ff042dc4279ed2b4e74041": 758328.62, "0xe20cd9377c204a27952f8b41075f0b8bd1ceec3d": 747207.2000000003, "0x0000000f9c4e004706afdca3b2f0c8f08838eb58": 734046.92, "0xc11ce44147c9f6149fbe54adb0588523c38718d7": 710078.5299999999, "0x9ea3cda5c2adf0370454b9ee28786a068227b1a4": 687847.0399999999, "0xb8fda4a24fb520963584c18e614cc6624443f897": 673326.85, "0x8140cc5cea6b8a48a0d5d29e37fe95dc9bd6efb8": 668349.47, "0x1a7db09d22ea51eed95c15b48edf19857d734c58": 664936.7499999999, "0x889d1ca5cc79ce90ae5a828637ba6cd18ce3a286": 657945.57, "0xcac7f5ecc7ec8db67c08bf156e8a1e493966c7d3": 636775.0000000002, "0x770e2e68000065ac970382fe3af0d500bb00a200": 631128.24, "0xf9c814da15db75f7857898bad52df7404539c4e7": 611067.43, "0x5c42b3edb5b8f18e9937b0835912968e82db8e76": 609149.33, "0x67479449b2cf25aee2fb6ef6f0aec54591154f62": 586346.97, "0x797a05dd6a8bfc1e1eaaa62e744d3aff197c46b1": 575849.4900000002, "0x445947140f5e1b742439f6ee24a7690d077bbb89": 572646.2500000002, "0xcfd4176f7975c70f800d87aeaca316270521595a": 569525.5399999999, "0x80f2d2b2d778fdcb3f231a9ed403b6963676c869": 549004.82, "0x5f1ad7d3f545088192ad45b6700840039f5a0482": 533593.55, "0x06713453be24299581ee75187c5348f9f82af0f6": 527323.59, "0x06d9ca334a8a74474e9b6ee31280c494321ae759": 523145.64999999997, "0xdc454d57367a9eec647e349e75f7162de3e2ccc5": 519496.06999999995, "0x2b3b6d4c350a48d7f224242656aabb6fae3bc955": 514736.1199999999, "0xd19dc09880685dd8cf60687d57936358582876b5": 494784.9000000001, "0x00000000de337b4fff5fcbe4df67a85d0bad5d16": 491368.29000000004, "0xa5b411aaeb798d99f107932689a5eece4d72a2ec": 490127.37999999995, "0x7121872f198318a4c6bdce76ad4091a1b00128e9": 480727.06, "0x0ef8b4525c69bfa7bdece3ab09f95bbf0944b783": 474122.58999999997, "0x3fa6fff7212d3fa4317cf1955fa690993d8ced70": 470613.45999999996, "0x000000e1fddf4fe15db5f23ae3ee83c6a11e8dd1": 453542.77, "0x6ed50b7908ce5ed0901d27ae3c7dc556dc036b4e": 452964.0, "0x25854e2a49a6cdaec7f0505b4179834509038549": 446362.76}