{"beaverbuildorg": {"0xe8cfad4c75a5e1caf939fd80afcf837dde340a69": 1275262.65, "0xa69babef1ca67a37ffaf7a485dfff3382056e78c": 421215.7800000001, "0x767c8bb1574bee5d4fe35e27e0003c89d43c5121": 40045.91, "0x98c3d3183c4b8a650614ad179a1a98be0a8d6b8e": 29655.670000000002, "0x2f7c1f1460aed2594a9977c58fa31c465591b287": 14365.349999999999, "0x38f935e58ee761352aa40c30284c4a4ac6596dc9": 5902.05}, "builder0x69": {"0x38f935e58ee761352aa40c30284c4a4ac6596dc9": 5924.59, "0x98c3d3183c4b8a650614ad179a1a98be0a8d6b8e": 2347.45}, "Titantitanbuilderxyz": {"0xbc2c6cd5013585ac720160efcb1feced30837177": 133494.21, "0x000000000000be0ab658f92dddac29d6df19a3be": 35518.9, "0x98c3d3183c4b8a650614ad179a1a98be0a8d6b8e": 19517.73, "0x38f935e58ee761352aa40c30284c4a4ac6596dc9": 505.96}, "rsyncbuilderxyz": {"0xe8cfad4c75a5e1caf939fd80afcf837dde340a69": 148052.21, "0x51c72848c68a965f66fa7a88855f9f7784502a7f": 119792.29, "0xfbeedcfe378866dab6abbafd8b2986f5c1768737": 10442.8, "0x98c3d3183c4b8a650614ad179a1a98be0a8d6b8e": 3829.51}, "AssembleddelicatelybyBeelder": {"0xe8cfad4c75a5e1caf939fd80afcf837dde340a69": 360756.16000000003}, "rsyncbuilder": {"0xe4000004000bd8006e00720000d27d1fa000d43e": 31959.09}, "MadeonthemoonbyBlocknative": {}, "IlluminateDmocratizeDstribute": {"0x000000000dfde7deaf24138722987c9a6991e2d4": 15232.52}, "BuildAIhttpsbuildainet": {"0x767c8bb1574bee5d4fe35e27e0003c89d43c5121": 51103.39}, "bybuilder0x69": {}, "vanilla_builder": {"0x43d037a562099a4c2c95b1e2120cc43054450629": 8540.75}}