{"0x51c72848c68a965f66fa7a88855f9f7784502a7f": 839134979.8600018, "0xa69babef1ca67a37ffaf7a485dfff3382056e78c": 521079026.41999817, "0xe8cfad4c75a5e1caf939fd80afcf837dde340a69": 342920399.61999977, "0x5050e08626c499411b5d0e0b5af0e83d3fd82edf": 125689362.27000003, "0xd7f3fbe8c72a961a5515203eada59750437fa762": 120618064.94, "0xbc2c6cd5013585ac720160efcb1feced30837177": 90086944.40000002, "0xaafb85ad4a412dd8adc49611496a7695a22f4aeb": 76842639.73, "0x28e261390adaa654f29dbe268109baf06e9b4cc4": 50073934.500000015, "0x6f1cdbbb4d53d226cf4b917bf768b94acbab6168": 49159746.39000002, "0x000000000dfde7deaf24138722987c9a6991e2d4": 39001074.300000004, "0xf06434725b19cbaab053cb0b28f33818dca8630f": 32004107.990000006, "0x67fd18ffedb11f820e54b43d54fa756d74f6add7": 28217852.259999998, "0x98c3d3183c4b8a650614ad179a1a98be0a8d6b8e": 22823942.28999998, "0xfbeedcfe378866dab6abbafd8b2986f5c1768737": 11608394.370000005, "0x775c559d9a48ce5a8444c1035c3a8921ab477b8e": 6468437.61, "0xeaabd0e75e930f9f36b68be30202d47fd9b58b92": 6173196.44, "0x4a137fd5e7a256ef08a7de531a17d0be0cc7b6b6": 6122398.410000001, "0x812c1e2ce48c2672b81b7711275df545cdf53655": 5563587.0, "0x493f461aead031cee2027f1b95370a692611acb9": 4710505.23, "0x9705b569ce3d1ddbe421c7b3b4e495445b096160": 4521930.01, "0x0000000000a84d1a9b0063a910315c7ffa9cd248": 4249234.34, "0xd249942f6d417cbfdcb792b1229353b66c790726": 3895051.340000001, "0xf54ac0316e845502bf64c4b2eb754945c36a5f33": 3893845.9400000004, "0xe545c3cd397be0243475af52bcff8c64e9ead5d7": 3646224.3899999997, "0x97c1a26482099363cb055f0f3ca1d6057fe55447": 3389645.49, "0xf0d4c12a5768d806021f80a262b4d39d26c58b8d": 3183444.1, "0x030f11dcba56b8038c3c94f056ea68dc7668630e": 3167560.65, "0x81153f0889ab398c4acb42cb58b565a5392bba95": 3045310.2700000005, "0x797a05dd6a8bfc1e1eaaa62e744d3aff197c46b1": 2969274.0999999996, "0x6af49606d941cda32de1ee94397dc821ceb09dac": 2918991.780000001, "0xdcea2f0edc226aa3b5539503f8f68725b4bbffce": 2905951.899999999, "0x70c66f3ce5a5387a70e2773d054eff572525c6f4": 2871246.78, "0x2deae6ce94d65ac1de19a1fc4bb160c4e02c92ef": 2858899.9899999998, "0x1fb421310ceacd0afb2a429bbb4682e522b38ecb": 2722103.1399999997, "0x6719c6ebf80d6499ca9ce170cda72beb3f1d1a54": 2702633.8000000017, "0xf9c814da15db75f7857898bad52df7404539c4e7": 2690693.0199999996, "0x1fc4b4bdf5162aa5e357041945c9333b2818adad": 2582737.88, "0x5079fc00f00f30000e0c8c083801cfde000008b6": 2570331.340000001, "0x5550d13389bb70f45fcef58f19f6b6e87f6e747d": 2404918.6000000006, "0x80d4230c0a68fc59cb264329d3a717fcaa472a13": 2310764.4400000004, "0x99b1817acb40e76c309e26b2face9da9eff55317": 2226743.0499999993, "0xc758d5718147c8c5bc440098d623cf8d96b95b83": 1931108.4299999997, "0xc6fecdf760af24095cded954de7d81ab49f8bae1": 1830446.4299999997, "0x00000000003d71e9fc20fdeb46fb86afbbee4772": 1736824.85, "0x429cf888dae41d589d57f6dc685707bec755fe63": 1706623.06, "0x5e51328c0583094b76f28cfd532abc3d454fcfea": 1663735.33, "0xe2b6601667f0a6bd9f68441e2e0b81e4fcfbb2eb": 1554443.5999999999, "0xe6ae75be7c9317af842b8f2c2cd6dc7f49f17184": 1538364.8, "0x2f1d79860cf6ea3f4b3b734153b52815773c0638": 1464555.35, "0xca8acfdcee7531be980e7670d9e6b80b8c2e08dc": 1464090.0999999999, "0x008f9cf207a5b0f69c759f5eb0548db102a8cdac": 1422851.44, "0x1a6155ff9305f6e8a83f40736029b50078c187f0": 1312412.35, "0x838a5832eb19cfce692809f5b2de44b15380cda2": 1289422.3399999999, "0x0000e0ca771e21bd00057f54a68c30d400000000": 1265370.83, "0xed12310d5a37326e6506209c4838146950166760": 1248961.5699999998, "0x00004ec2008200e43b243a000590d4cd46360000": 1247585.61, "0x9ea3cda5c2adf0370454b9ee28786a068227b1a4": 1194857.84, "0xedae76e579a3acf71dc11250d70b1a4f80748be1": 1190580, "0xedfa6a2036f1cf4aabb8724491d5714376ff5fd6": 1184545.99, "0x1c073d5045b1abb6924d5f0f8b2f667b1653a4c3": 1163073.3299999998, "0xba3f5c056500ce033e9d74494b820d495efcf19d": 1128646.12, "0xbb83b1b240220e82a0a4ba8a6c9e9b044b225e56": 1128632.84, "0x0c3de458b51a11da7d4616f42f66c861e3859d3e": 1110890.0700000003, "0x5ea363d1b8c524e864dd6cd87b5b4eb8b4850227": 1108115.5999999996, "0x8385c093657503aebd55bac4a9bb0df5d3528835": 1068552.6899999995, "0x32801ab1957aaad1c65289b51603373802b4e8bb": 1058960.8199999998, "0xe4000004000bd8006e00720000d27d1fa000d43e": 1047082.37, "0xaa4cf5eea72fd54c215071e6cd816f29699da023": 975915.4099999999, "0x6a6fa664d4fa49a6a780a1d6143f079f8dd7c33d": 962401.89, "0x7d32c90762e22379235fc311fdb16fab399ed40a": 892059.0500000002, "0xcfa6af75a34dce9e2742e22898f8500000000766": 885862.5500000002, "0x0000000000007f150bd6f54c40a34d7c3d5e9f56": 839188.4, "0x5519935e51fc403f6c69894e683f268c1883e938": 807854.6699999997, "0xd460f9384f5328cf93df6970cdbfe392be03d006": 760698.38, "0x9143de83a0c26081f60773f1bcda4c619bbb7ab6": 760165.78, "0x6cd057f80d4bb8f7da756df0ab6d4ddc967a2cc6": 666998.0099999999, "0xcfd4176f7975c70f800d87aeaca316270521595a": 663975.3600000002, "0x445947140f5e1b742439f6ee24a7690d077bbb89": 645187.5900000001, "0xb0bababe78a9be0810fadf99dd2ed31ed12568be": 614529.6900000001, "0xa13cea5fe07253075deae089d167854e8a7cf91d": 613812.11, "0xf411fca55e1a892c9ba6d04abe5ca26ec1764d2b": 607052.59, "0x702d948cb6519fe2ebc189b6ff76ea8f2b294aa6": 587441.0199999998, "0xf88424cc0ffef9fd8456ca982cb5eaf872585a46": 577453.95, "0x755f60a301e070d09137bc4cff0cbeabf5722ae6": 562313.7, "0xf01cde6d70596b7255dd2fcfbd19feaf4ed142f9": 551663.61, "0xc11ce44147c9f6149fbe54adb0588523c38718d7": 538668.1900000001, "0x0ef8b4525c69bfa7bdece3ab09f95bbf0944b783": 527968.1399999999, "0x7b577a879665ef6ad344da61de7ec2371f6ff68f": 519957.11000000016, "0x0d59d4e24731c7304baefd9360ec9669764be28a": 510018.38, "0x0eae044f00b0af300500f090ea00027097d03000": 499064.76000000007, "0x4128c361da41df0a14d0b48badd37e6d2135c3ed": 494698.98999999993, "0xa976ea51b9ba3232706af125a92e32788dc08ddc": 490648.81, "0x4f2acdc74f6941390d9b1804fabc3e780388cfe5": 483513.66, "0x1cdcec6630c99863fb1307c812691bc688f3e92e": 481428.21, "0x00000047bb99ea4d791bb749d970de71ee0b1a34": 478907.96, "0x3fa6fff7212d3fa4317cf1955fa690993d8ced70": 460636.52, "0xb423e0f6e7430fa29500c5cc9bd83d28c8bd8978": 458547}