{"0xa69babef1ca67a37ffaf7a485dfff3382056e78c": 648517406.1100017, "0x51c72848c68a965f66fa7a88855f9f7784502a7f": 641326273.1499989, "0xe8cfad4c75a5e1caf939fd80afcf837dde340a69": 439495704.35999984, "0xd7f3fbe8c72a961a5515203eada59750437fa762": 163236377.27999994, "0x6f1cdbbb4d53d226cf4b917bf768b94acbab6168": 157417064.31999996, "0xbc2c6cd5013585ac720160efcb1feced30837177": 91641087.64, "0x752e87b5f1397e171d5383cec3d4c51a8d3c114b": 81222938.22, "0x767c8bb1574bee5d4fe35e27e0003c89d43c5121": 75578749.45999998, "0x28e261390adaa654f29dbe268109baf06e9b4cc4": 70306708.32000002, "0x5050e08626c499411b5d0e0b5af0e83d3fd82edf": 37272020.530000016, "0x000000000dfde7deaf24138722987c9a6991e2d4": 37062344.44000001, "0x98c3d3183c4b8a650614ad179a1a98be0a8d6b8e": 35417670.22999998, "0xf06434725b19cbaab053cb0b28f33818dca8630f": 26245026.720000006, "0x67fd18ffedb11f820e54b43d54fa756d74f6add7": 20019173.590000004, "0x4a137fd5e7a256ef08a7de531a17d0be0cc7b6b6": 13370761.389999997, "0x812c1e2ce48c2672b81b7711275df545cdf53655": 12735327.629999999, "0x375f6b0cd12b34dc28e34c26853a37012c24dde5": 12222533.66, "0xff62dfadca3b5643d0b283571fe154d886580c0c": 11868837.660000002, "0xc42a30747b529b314b0265646366ded801f63973": 10961303.24, "0x901996e18a3b15359a62ceb247647665fb8ade89": 9643339.2, "0xe27baebd7b14602de3797974db9f5f4f8dcb6679": 9609867.96, "0xbb83b1b240220e82a0a4ba8a6c9e9b044b225e56": 9005915.84, "0xd249942f6d417cbfdcb792b1229353b66c790726": 7854290.580000001, "0x7d32c90762e22379235fc311fdb16fab399ed40a": 7689155.6, "0xfbeedcfe378866dab6abbafd8b2986f5c1768737": 7197311.799999997, "0x87870bca3f3fd6335c3f4ce8392d69350b4fa4e2": 7174370.17, "0xeaabd0e75e930f9f36b68be30202d47fd9b58b92": 6178946.720000001, "0xe08beb8c48e71fd08560db2fbaaa0701b187c7a7": 5760407.15, "0x5571d62244423529a4bc3762fde757efeedcaa61": 5179932.420000001, "0xa1b3c586731d74178803318db709ffaac442ead7": 4957210.26, "0x1cdcec6630c99863fb1307c812691bc688f3e92e": 4944180.54, "0x8516944e89f296eb6473d79aed1ba12088016c9e": 4858925.56, "0x81153f0889ab398c4acb42cb58b565a5392bba95": 4509927.520000002, "0x493f461aead031cee2027f1b95370a692611acb9": 3836558.85, "0xe2b6601667f0a6bd9f68441e2e0b81e4fcfbb2eb": 3768822.86, "0x1a6155ff9305f6e8a83f40736029b50078c187f0": 3641126.8399999994, "0x99b1817acb40e76c309e26b2face9da9eff55317": 3464597.0399999996, "0x80d4230c0a68fc59cb264329d3a717fcaa472a13": 3347458.3200000003, "0x6719c6ebf80d6499ca9ce170cda72beb3f1d1a54": 3198440.719999999, "0xa0b18cdf5f395d98c061b753d8dedb28c7aee450": 3146498.3800000004, "0x00000000003d71e9fc20fdeb46fb86afbbee4772": 3079667.05, "0x1fc4b4bdf5162aa5e357041945c9333b2818adad": 3002491.52, "0xe6ae75be7c9317af842b8f2c2cd6dc7f49f17184": 2826765.65, "0x030f11dcba56b8038c3c94f056ea68dc7668630e": 2662518.9800000004, "0x01d1f55d94a53a9517c07f793f35320faa0d2dcf": 2635388.2, "0x2f1d79860cf6ea3f4b3b734153b52815773c0638": 2548906.6, "0xe4000004000bd8006e00720000d27d1fa000d43e": 2350363.4799999995, "0xfaceacade1064a5d8daecdc9e68a4c3ea3e759e7": 2338783.7199999997, "0x1fb421310ceacd0afb2a429bbb4682e522b38ecb": 2298274.0700000003, "0x46e5a93a6c536f6a1052b7a646715915af14461e": 2096981, "0xedfa6a2036f1cf4aabb8724491d5714376ff5fd6": 2073139.970000001, "0x6af49606d941cda32de1ee94397dc821ceb09dac": 1909306.01, "0x5550d13389bb70f45fcef58f19f6b6e87f6e747d": 1889893.5199999996, "0x775c559d9a48ce5a8444c1035c3a8921ab477b8e": 1770606.3299999998, "0x235c1fcd169a7e6ffca463f9c22d88beceeba62b": 1507977.8099999996, "0xe2b8eb988735f7709d08b7d07b41460073904830": 1414051.8299999998, "0x1c073d5045b1abb6924d5f0f8b2f667b1653a4c3": 1391429.53, "0xf3d73e0b269af04e856b83034b319f247e1e1c9f": 1390068.2600000002, "0x767af52d988d1241a346851a1b39ccd11357376e": 1368412.1700000002, "0xce66faca3e5e033b9513255d09adb178e4a45a3c": 1325582.5899999999, "0x80f2d2b2d778fdcb3f231a9ed403b6963676c869": 1262070.54, "0xe1ce310e3cb20073ff25b1a76faa7e032f41cf7c": 1243622.9999999988, "0x3aa228a80f50763045bdfc45012da124bd0a6809": 1194997.8300000003, "0x8385c093657503aebd55bac4a9bb0df5d3528835": 1188993.0400000003, "0x7b577a879665ef6ad344da61de7ec2371f6ff68f": 1115120.23, "0xcf5540fffcdc3d510b18bfca6d2b9987b0772559": 1078587.4200000002, "0x4619b39706f6eca70d820b27df877fafaaa40f41": 1029145.8600000001, "0x6bad92579b46123538f766dcb72cf72553957de3": 1008947.05, "0x0000000000c2f3017e5af636ea91bd68ec3888ed": 975635.4800000001, "0x54eeb92cf8ad49c2cb4dc8c9eb5dc9538836016b": 974148.25, "0x0c3de458b51a11da7d4616f42f66c861e3859d3e": 947946.5799999997, "0x5519935e51fc403f6c69894e683f268c1883e938": 942254.0500000002, "0x00000047bb99ea4d791bb749d970de71ee0b1a34": 916079.8800000002, "0xdcd4c1343b22dbba8e763417456713a7b6946b93": 889742.62, "0x67e5dbe8b910b307adfee1c119c63f417101300b": 860068.19, "0xe20cd9377c204a27952f8b41075f0b8bd1ceec3d": 803670.1800000003, "0x638574d80a0c6bde199c4dda94fb2b9366544cbc": 790861.71, "0x27549c02585ef9b29f0ac8fea8f44a5052735212": 759627.59, "0xc758d5718147c8c5bc440098d623cf8d96b95b83": 749916.4600000003, "0x770e2e68000065ac970382fe3af0d500bb00a200": 718620.58, "0xc11ce44147c9f6149fbe54adb0588523c38718d7": 689318.4699999999, "0xcac7f5ecc7ec8db67c08bf156e8a1e493966c7d3": 673585.6899999998, "0x797a05dd6a8bfc1e1eaaa62e744d3aff197c46b1": 669735.0500000003, "0x8140cc5cea6b8a48a0d5d29e37fe95dc9bd6efb8": 668349.47, "0x1a7db09d22ea51eed95c15b48edf19857d734c58": 664936.7499999999, "0x9ea3cda5c2adf0370454b9ee28786a068227b1a4": 653161.6699999998, "0x0000000f9c4e004706afdca3b2f0c8f08838eb58": 627415.4200000002, "0x5c42b3edb5b8f18e9937b0835912968e82db8e76": 609149.33, "0xf249cec5882bf45c028550de230aeb1a8f905597": 599339.2200000001, "0x000000e1fddf4fe15db5f23ae3ee83c6a11e8dd1": 586357.9699999999, "0x67479449b2cf25aee2fb6ef6f0aec54591154f62": 586346.97, "0xcfd4176f7975c70f800d87aeaca316270521595a": 584649.21, "0x2b3b6d4c350a48d7f224242656aabb6fae3bc955": 581462.95, "0x95c0c8a41caaa33f22ff042dc4279ed2b4e74041": 564967.4, "0x445947140f5e1b742439f6ee24a7690d077bbb89": 562894.46, "0xb8fda4a24fb520963584c18e614cc6624443f897": 544302.6000000001, "0xa5b411aaeb798d99f107932689a5eece4d72a2ec": 536542.3699999999, "0x06d9ca334a8a74474e9b6ee31280c494321ae759": 528657.5, "0x06713453be24299581ee75187c5348f9f82af0f6": 527323.59, "0xdc454d57367a9eec647e349e75f7162de3e2ccc5": 519496.06999999995, "0x350232f55a38254320c0200c216ac899f6808014": 511889.47000000003, "0x0ef8b4525c69bfa7bdece3ab09f95bbf0944b783": 506425.55999999994, "0x14f9b823e234af73fe4f792c9cd25654a18255c4": 498033.20000000007, "0x3fa6fff7212d3fa4317cf1955fa690993d8ced70": 489390.3899999999, "0x7121872f198318a4c6bdce76ad4091a1b00128e9": 480727.06, "0xf9c814da15db75f7857898bad52df7404539c4e7": 440356.48000000004, "0xaa46a59e0c975fa844141969de0b997102a63b9b": 438290.48, "0x02e7b8511831b1b02d9018215a0f8f500ea5c6b3": 426473.8599999999}