{"0x51c72848c68a965f66fa7a88855f9f7784502a7f": 1315586780.7400002, "0xe8cfad4c75a5e1caf939fd80afcf837dde340a69": 642437279.8000005, "0xa69babef1ca67a37ffaf7a485dfff3382056e78c": 437891599.9900005, "0x28e261390adaa654f29dbe268109baf06e9b4cc4": 212474831.58999994, "0x6f1cdbbb4d53d226cf4b917bf768b94acbab6168": 189092725.2199999, "0xbc2c6cd5013585ac720160efcb1feced30837177": 154533838.78999996, "0x98c3d3183c4b8a650614ad179a1a98be0a8d6b8e": 72059321.73000002, "0x2deae6ce94d65ac1de19a1fc4bb160c4e02c92ef": 47605522.58, "0x32801ab1957aaad1c65289b51603373802b4e8bb": 38311412.22, "0x000000000dfde7deaf24138722987c9a6991e2d4": 30747295.65000001, "0x99b1817acb40e76c309e26b2face9da9eff55317": 14336417.900000002, "0x4a137fd5e7a256ef08a7de531a17d0be0cc7b6b6": 14265081.71, "0xbc54cb8f702f6f404aa83d986ee793db5c4e5359": 14071114.409999995, "0x360e051a25ca6decd2f0e91ea4c179a96c0e565e": 12508383.999999996, "0xcb83ca9633ad057bd88a48a5b6e8108d97ad4472": 7996442.479999994, "0xc758d5718147c8c5bc440098d623cf8d96b95b83": 7913426.329999999, "0x2f1d79860cf6ea3f4b3b734153b52815773c0638": 7299695.88, "0x1fb421310ceacd0afb2a429bbb4682e522b38ecb": 5201420.540000007, "0xef97b8a6cbb72feeccf5bc5e897078e9e53ee0a4": 5084447.95, "0x63756a3c3bf677baab9d9e06457402ed05be8570": 4783676.620000003, "0xb6569481dccddd527c2b0e8ba32f494e52224ca1": 3586893.76, "0x8385c093657503aebd55bac4a9bb0df5d3528835": 3363537.2300000014, "0xf06434725b19cbaab053cb0b28f33818dca8630f": 3301230.649999999, "0x8fe96010dc934df5d2bc81aaa65a869fd850b930": 2754277.6699999985, "0xcfd4176f7975c70f800d87aeaca316270521595a": 2666672.5600000005, "0x000000e1fddf4fe15db5f23ae3ee83c6a11e8dd1": 2560433.950000001, "0xf9c814da15db75f7857898bad52df7404539c4e7": 2344318.11, "0x4779b863d95be89ecbd6761a6c8641b51871c08f": 1882453.44, "0x16d5a408e807db8ef7c578279beeee6b228f1c1c": 1863621.54, "0x775c559d9a48ce5a8444c1035c3a8921ab477b8e": 1816692.1600000004, "0x7d23e5c85c9525b777ba9b317f4aa271d33b69a5": 1801423.1100000006, "0x030f11dcba56b8038c3c94f056ea68dc7668630e": 1733969.56, "0x770e2e68000065ac970382fe3af0d500bb00a200": 1532390.33, "0x3fa6fff7212d3fa4317cf1955fa690993d8ced70": 1266579.7499999998, "0xad2939fa703143226c1b334909e632b035562933": 1166505.8599999999, "0x49ad262c49c7aa708cc2df262ed53b64a17dd5ee": 1151712.43, "0xec55e7cfebbe4f878e9dd998d3a038458ac3197d": 1144808.78, "0x0000000000c2f3017e5af636ea91bd68ec3888ed": 1143909.9199999997, "0xe6ae75be7c9317af842b8f2c2cd6dc7f49f17184": 1115205.46, "0xac682edd8729d679d6c044cf44e975d5b8fcf90f": 1098447.7, "0x40d278067820867d9f244addfb9b38f5fe6760c6": 1049553.53, "0x84906e5d956b7864a95c8e5253aad7f369f8cbb0": 1001412.24}