{"0x51c72848c68a965f66fa7a88855f9f7784502a7f": 884862243.4900016, "0xa69babef1ca67a37ffaf7a485dfff3382056e78c": 524062589.2099989, "0xe8cfad4c75a5e1caf939fd80afcf837dde340a69": 333653412.77, "0xd7f3fbe8c72a961a5515203eada59750437fa762": 163997620.53999996, "0x5050e08626c499411b5d0e0b5af0e83d3fd82edf": 120476885.89999999, "0xbc2c6cd5013585ac720160efcb1feced30837177": 86346843.61999997, "0xaafb85ad4a412dd8adc49611496a7695a22f4aeb": 80181895.07, "0x28e261390adaa654f29dbe268109baf06e9b4cc4": 77466854.37999994, "0x6f1cdbbb4d53d226cf4b917bf768b94acbab6168": 76450094.55999997, "0x0000000000590b74eb97457bf7b3ff6d63c6fde2": 54427227.94, "0xf06434725b19cbaab053cb0b28f33818dca8630f": 29642190.98000001, "0x000000000dfde7deaf24138722987c9a6991e2d4": 28667333.66, "0x98c3d3183c4b8a650614ad179a1a98be0a8d6b8e": 24854170.51, "0x67fd18ffedb11f820e54b43d54fa756d74f6add7": 9956834.030000001, "0x4a137fd5e7a256ef08a7de531a17d0be0cc7b6b6": 9107426.089999996, "0x70c66f3ce5a5387a70e2773d054eff572525c6f4": 8976026.780000001, "0xfbeedcfe378866dab6abbafd8b2986f5c1768737": 7335857.79, "0x80d4230c0a68fc59cb264329d3a717fcaa472a13": 6083887.04, "0x030f11dcba56b8038c3c94f056ea68dc7668630e": 5097531.829999998, "0xd249942f6d417cbfdcb792b1229353b66c790726": 3828026.5000000005, "0xf0d4c12a5768d806021f80a262b4d39d26c58b8d": 3630931.7299999995, "0xe545c3cd397be0243475af52bcff8c64e9ead5d7": 3615916.36, "0x81153f0889ab398c4acb42cb58b565a5392bba95": 3545460.029999999, "0xeaabd0e75e930f9f36b68be30202d47fd9b58b92": 3228825.17, "0x99b1817acb40e76c309e26b2face9da9eff55317": 2680592.91, "0x1fb421310ceacd0afb2a429bbb4682e522b38ecb": 2650535.2099999995, "0x493f461aead031cee2027f1b95370a692611acb9": 2467020.94, "0xf249cec5882bf45c028550de230aeb1a8f905597": 2305324.119999999, "0x2f1d79860cf6ea3f4b3b734153b52815773c0638": 2241423.5599999996, "0x6719c6ebf80d6499ca9ce170cda72beb3f1d1a54": 2107159.7199999997, "0xe4000004000bd8006e00720000d27d1fa000d43e": 1930060.4, "0xf9c814da15db75f7857898bad52df7404539c4e7": 1876868.1199999999, "0x1fc4b4bdf5162aa5e357041945c9333b2818adad": 1834875.2800000003, "0xe6ae75be7c9317af842b8f2c2cd6dc7f49f17184": 1814089.8600000003, "0x00004ec2008200e43b243a000590d4cd46360000": 1781997.5600000008, "0x797a05dd6a8bfc1e1eaaa62e744d3aff197c46b1": 1743201.5499999996, "0x9ea3cda5c2adf0370454b9ee28786a068227b1a4": 1716406.1800000004, "0x6cd057f80d4bb8f7da756df0ab6d4ddc967a2cc6": 1681465.0799999998, "0xc6fecdf760af24095cded954de7d81ab49f8bae1": 1379398.4900000002, "0xf88424cc0ffef9fd8456ca982cb5eaf872585a46": 1369136.56, "0x0c3de458b51a11da7d4616f42f66c861e3859d3e": 1227441.9099999997, "0xc758d5718147c8c5bc440098d623cf8d96b95b83": 1203318.2599999998, "0xedfa6a2036f1cf4aabb8724491d5714376ff5fd6": 1144533.1300000001, "0xc11ce44147c9f6149fbe54adb0588523c38718d7": 1130114.8099999991, "0x5519935e51fc403f6c69894e683f268c1883e938": 1064048.64, "0xe2b6601667f0a6bd9f68441e2e0b81e4fcfbb2eb": 1039304.8999999999, "0x6a6fa664d4fa49a6a780a1d6143f079f8dd7c33d": 962092.03, "0x0000e0ca771e21bd00057f54a68c30d400000000": 949911.8900000002, "0x8385c093657503aebd55bac4a9bb0df5d3528835": 931396.2799999994, "0xdcea2f0edc226aa3b5539503f8f68725b4bbffce": 888673.1000000001, "0x7d32c90762e22379235fc311fdb16fab399ed40a": 843458.48, "0xa976ea51b9ba3232706af125a92e32788dc08ddc": 827792.27, "0x5e51328c0583094b76f28cfd532abc3d454fcfea": 766023.4, "0x838a5832eb19cfce692809f5b2de44b15380cda2": 754782.5700000002, "0x235c1fcd169a7e6ffca463f9c22d88beceeba62b": 733652.69, "0x1cdcec6630c99863fb1307c812691bc688f3e92e": 719132.79, "0xe1ce310e3cb20073ff25b1a76faa7e032f41cf7c": 710008.8500000008, "0xcfa6af75a34dce9e2742e22898f8500000000766": 709197.4299999999, "0x5ea363d1b8c524e864dd6cd87b5b4eb8b4850227": 695687.1900000005, "0xaa4cf5eea72fd54c215071e6cd816f29699da023": 684995.73, "0x445947140f5e1b742439f6ee24a7690d077bbb89": 647965.2800000001, "0x4128c361da41df0a14d0b48badd37e6d2135c3ed": 644830.97, "0xd8c07491caa1edf960db3ceff387426d53942ea0": 637342.79, "0xbb83b1b240220e82a0a4ba8a6c9e9b044b225e56": 636710.2, "0xb0bababe78a9be0810fadf99dd2ed31ed12568be": 636271.12, "0xf411fca55e1a892c9ba6d04abe5ca26ec1764d2b": 614240.8699999999, "0x1c073d5045b1abb6924d5f0f8b2f667b1653a4c3": 612945.3799999999, "0x702d948cb6519fe2ebc189b6ff76ea8f2b294aa6": 611253.4600000001}