{"0x51c72848c68a965f66fa7a88855f9f7784502a7f": 899766129.4100051, "0xa69babef1ca67a37ffaf7a485dfff3382056e78c": 515375536.1399987, "0xe8cfad4c75a5e1caf939fd80afcf837dde340a69": 332466406.6199998, "0xd7f3fbe8c72a961a5515203eada59750437fa762": 164342160.10999992, "0x5050e08626c499411b5d0e0b5af0e83d3fd82edf": 120575808.98999994, "0xbc2c6cd5013585ac720160efcb1feced30837177": 86928106.89999998, "0x28e261390adaa654f29dbe268109baf06e9b4cc4": 85429093.06, "0x6f1cdbbb4d53d226cf4b917bf768b94acbab6168": 78854643.37999997, "0xaafb85ad4a412dd8adc49611496a7695a22f4aeb": 76606624.48, "0x0000000000590b74eb97457bf7b3ff6d63c6fde2": 48876119.39000001, "0xf06434725b19cbaab053cb0b28f33818dca8630f": 28902729.440000016, "0x000000000dfde7deaf24138722987c9a6991e2d4": 28631615.849999998, "0x98c3d3183c4b8a650614ad179a1a98be0a8d6b8e": 27462000.160000023, "0x70c66f3ce5a5387a70e2773d054eff572525c6f4": 9968493.620000001, "0x4a137fd5e7a256ef08a7de531a17d0be0cc7b6b6": 8895703.69, "0xfbeedcfe378866dab6abbafd8b2986f5c1768737": 6956189.880000001, "0x80d4230c0a68fc59cb264329d3a717fcaa472a13": 6133820.0600000005, "0x030f11dcba56b8038c3c94f056ea68dc7668630e": 5238341.019999999, "0xd249942f6d417cbfdcb792b1229353b66c790726": 3846560.6600000006, "0x81153f0889ab398c4acb42cb58b565a5392bba95": 3644795.510000001, "0xe545c3cd397be0243475af52bcff8c64e9ead5d7": 3616446.34, "0xf0d4c12a5768d806021f80a262b4d39d26c58b8d": 3399848.8799999994, "0xeaabd0e75e930f9f36b68be30202d47fd9b58b92": 3085882.8200000003, "0x6af49606d941cda32de1ee94397dc821ceb09dac": 2788407.0000000005, "0x1fb421310ceacd0afb2a429bbb4682e522b38ecb": 2637944.41, "0x99b1817acb40e76c309e26b2face9da9eff55317": 2522310.3000000007, "0x493f461aead031cee2027f1b95370a692611acb9": 2456648.95, "0xf249cec5882bf45c028550de230aeb1a8f905597": 2310328.869999999, "0x2f1d79860cf6ea3f4b3b734153b52815773c0638": 2273343.88, "0x6719c6ebf80d6499ca9ce170cda72beb3f1d1a54": 2144062.4499999997, "0xe4000004000bd8006e00720000d27d1fa000d43e": 2019585.7900000003, "0xf9c814da15db75f7857898bad52df7404539c4e7": 1853565.1199999999, "0x00004ec2008200e43b243a000590d4cd46360000": 1834159.7500000005, "0xe6ae75be7c9317af842b8f2c2cd6dc7f49f17184": 1770257.490000001, "0x9ea3cda5c2adf0370454b9ee28786a068227b1a4": 1685274.09, "0x6cd057f80d4bb8f7da756df0ab6d4ddc967a2cc6": 1681465.08, "0x1fc4b4bdf5162aa5e357041945c9333b2818adad": 1548704.92, "0xcdd374f491fbf3f4fcf6e9023c99043774005137": 1501922.62, "0x797a05dd6a8bfc1e1eaaa62e744d3aff197c46b1": 1447173.129999999, "0xf88424cc0ffef9fd8456ca982cb5eaf872585a46": 1369136.56, "0xc6fecdf760af24095cded954de7d81ab49f8bae1": 1326221.8000000003, "0x0c3de458b51a11da7d4616f42f66c861e3859d3e": 1235795.739999999, "0xc758d5718147c8c5bc440098d623cf8d96b95b83": 1205626.0499999993, "0xedfa6a2036f1cf4aabb8724491d5714376ff5fd6": 1171179.6000000003, "0xc11ce44147c9f6149fbe54adb0588523c38718d7": 1130225.109999999, "0x5519935e51fc403f6c69894e683f268c1883e938": 1071118.8099999998, "0xe2b6601667f0a6bd9f68441e2e0b81e4fcfbb2eb": 1017909.22, "0x6a6fa664d4fa49a6a780a1d6143f079f8dd7c33d": 962092.03, "0x0000e0ca771e21bd00057f54a68c30d400000000": 941541.0100000006, "0x8385c093657503aebd55bac4a9bb0df5d3528835": 910061.5599999998, "0xa976ea51b9ba3232706af125a92e32788dc08ddc": 827792.27, "0x7d32c90762e22379235fc311fdb16fab399ed40a": 826723.83, "0x235c1fcd169a7e6ffca463f9c22d88beceeba62b": 795483.41, "0x5e51328c0583094b76f28cfd532abc3d454fcfea": 750886.9899999998, "0xe1ce310e3cb20073ff25b1a76faa7e032f41cf7c": 749378.7500000008, "0x838a5832eb19cfce692809f5b2de44b15380cda2": 727152.2000000002, "0x1cdcec6630c99863fb1307c812691bc688f3e92e": 719132.79, "0xb0bababe78a9be0810fadf99dd2ed31ed12568be": 714424.3499999999, "0xcfa6af75a34dce9e2742e22898f8500000000766": 701657.68, "0x775c559d9a48ce5a8444c1035c3a8921ab477b8e": 670180.2600000001, "0x5ea363d1b8c524e864dd6cd87b5b4eb8b4850227": 655585.3600000002, "0x702d948cb6519fe2ebc189b6ff76ea8f2b294aa6": 646171.4000000001, "0x4128c361da41df0a14d0b48badd37e6d2135c3ed": 637663.55, "0xd8c07491caa1edf960db3ceff387426d53942ea0": 637342.79, "0xbb83b1b240220e82a0a4ba8a6c9e9b044b225e56": 636710.2000000001, "0x1c073d5045b1abb6924d5f0f8b2f667b1653a4c3": 612945.38, "0xf411fca55e1a892c9ba6d04abe5ca26ec1764d2b": 608103.74, "0x445947140f5e1b742439f6ee24a7690d077bbb89": 603814.4500000001, "0x3fa6fff7212d3fa4317cf1955fa690993d8ced70": 530017.0100000001}