{"0x51c72848c68a965f66fa7a88855f9f7784502a7f": 739778901.6899968, "0xa69babef1ca67a37ffaf7a485dfff3382056e78c": 617512992.609999, "0xe8cfad4c75a5e1caf939fd80afcf837dde340a69": 330445868.58, "0xbc2c6cd5013585ac720160efcb1feced30837177": 176772281.44, "0x28e261390adaa654f29dbe268109baf06e9b4cc4": 73967935.76000002, "0x2deae6ce94d65ac1de19a1fc4bb160c4e02c92ef": 70258182.93000002, "0x6f1cdbbb4d53d226cf4b917bf768b94acbab6168": 54661159.12999999, "0x000000000dfde7deaf24138722987c9a6991e2d4": 30916251.440000027, "0xfbeedcfe378866dab6abbafd8b2986f5c1768737": 19173151.340000004, "0x98c3d3183c4b8a650614ad179a1a98be0a8d6b8e": 16772346.660000008, "0x13f1c719c7114ac47d3f6ce8597a8c55ec7983da": 14306427.360000001, "0x4a137fd5e7a256ef08a7de531a17d0be0cc7b6b6": 9774632.040000001, "0xc758d5718147c8c5bc440098d623cf8d96b95b83": 3605022.659999999, "0x1fb421310ceacd0afb2a429bbb4682e522b38ecb": 2580646.250000001, "0x2ef3216e95e2b7c8e378ae64534100e69598f955": 2465748.4800000004, "0x4353e2df4e3444e97e20b2bda165bdd9a23913ab": 2270018.4, "0xf06434725b19cbaab053cb0b28f33818dca8630f": 2259430.84, "0x2f1d79860cf6ea3f4b3b734153b52815773c0638": 2188184.8, "0xa1b3c586731d74178803318db709ffaac442ead7": 1738859.12, "0xf9c814da15db75f7857898bad52df7404539c4e7": 1696666.1500000001, "0x99b1817acb40e76c309e26b2face9da9eff55317": 1677100.51, "0x49ad262c49c7aa708cc2df262ed53b64a17dd5ee": 1630696.52, "0xc8673922a2ca5415bcc2e2b2b8c607058d2375b0": 1569963.22, "0x4cdf98ee2c037f5ad985b46a26d6a63f1d40f797": 1444585.8, "0x9bcb3df80ce6545b0878dca0a560663159c1467c": 1420482.4100000001, "0x63756a3c3bf677baab9d9e06457402ed05be8570": 1371439.2499999995, "0xcfd4176f7975c70f800d87aeaca316270521595a": 1129135.9600000002, "0xac682edd8729d679d6c044cf44e975d5b8fcf90f": 1118144.7100000002, "0x0c3de458b51a11da7d4616f42f66c861e3859d3e": 1065131.2899999998, "0x797a05dd6a8bfc1e1eaaa62e744d3aff197c46b1": 1063779.1900000004, "0xb91d9b045f8a64bca4c69625b00001109932be34": 1050486.46, "0x1cdcec6630c99863fb1307c812691bc688f3e92e": 1041895.0700000001, "0x030f11dcba56b8038c3c94f056ea68dc7668630e": 1012111.8700000002, "0x9ea3cda5c2adf0370454b9ee28786a068227b1a4": 920677.2499999997, "0xe6ae75be7c9317af842b8f2c2cd6dc7f49f17184": 858134.59, "0xe4000004000bd8006e00720000d27d1fa000d43e": 853392.4700000002, "0x16d5a408e807db8ef7c578279beeee6b228f1c1c": 841915.33, "0xb45a3bb2eca691fea6681ae3835d71821890249e": 832120.7799999997}