{"0xa69babef1ca67a37ffaf7a485dfff3382056e78c": 2318808780.320013, "0xe8cfad4c75a5e1caf939fd80afcf837dde340a69": 2128109992.129999, "0x9507c04b10486547584c37bcbd931b2a4fee9a41": 1078814192.7099998, "0xd7f3fbe8c72a961a5515203eada59750437fa762": 1043830213.8499997, "0x28e261390adaa654f29dbe268109baf06e9b4cc4": 483094303.62000006, "0x000000000dfde7deaf24138722987c9a6991e2d4": 341335378.3600001, "0x767c8bb1574bee5d4fe35e27e0003c89d43c5121": 262380786.34000015, "0x053f661abf26d086194540f20f312e0d90a61302": 197387739.77000004, "0x6f1cdbbb4d53d226cf4b917bf768b94acbab6168": 185051014.9499999, "0x98c3d3183c4b8a650614ad179a1a98be0a8d6b8e": 155061404.1800002, "0xbfef411d9ae30c5b471d529c838f1abb7b65d67f": 136397641.01999998, "0x0773edc0438b2ef18fc535b21d0ac77912c308c0": 135078832.32, "0xbc2c6cd5013585ac720160efcb1feced30837177": 130288709.38000004, "0x4a137fd5e7a256ef08a7de531a17d0be0cc7b6b6": 117558329.52000001, "0x812c1e2ce48c2672b81b7711275df545cdf53655": 112246420.5, "0xff62dfadca3b5643d0b283571fe154d886580c0c": 90569545.17999999, "0xeaabd0e75e930f9f36b68be30202d47fd9b58b92": 78096192.62, "0x1124e98c355b4893e1e6903c65dd0ea6ee7d076b": 64723872.379999995, "0x9705b569ce3d1ddbe421c7b3b4e495445b096160": 60252095.31, "0x593ac83229d3099c57cc721540c4d535a7fbbfd6": 54525344.280000016, "0xa21a2b59d80dc42d332f778cbb9ea127100e5d75": 49993361.84, "0xd1ba45a0d2370cc04b00e95fc820ff4014150260": 43762320.949999996, "0x73d4679f03b29b96e14d8b699ca5f48d43777f39": 41874305.34, "0x1c073d5045b1abb6924d5f0f8b2f667b1653a4c3": 40778571.92, "0x87870bca3f3fd6335c3f4ce8392d69350b4fa4e2": 32840430.72, "0x75823f8b0ec5d3d0fe39c1c99e3d88d647f3b2db": 32775306.010000005, "0x752e87b5f1397e171d5383cec3d4c51a8d3c114b": 30509229.000000004, "0xd249942f6d417cbfdcb792b1229353b66c790726": 30100110.059999995, "0xfbeedcfe378866dab6abbafd8b2986f5c1768737": 29708005.049999997, "0xf06434725b19cbaab053cb0b28f33818dca8630f": 28833115.41, "0x5050e08626c499411b5d0e0b5af0e83d3fd82edf": 26190440.97999998, "0x99999999d116ffa7d76590de2f427d8e15aeb0b8": 25094395.54999999, "0x81153f0889ab398c4acb42cb58b565a5392bba95": 24164614.07, "0xff08893cfbb38cd75bcfcc7540ef41b08e0135b9": 23713161.21, "0x2f1d79860cf6ea3f4b3b734153b52815773c0638": 23085111.79, "0x638574d80a0c6bde199c4dda94fb2b9366544cbc": 22638049.61, "0x4619b39706f6eca70d820b27df877fafaaa40f41": 17939205.319999997, "0xf88424cc0ffef9fd8456ca982cb5eaf872585a46": 17643018.25, "0x966d8c1f61bae657d577077abfbd7d896c09e242": 17489454.65, "0xbf901f52aef5bb098f6f7918e1fa0c639720f409": 17082116.81, "0xe08beb8c48e71fd08560db2fbaaa0701b187c7a7": 16538714.429999998, "0xcb1b068cb3937feaa2106d430af49681982626bc": 16028342.559999999, "0xf249cec5882bf45c028550de230aeb1a8f905597": 15998427.219999991, "0x901996e18a3b15359a62ceb247647665fb8ade89": 11938405.48, "0xdb46ac1b9b2cd2e4a452b991dc5417261e87b60c": 11437109.94, "0x329e0e39d814d4ee6b45afa660b8a2f5fb23c298": 11193310.200000003, "0x64a53b849072a4d778cec579396e279f299b0bec": 11099891.530000001, "0xbb3520096b00071a25af2add99d1bc1391ae922b": 10278797.750000002, "0x903d6f3f62224c0c67c4eafb41cbf515c08eeeb4": 10190031.379999999, "0xc758d5718147c8c5bc440098d623cf8d96b95b83": 10124078.140000004, "0x37da6eea6b28d05fd289d6283e3d6c0edff19daf": 9347562.64, "0x1fb421310ceacd0afb2a429bbb4682e522b38ecb": 8962740.010000007, "0x767af52d988d1241a346851a1b39ccd11357376e": 8893142.09, "0x59eb354d7705abd7564ca74eb10e74fe0337d508": 7588548.100000001, "0x99b1817acb40e76c309e26b2face9da9eff55317": 7100690.269999999, "0xfe141c32e36ba7601d128f0c39dedbe0f6abb983": 7069633.46, "0x3368c3e320140890427d60936b11d3a49485120a": 6842114.139999999, "0x770e2e68000065ac970382fe3af0d500bb00a200": 6745022.640000002, "0x585c3d4da9b533c7e3df8ac7356c882859298cee": 6720629.610000002, "0x72146a3ead3a256e8a2189e3cedc0b7bd61991ed": 6649246.39, "0x0000000f9c4e004706afdca3b2f0c8f08838eb58": 6223600.989999997, "0x73b59d25f472c8302f74651593b209b01eaa971a": 5998216.279999999, "0x6af49606d941cda32de1ee94397dc821ceb09dac": 5996493.3, "0x1da05bce1edd2369cddcb35e747859ef6a675010": 5990699.800000001, "0x8385c093657503aebd55bac4a9bb0df5d3528835": 5879632.460000006, "0xe2b8eb988735f7709d08b7d07b41460073904830": 5878267.189999999, "0x83e1d994dbc9c0868cd83c7b8c4db2bd2341cb1e": 5690223.52, "0x6719c6ebf80d6499ca9ce170cda72beb3f1d1a54": 5655443.800000003, "0x80aca0c645fedabaa20fd2bf0daf57885a309fe6": 5654586.259999999, "0x7b577a879665ef6ad344da61de7ec2371f6ff68f": 5585603.640000002, "0x1cdcec6630c99863fb1307c812691bc688f3e92e": 5216570.7299999995, "0x000000e1fddf4fe15db5f23ae3ee83c6a11e8dd1": 5206864.000000001, "0xc1c5ee0c9d48cdffd61d51f782f59acc32861769": 5140839.24, "0x775c559d9a48ce5a8444c1035c3a8921ab477b8e": 5032063.0200000005, "0x000000000000be0ab658f92dddac29d6df19a3be": 4922058.899999999, "0x12b6eba545e4a9666cb7a77d1da25df9ffb172f3": 4780323.600000001, "0xa5b411aaeb798d99f107932689a5eece4d72a2ec": 4579598.390000006, "0xc4b3fadbfbb49a8ab2621ad0078ca447690aed26": 4336852.710000001, "0x2b3b6d4c350a48d7f224242656aabb6fae3bc955": 4279362.359999999, "0x8f95f14b0013a8eda8e21f2c0b9fba2d34057491": 4275097.359999999, "0x0c3de458b51a11da7d4616f42f66c861e3859d3e": 4265962.79, "0x797a05dd6a8bfc1e1eaaa62e744d3aff197c46b1": 4239890.049999998, "0xf332720d9daded8da18740851dc38b84d0d74742": 4223466.73, "0x54eeb92cf8ad49c2cb4dc8c9eb5dc9538836016b": 4027251.4100000006, "0xa976ea51b9ba3232706af125a92e32788dc08ddc": 3897469.6999999997, "0x7c43911c9e5d1bfa28844ff6728e7f9696e554d8": 3772385.69, "0x3058ae131a717b69cc4d0d19238b76b1a3b57942": 3648832.8499999996, "0xe6ae75be7c9317af842b8f2c2cd6dc7f49f17184": 3571762.4599999995, "0x0998b994b9ce16d8b8593323e679053e303b2ea9": 3519198.3899999997, "0xcfd4176f7975c70f800d87aeaca316270521595a": 3485112.9100000015, "0x92d2c19ef1485548c7fcfd975a8049a217292191": 3389421.1400000006, "0x6ed50b7908ce5ed0901d27ae3c7dc556dc036b4e": 3371303.76, "0x02e7b8511831b1b02d9018215a0f8f500ea5c6b3": 3344748.41, "0x445947140f5e1b742439f6ee24a7690d077bbb89": 3324883.2100000004, "0x16d5a408e807db8ef7c578279beeee6b228f1c1c": 3245403.6300000004, "0xfd4838e0bd3955ffa902cb0e6ffa93704f863232": 3200834.4, "0x9ea3cda5c2adf0370454b9ee28786a068227b1a4": 3198853.41, "0x24c67beef21c83546062f29afa1bfe7bc35e4b13": 2998467.87, "0x51c72848c68a965f66fa7a88855f9f7784502a7f": 2995209.01, "0xb7fdda5330daea72514db2b84211afebd19277ca": 2871405.09, "0x8140cc5cea6b8a48a0d5d29e37fe95dc9bd6efb8": 2864276.2299999995, "0xa1b3c586731d74178803318db709ffaac442ead7": 2774649.12, "0x4025ee6512dbbda97049bcf5aa5d38c54af6be8a": 2726170.9800000004, "0x997d1ed51ff7389883913311810176cbdbd5d1d5": 2659776.67, "0x5f40e515f50724892a64f3056cc5b17b16504e55": 2636219.8400000003, "0xc984295ad7a950fb5031154bcfc0b6267b948706": 2496815.34, "0xf46af2d3bfeed5d1369d1b150d664b99f10a85e4": 2323398.32, "0xf3d73e0b269af04e856b83034b319f247e1e1c9f": 2299256.71, "0x455d80a02411f8ff918d10b4e6fb23fa5c225267": 2239042.64, "0xbd4fecd9337d22514fdd6d7fbeb9155cf8d790b1": 2232207.01, "0x5ebcf153f7e1d18679bba56f4c8d3ea40052cd21": 2196004.02, "0x8aeebed167690ccdcf2f2c682baba1e639d941d8": 2138076.05, "0x01372be9616ff00469d3e509b77d6960af757180": 2134067.1799999997, "0xa0b18cdf5f395d98c061b753d8dedb28c7aee450": 2113750.88, "0x67e5dbe8b910b307adfee1c119c63f417101300b": 2031320.2399999998, "0xf03f1a572792339f625e44a1c304ec826659c259": 2002514.2299999995, "0xc181508855d176451cb031f878db9e7c92cec94e": 1938254.8299999996, "0x0bd2af7132ff0f92566db2f4093ca422a093ee4d": 1900189.8499999999, "0xe001265bdd05a6c84bb3614000c3be7adfd04a83": 1808463.6400000004, "0xa302ab2473e6682525db2e2ed15f3dba03930d38": 1749264.3300000005, "0x3fa6fff7212d3fa4317cf1955fa690993d8ced70": 1718473.7100000002, "0x63756a3c3bf677baab9d9e06457402ed05be8570": 1711733.3299999998, "0x3fd49a8f37e2349a29ea701b56f10f03b08f1532": 1710879.28, "0x1dc5d88b1b60cdd539c773b8f8e5716e40436c89": 1698374.92, "0x375f6b0cd12b34dc28e34c26853a37012c24dde5": 1529025.1300000001, "0xcbe1504b6bcea2bc2506a324245a02c55bf48299": 1511515.94, "0x4620cf400abc82fd1ed4c6de2f5e02298f61d730": 1494058.3399999999,