{"rsync-builder": {"0x51c72848c68a965f66fa7a88855f9f7784502a7f": 729422106.7799969, "0xe8cfad4c75a5e1caf939fd80afcf837dde340a69": 65007250.38, "0x28e261390adaa654f29dbe268109baf06e9b4cc4": 33056311.110000014, "0x6f1cdbbb4d53d226cf4b917bf768b94acbab6168": 15727439.480000002, "0x2deae6ce94d65ac1de19a1fc4bb160c4e02c92ef": 13460543.600000001, "0x000000000dfde7deaf24138722987c9a6991e2d4": 10831482.570000011, "0x98c3d3183c4b8a650614ad179a1a98be0a8d6b8e": 7143754.740000008, "0xfbeedcfe378866dab6abbafd8b2986f5c1768737": 5909909.58, "0xa69babef1ca67a37ffaf7a485dfff3382056e78c": 2126450.95, "0x13f1c719c7114ac47d3f6ce8597a8c55ec7983da": 1574112.35, "0x1fb421310ceacd0afb2a429bbb4682e522b38ecb": 1018473.8100000011, "0xc758d5718147c8c5bc440098d623cf8d96b95b83": 980210.7400000001, "0x16d5a408e807db8ef7c578279beeee6b228f1c1c": 841915.33, "0xc8673922a2ca5415bcc2e2b2b8c607058d2375b0": 816635.0, "0x2ef3216e95e2b7c8e378ae64534100e69598f955": 792090.33, "0x2f1d79860cf6ea3f4b3b734153b52815773c0638": 679913.2, "0x99b1817acb40e76c309e26b2face9da9eff55317": 674490.1300000002, "0xf06434725b19cbaab053cb0b28f33818dca8630f": 653954.0399999999, "0x9bcb3df80ce6545b0878dca0a560663159c1467c": 636276.19, "0x49ad262c49c7aa708cc2df262ed53b64a17dd5ee": 629681.23, "0x63756a3c3bf677baab9d9e06457402ed05be8570": 503752.87999999983, "0x1cdcec6630c99863fb1307c812691bc688f3e92e": 417447.01, "0x4cdf98ee2c037f5ad985b46a26d6a63f1d40f797": 414301.72, "0xac682edd8729d679d6c044cf44e975d5b8fcf90f": 388105.9600000001, "0xcfd4176f7975c70f800d87aeaca316270521595a": 358295.51000000007, "0x797a05dd6a8bfc1e1eaaa62e744d3aff197c46b1": 340795.5199999999, "0x030f11dcba56b8038c3c94f056ea68dc7668630e": 331091.1900000002, "0x0c3de458b51a11da7d4616f42f66c861e3859d3e": 316032.94999999995, "0x9ea3cda5c2adf0370454b9ee28786a068227b1a4": 286445.88999999984, "0xe6ae75be7c9317af842b8f2c2cd6dc7f49f17184": 262084.86999999994, "0xb45a3bb2eca691fea6681ae3835d71821890249e": 198391.05000000002, "0xe4000004000bd8006e00720000d27d1fa000d43e": 193448.72, "0x4a137fd5e7a256ef08a7de531a17d0be0cc7b6b6": 171757.69, "0xb91d9b045f8a64bca4c69625b00001109932be34": 81479.26000000001}, "beaverbuild": {"0xa69babef1ca67a37ffaf7a485dfff3382056e78c": 604332975.8899989, "0xe8cfad4c75a5e1caf939fd80afcf837dde340a69": 80867639.55999997, "0x2deae6ce94d65ac1de19a1fc4bb160c4e02c92ef": 37394368.35000002, "0x6f1cdbbb4d53d226cf4b917bf768b94acbab6168": 23553355.499999993, "0x000000000dfde7deaf24138722987c9a6991e2d4": 12891641.290000012, "0x13f1c719c7114ac47d3f6ce8597a8c55ec7983da": 10325400.820000002, "0x51c72848c68a965f66fa7a88855f9f7784502a7f": 9514801.119999995, "0x28e261390adaa654f29dbe268109baf06e9b4cc4": 7697856.76, "0xfbeedcfe378866dab6abbafd8b2986f5c1768737": 6725535.98, "0x4a137fd5e7a256ef08a7de531a17d0be0cc7b6b6": 5108191.24, "0x98c3d3183c4b8a650614ad179a1a98be0a8d6b8e": 2999521.3199999966, "0xa1b3c586731d74178803318db709ffaac442ead7": 1738859.12, "0xf9c814da15db75f7857898bad52df7404539c4e7": 1680215.56, "0xc758d5718147c8c5bc440098d623cf8d96b95b83": 1293736.2399999988, "0xf06434725b19cbaab053cb0b28f33818dca8630f": 919162.2399999999, "0x2f1d79860cf6ea3f4b3b734153b52815773c0638": 843697.88, "0x1fb421310ceacd0afb2a429bbb4682e522b38ecb": 835948.97, "0x4cdf98ee2c037f5ad985b46a26d6a63f1d40f797": 823792.62, "0x1cdcec6630c99863fb1307c812691bc688f3e92e": 624448.06, "0x2ef3216e95e2b7c8e378ae64534100e69598f955": 593910.9700000003, "0x63756a3c3bf677baab9d9e06457402ed05be8570": 451993.2699999998, "0x99b1817acb40e76c309e26b2face9da9eff55317": 388126.3699999998, "0xac682edd8729d679d6c044cf44e975d5b8fcf90f": 335673.17999999993, "0x49ad262c49c7aa708cc2df262ed53b64a17dd5ee": 330943.6100000001, "0x030f11dcba56b8038c3c94f056ea68dc7668630e": 325634.84, "0xcfd4176f7975c70f800d87aeaca316270521595a": 323151.56000000006, "0xc8673922a2ca5415bcc2e2b2b8c607058d2375b0": 322175.41000000003, "0xe6ae75be7c9317af842b8f2c2cd6dc7f49f17184": 318193.77999999997, "0x797a05dd6a8bfc1e1eaaa62e744d3aff197c46b1": 316599.02000000014, "0x0c3de458b51a11da7d4616f42f66c861e3859d3e": 304903.3200000001, "0x9ea3cda5c2adf0370454b9ee28786a068227b1a4": 301165.2699999999, "0xe4000004000bd8006e00720000d27d1fa000d43e": 288657.82, "0xb45a3bb2eca691fea6681ae3835d71821890249e": 171912.48999999996, "0x9bcb3df80ce6545b0878dca0a560663159c1467c": 140456.85000000003}, "Titan Builder": {"0xbc2c6cd5013585ac720160efcb1feced30837177": 76349554.34999996, "0xe8cfad4c75a5e1caf939fd80afcf837dde340a69": 26495914.080000006, "0x28e261390adaa654f29dbe268109baf06e9b4cc4": 14392270.669999996, "0x6f1cdbbb4d53d226cf4b917bf768b94acbab6168": 7387394.529999998, "0x2deae6ce94d65ac1de19a1fc4bb160c4e02c92ef": 7011975.640000001, "0x98c3d3183c4b8a650614ad179a1a98be0a8d6b8e": 3471948.5100000016, "0xfbeedcfe378866dab6abbafd8b2986f5c1768737": 3200397.899999999, "0xa69babef1ca67a37ffaf7a485dfff3382056e78c": 3158407.560000002, "0x13f1c719c7114ac47d3f6ce8597a8c55ec7983da": 2301516.84, "0x4353e2df4e3444e97e20b2bda165bdd9a23913ab": 2270018.4, "0xc758d5718147c8c5bc440098d623cf8d96b95b83": 690098.2000000001, "0x9bcb3df80ce6545b0878dca0a560663159c1467c": 503012.91000000003, "0x2ef3216e95e2b7c8e378ae64534100e69598f955": 463660.9200000001, "0xf06434725b19cbaab053cb0b28f33818dca8630f": 401894.66000000003, "0x2f1d79860cf6ea3f4b3b734153b52815773c0638": 339521.5199999999, "0x99b1817acb40e76c309e26b2face9da9eff55317": 328833.63, "0xc8673922a2ca5415bcc2e2b2b8c607058d2375b0": 324518.18, "0x797a05dd6a8bfc1e1eaaa62e744d3aff197c46b1": 222846.36000000007, "0x000000000dfde7deaf24138722987c9a6991e2d4": 220454.42, "0xe4000004000bd8006e00720000d27d1fa000d43e": 220175.16, "0x49ad262c49c7aa708cc2df262ed53b64a17dd5ee": 217364.7, "0xcfd4176f7975c70f800d87aeaca316270521595a": 204344.18000000005, "0xb45a3bb2eca691fea6681ae3835d71821890249e": 188865.9599999999, "0x0c3de458b51a11da7d4616f42f66c861e3859d3e": 188718.4899999999, "0xac682edd8729d679d6c044cf44e975d5b8fcf90f": 187872.09000000008, "0x9ea3cda5c2adf0370454b9ee28786a068227b1a4": 172365.06, "0xe6ae75be7c9317af842b8f2c2cd6dc7f49f17184": 143669.42, "0x030f11dcba56b8038c3c94f056ea68dc7668630e": 139798.79999999993, "0x63756a3c3bf677baab9d9e06457402ed05be8570": 48768.140000000014, "0x4cdf98ee2c037f5ad985b46a26d6a63f1d40f797": 38073.020000000004, "0xf9c814da15db75f7857898bad52df7404539c4e7": 16450.59, "0x4a137fd5e7a256ef08a7de531a17d0be0cc7b6b6": 8182.13, "0x1fb421310ceacd0afb2a429bbb4682e522b38ecb": 905.26}, "Flashbots": {"0xbc2c6cd5013585ac720160efcb1feced30837177": 66758072.81000004, "0xe8cfad4c75a5e1caf939fd80afcf837dde340a69": 33668691.889999986, "0x28e261390adaa654f29dbe268109baf06e9b4cc4": 10747559.49, "0x2deae6ce94d65ac1de19a1fc4bb160c4e02c92ef": 7864923.869999999, "0x6f1cdbbb4d53d226cf4b917bf768b94acbab6168": 6245053.469999995, "0x000000000dfde7deaf24138722987c9a6991e2d4": 5244781.569999997, "0x4a137fd5e7a256ef08a7de531a17d0be0cc7b6b6": 3604835.16, "0xfbeedcfe378866dab6abbafd8b2986f5c1768737": 2555084.200000001, "0x98c3d3183c4b8a650614ad179a1a98be0a8d6b8e": 1990285.88, "0x1fb421310ceacd0afb2a429bbb4682e522b38ecb": 427586.89000000025, "0x2ef3216e95e2b7c8e378ae64534100e69598f955": 407080.43000000005, "0xc758d5718147c8c5bc440098d623cf8d96b95b83": 402932.00000000006, "0x49ad262c49c7aa708cc2df262ed53b64a17dd5ee": 307043.12, "0x99b1817acb40e76c309e26b2face9da9eff55317": 239117.63000000003, "0x2f1d79860cf6ea3f4b3b734153b52815773c0638": 214239.01999999996, "0x63756a3c3bf677baab9d9e06457402ed05be8570": 205059.78000000003, "0x0c3de458b51a11da7d4616f42f66c861e3859d3e": 159780.40999999992, "0xf06434725b19cbaab053cb0b28f33818dca8630f": 147262.29, "0xcfd4176f7975c70f800d87aeaca316270521595a": 144827.86, "0x030f11dcba56b8038c3c94f056ea68dc7668630e": 136159.64000000004, "0x797a05dd6a8bfc1e1eaaa62e744d3aff197c46b1": 131530.67, "0xac682edd8729d679d6c044cf44e975d5b8fcf90f": 118825.97000000002, "0xb45a3bb2eca691fea6681ae3835d71821890249e": 106962.96000000002, "0xc8673922a2ca5415bcc2e2b2b8c607058d2375b0": 106634.63, "0x4cdf98ee2c037f5ad985b46a26d6a63f1d40f797": 92980.88,