{ "vanilla_builder": 2.5615171727993666, "flashbotsworker": 0.5071073651981699 }
