{
  "flashbotsworker": -0.5071073651981699,
  "vanilla_builder": -2.5615171727993666
}
