{
  "beaverbuildorg": 131.4615227058435,
  "rsyncbuilderxyz": 29.92896754904315,
  "rsyncbuilder": 17.070194904129238,
  "Titantitanbuilderxyz": 12.183794286973674,
  "builder0x69": 10.492393480872288,
  "BuildAIhttpsbuildainet": 5.302098555878698,
  "f1bio": 1.5507680403217525,
  "bybuilder0x69": 1.0201182592214437,
  "httpsethbuildercom": 1.018720150984431,
  "payloadde": 0.9024933872736589,
  "nfactorialxyz": 0.5438641464052256,
  "uwubuilders": 0.009283162016577869,
  "antbuilder": 0.0034133815530702077,
  "httpsedennetworkio": 0.0031541486524572226,
  "bobabuildercom": -0.010691978149259183
}
