{"beaverbuild": {"0xa69babef1ca67a37ffaf7a485dfff3382056e78c": 1424839974.6800146, "0xe8cfad4c75a5e1caf939fd80afcf837dde340a69": 404709387.97999984, "0xd7f3fbe8c72a961a5515203eada59750437fa762": 204511695.41000003, "0x000000000dfde7deaf24138722987c9a6991e2d4": 60055422.819999985, "0x0773edc0438b2ef18fc535b21d0ac77912c308c0": 52744964.73999998, "0x767c8bb1574bee5d4fe35e27e0003c89d43c5121": 43799525.23, "0xad3b67bca8935cb510c8d18bd45f0b94f54a968f": 41130982.81000011, "0x812c1e2ce48c2672b81b7711275df545cdf53655": 40523380.79999999, "0xbfef411d9ae30c5b471d529c838f1abb7b65d67f": 34461613.26999995, "0x4a137fd5e7a256ef08a7de531a17d0be0cc7b6b6": 31101114.780000042, "0x593ac83229d3099c57cc721540c4d535a7fbbfd6": 22507770.910000023, "0x0b8a49d816cc709b6eadb09498030ae3416b66dc": 22335917.76999999, "0x6f1cdbbb4d53d226cf4b917bf768b94acbab6168": 15949596.870000003, "0x7e0905d9ca2d1a8f654402eb3a2409a9d7a6992e": 15767968.189999972, "0xb33af361843357e05b6df3e45ae3b5cec8e01137": 13009657.049999999, "0xadc0a53095a0af87f3aa29fe0715b5c28016364e": 11798109.62, "0x98c3d3183c4b8a650614ad179a1a98be0a8d6b8e": 11771860.509999972, "0x1c073d5045b1abb6924d5f0f8b2f667b1653a4c3": 11632966.13, "0xbc2c6cd5013585ac720160efcb1feced30837177": 10476927.840000002, "0xd1ba45a0d2370cc04b00e95fc820ff4014150260": 8821925.829999998, "0x75823f8b0ec5d3d0fe39c1c99e3d88d647f3b2db": 8137479.610000002, "0x99999999d116ffa7d76590de2f427d8e15aeb0b8": 7633787.599999988, "0xff62dfadca3b5643d0b283571fe154d886580c0c": 5735010.850000001, "0x053f661abf26d086194540f20f312e0d90a61302": 19027.2}, "builder0x69": {"0x9507c04b10486547584c37bcbd931b2a4fee9a41": 389727978.59000015, "0xe8cfad4c75a5e1caf939fd80afcf837dde340a69": 264603042.77000016, "0xd7f3fbe8c72a961a5515203eada59750437fa762": 112242542.26999998, "0x28e261390adaa654f29dbe268109baf06e9b4cc4": 97378638.39999993, "0x053f661abf26d086194540f20f312e0d90a61302": 63708495.870000005, "0x000000000dfde7deaf24138722987c9a6991e2d4": 43413543.62000001, "0x0773edc0438b2ef18fc535b21d0ac77912c308c0": 26834620.780000024, "0xa69babef1ca67a37ffaf7a485dfff3382056e78c": 26212337.399999995, "0x812c1e2ce48c2672b81b7711275df545cdf53655": 25381802.17, "0x98c3d3183c4b8a650614ad179a1a98be0a8d6b8e": 21789140.44000004, "0x4a137fd5e7a256ef08a7de531a17d0be0cc7b6b6": 21501176.109999996, "0xad3b67bca8935cb510c8d18bd45f0b94f54a968f": 17446841.30999999, "0xbfef411d9ae30c5b471d529c838f1abb7b65d67f": 16392678.760000013, "0x73d4679f03b29b96e14d8b699ca5f48d43777f39": 14694138.54, "0x1c073d5045b1abb6924d5f0f8b2f667b1653a4c3": 13061870.9, "0x767c8bb1574bee5d4fe35e27e0003c89d43c5121": 11088043.679999994, "0x593ac83229d3099c57cc721540c4d535a7fbbfd6": 10590504.519999996, "0x7e0905d9ca2d1a8f654402eb3a2409a9d7a6992e": 10069369.870000005, "0x0b8a49d816cc709b6eadb09498030ae3416b66dc": 8848742.780000001, "0x75823f8b0ec5d3d0fe39c1c99e3d88d647f3b2db": 6737814.059999999, "0x6f1cdbbb4d53d226cf4b917bf768b94acbab6168": 6409609.729999999, "0xd1ba45a0d2370cc04b00e95fc820ff4014150260": 6013688.649999999, "0x9705b569ce3d1ddbe421c7b3b4e495445b096160": 5444530.6899999995, "0x99999999d116ffa7d76590de2f427d8e15aeb0b8": 5219779.1499999985, "0xff62dfadca3b5643d0b283571fe154d886580c0c": 4596804.14, "0xbc2c6cd5013585ac720160efcb1feced30837177": 2910923.239999999, "0xb33af361843357e05b6df3e45ae3b5cec8e01137": 2451577.2, "0x1124e98c355b4893e1e6903c65dd0ea6ee7d076b": 2118430.0900000003, "0xadc0a53095a0af87f3aa29fe0715b5c28016364e": 717064.66}, "rsync": {"0xe8cfad4c75a5e1caf939fd80afcf837dde340a69": 362567299.17999977, "0xd7f3fbe8c72a961a5515203eada59750437fa762": 106947442.96000005, "0x28e261390adaa654f29dbe268109baf06e9b4cc4": 91989567.66000003, "0xbfef411d9ae30c5b471d529c838f1abb7b65d67f": 47003246.57999999, "0x000000000dfde7deaf24138722987c9a6991e2d4": 43356954.34999996, "0x98c3d3183c4b8a650614ad179a1a98be0a8d6b8e": 29110578.83999999, "0x73d4679f03b29b96e14d8b699ca5f48d43777f39": 24699013.380000003, "0x767c8bb1574bee5d4fe35e27e0003c89d43c5121": 22087139.18999999, "0x9705b569ce3d1ddbe421c7b3b4e495445b096160": 21980962.11, "0x6f1cdbbb4d53d226cf4b917bf768b94acbab6168": 21251844.830000013, "0x0773edc0438b2ef18fc535b21d0ac77912c308c0": 16753078.150000008, "0xad3b67bca8935cb510c8d18bd45f0b94f54a968f": 14517280.039999994, "0x593ac83229d3099c57cc721540c4d535a7fbbfd6": 10860559.560000008, "0x0b8a49d816cc709b6eadb09498030ae3416b66dc": 8391483.820000002, "0xd1ba45a0d2370cc04b00e95fc820ff4014150260": 8348615.47, "0x7e0905d9ca2d1a8f654402eb3a2409a9d7a6992e": 7525895.069999995, "0x1c073d5045b1abb6924d5f0f8b2f667b1653a4c3": 6665028.739999999, "0x99999999d116ffa7d76590de2f427d8e15aeb0b8": 5931247.930000001, "0x812c1e2ce48c2672b81b7711275df545cdf53655": 5787755.86, "0xff62dfadca3b5643d0b283571fe154d886580c0c": 5661992.110000001, "0xbc2c6cd5013585ac720160efcb1feced30837177": 5197650.969999999, "0x4a137fd5e7a256ef08a7de531a17d0be0cc7b6b6": 5119145.05, "0x75823f8b0ec5d3d0fe39c1c99e3d88d647f3b2db": 4847765.91, "0xa69babef1ca67a37ffaf7a485dfff3382056e78c": 3610994.6300000004, "0xb33af361843357e05b6df3e45ae3b5cec8e01137": 3545102.5900000003, "0xadc0a53095a0af87f3aa29fe0715b5c28016364e": 130722.70999999999, "0x053f661abf26d086194540f20f312e0d90a61302": 23155.769999999997}, "flashbots": {"0xe8cfad4c75a5e1caf939fd80afcf837dde340a69": 224447225.13999975, "0x9507c04b10486547584c37bcbd931b2a4fee9a41": 218546410.14999977, "0xd7f3fbe8c72a961a5515203eada59750437fa762": 99575642.06999989, "0x28e261390adaa654f29dbe268109baf06e9b4cc4": 70510642.48000006, "0x053f661abf26d086194540f20f312e0d90a61302": 54835043.61000001, "0x000000000dfde7deaf24138722987c9a6991e2d4": 29464554.799999975, "0xbfef411d9ae30c5b471d529c838f1abb7b65d67f": 26160007.92999999, "0xff08893cfbb38cd75bcfcc7540ef41b08e0135b9": 23713161.21, "0x4a137fd5e7a256ef08a7de531a17d0be0cc7b6b6": 18545486.71999999, "0x98c3d3183c4b8a650614ad179a1a98be0a8d6b8e": 15060559.079999998, "0x0773edc0438b2ef18fc535b21d0ac77912c308c0": 12420924.260000005, "0x9705b569ce3d1ddbe421c7b3b4e495445b096160": 11479075.350000001, "0x767c8bb1574bee5d4fe35e27e0003c89d43c5121": 10375714.269999996, "0x593ac83229d3099c57cc721540c4d535a7fbbfd6": 8337857.68, "0x6f1cdbbb4d53d226cf4b917bf768b94acbab6168": 7451718.560000002, "0xad3b67bca8935cb510c8d18bd45f0b94f54a968f": 6653616.21, "0x0b8a49d816cc709b6eadb09498030ae3416b66dc": 4261699.9399999995, "0x99999999d116ffa7d76590de2f427d8e15aeb0b8": 3489717.809999999, "0x75823f8b0ec5d3d0fe39c1c99e3d88d647f3b2db": 3353028.1000000006, "0xff62dfadca3b5643d0b283571fe154d886580c0c": 3047231.3900000006, "0x812c1e2ce48c2672b81b7711275df545cdf53655": 2813991.87, "0xbc2c6cd5013585ac720160efcb1feced30837177": 2305864.5100000007, "0xd1ba45a0d2370cc04b00e95fc820ff4014150260": 2262032.3200000003, "0x7e0905d9ca2d1a8f654402eb3a2409a9d7a6992e": 1891930.8899999973, "0xb33af361843357e05b6df3e45ae3b5cec8e01137": 1879697.8, "0xadc0a53095a0af87f3aa29fe0715b5c28016364e": 840404.37, "0x1c073d5045b1abb6924d5f0f8b2f667b1653a4c3": 476928}, "titan": {"0x9507c04b10486547584c37bcbd931b2a4fee9a41": 50415253.30999995, "0xd7f3fbe8c72a961a5515203eada59750437fa762": 35125951.030000016, "0x28e261390adaa654f29dbe268109baf06e9b4cc4": 27732631.959999993, "0xe8cfad4c75a5e1caf939fd80afcf837dde340a69": 19462235.109999992, "0x053f661abf26d086194540f20f312e0d90a61302": 18436823.209999997, "0xbfef411d9ae30c5b471d529c838f1abb7b65d67f": 12380094.480000004, "0xad3b67bca8935cb510c8d18bd45f0b94f54a968f": 6450668.0699999975, "0x0773edc0438b2ef18fc535b21d0ac77912c308c0": 5923999.730000001, "0x000000000dfde7deaf24138722987c9a6991e2d4": 5560072.47, "0x767c8bb1574bee5d4fe35e27e0003c89d43c5121": 5336490.49, "0x1124e98c355b4893e1e6903c65dd0ea6ee7d076b": 3640851.92, "0x6f1cdbbb4d53d226cf4b917bf768b94acbab6168": 3417659.7600000016, "0x0b8a49d816cc709b6eadb09498030ae3416b66dc": 2445409.74, "0x7e0905d9ca2d1a8f654402eb3a2409a9d7a6992e": 2076457.63, "0x99999999d116ffa7d76590de2f427d8e15aeb0b8": 1839288.5800000005, "0x4a137fd5e7a256ef08a7de531a17d0be0cc7b6b6": 1416949.15, "0xa69babef1ca67a37ffaf7a485dfff3382056e78c": 803676.5700000001,