{"0xe8c060f8052e07423f71d445277c61ac5138a2e5": 487.9258783509552, "0x796d37daf7cdc455e023be793d0daa6240707069": 159.8627964668879, "0x9dd864d39fbfdf7648402746263e451cd4f36af0": 112.13612738141312, "0x50a77ba863dbaa84269133e5625ef80072f1884a": 107.28518933180365, "0x000000000005af2ddc1a93a03e9b7014064d3b8d": 68.4958081226849, "0xcc2687c14915fd68226ccf388842515739a739bd": 64.30398833337895, "0x507888e987257a8dde6f8afa46375cefe2cbf504": 60.65774988834341, "0x605e35e88b2eba3ff084045d8eb8ae881c7e9dcb": 60.49793587969079, "0xcb3702bc25b0f284b032e5edf1a1ebea2fe43255": 59.28007624377713, "0x6a5ef39f58c80e42642b9210bf74f20666a2e6b6": 55.38291339782762, "0x80d4230c0a68fc59cb264329d3a717fcaa472a13": 47.25179915257488, "0x00000000003b3cc22af3ae1eac0440bcee416b40": 43.34309952193287, "0xba3f5c056500ce033e9d74494b820d495efcf19d": 41.73435969682032, "0x000000000035b5e5ad9019092c665357240f594e": 35.70094977602488, "0xa0cdf33c150b936d0091969c694da3cfeae18446": 34.866226109395264, "0x8011d6c888214b3aea276a6d9d893578d8b25b03": 26.747556622971757, "0x0000000000a84d1a9b0063a910315c7ffa9cd248": 26.606585965346497, "0x76b5a83c8c8097e7723eda897537b6345789b229": 26.550570066758873, "0xb206ebe579be55f5b57119bb2e7cc63708eda1aa": 23.84385779346129, "0x5e51328c0583094b76f28cfd532abc3d454fcfea": 20.522337908364108, "0xd050e0a4838d74769228b49dff97241b4ef3805d": 12.780217142794562, "0x07bae765074790b76c791834ab873be27493c163": 12.421372937401092, "0xc7dab6742619707440f44ae3b23768a18067c665": 11.84753975887181, "0x7f35eda215e381b44e5e6a0934fea2e9b7545e06": 9.992184542810518, "0x9a0ef593dcc6a77f80699c9fa00d1e138b67d832": 9.78638686677208, "0xb6569481dccddd527c2b0e8ba32f494e52224ca1": 9.483608437306296, "0x7d32c90762e22379235fc311fdb16fab399ed40a": 8.184372216919336, "0x247b69f78d2a590bec1ac0a4a4066debe3fca2b8": 7.701589267232162, "0x00000000be445a36d2e76b2c6b655eddceadfcfd": 5.997368022763234, "0x338205d8900553ed51e108beb2258a13e1747584": 5.6593103196099275, "0x0000e0ca771e21bd00057f54a68c30d400000000": 5.480497243835583, "0x7c28e0977f72c5d08d5e1ac7d52a34db378282b3": 5.399676875957679, "0x3c005ba2000f0000ba000d69000ac8ec003800bc": 5.246271197348494, "0x13c6f604be370863a1eab3b2059dea1baaa071da": 4.708348311619055, "0x24902aa0cf0000a08c0ea0b003b0c0bf600000e0": 3.8887327521081456, "0xaa512c03998b12f698e0e07cd756e7beb3419e10": 3.62064389815788, "0xfc5b9fdee1f71f3b3bfc9cebc86e8354214690c4": 3.10928862104316, "0xe842bdcf54c0ffe5749257061e3caaf40a83e19b": 3.011462928084652, "0xbf61595c0f53f01e92cc210663dccd7ab237b1d9": 2.916026384964838, "0x82c432d80dce8b7e14805583fc4972f3dbf2336f": 2.680453832241718, "0x0000000000590b74eb97457bf7b3ff6d63c6fde2": 2.1246533846375946, "0xf54ac0316e845502bf64c4b2eb754945c36a5f33": 2.0623876991022403, "0xf35be9a9a0d4b67e776115fa3b6381986379894d": 1.9798745809767555, "0x46c4128981525aa446e02ffb2ff762f1d6a49170": 1.8928592669434425, "0x68619d3018e8881dc1c97c6f12755de9e8bee5a7": 1.860058679464287, "0x1ba33ea2dad979486994fc7be0ad70d2e390e134": 1.716754358953082, "0xe20cd9377c204a27952f8b41075f0b8bd1ceec3d": 1.6535358806280176, "0x0000000000007f150bd6f54c40a34d7c3d5e9f56": 1.5722489790722152, "0xb3147f04db92a0e7b9c6766a7b9ad0942bd13fee": 1.530301127571271, "0x66bf113411032c3956e4aa457a9a95d0ccb58d4a": 1.5282651733678945, "0xa931f6341a6950ccb329ce0167b202453ba76ec5": 1.5097967579510243, "0xfd0000000100069ad1670066004306009b487ad7": 1.405462418049028, "0x0100dee29678be5d2d4be446ebbff7bab01d3bb8": 1.0304996899776702, "0x7740b04a1d9026cde29dde498429109c1af9114e": 1.0161167157898536, "0xe7502d179609ce54faf9437daf510483c110f13c": 1.0066236708407685, "0xb0bababe78a9be0810fadf99dd2ed31ed12568be": 0.9898139793515709, "0x1b72d900ee50ca200097003100001f30ae00495b": 0.9733652650050113, "0x6af1a16fde7346e7729fa921ad2ddf6a462061e2": 0.9481882304989127, "0xaacef30f703a86b259c807812e4fed295ccb07ae": 0.928047685, "0xd1684d0e93e5bed9ab9b51529c3a9c56075eb2b9": 0.8951936801041416, "0x49bc3cec1fb7978746f742a4e485d0d601831cea": 0.6974336700376125, "0xa3274568f95c628d2a2383fac9de1fac220fad48": 0.6885170706707608, "0x7efd91c8ca31e7452c5c4de00a8ca1c18910a35f": 0.6421016185964324, "0x30ea35bf5dbe2b80fc2438418848a53a0b194e3b": 0.6194121464833425, "0xe4000004000bd8006e00720000d27d1fa000d43e": 0.5905873051298067, "0x0274c0a50fc18ea70309e6c718fb1345cdf14280": 0.40090790939361065, "0x76889550e19c3b1178d43bb5c0d540555cfe525e": 0.39341053810208537, "0xce66faca3e5e033b9513255d09adb178e4a45a3c": 0.3871606779419088, "0x7719494eb8f3ca261f5c806d754853dc5ce2edf7": 0.3842727818331213, "0x461e797e32448a189fd34446373799bdc64c5974": 0.323332854680547, "0x1a6155ff9305f6e8a83f40736029b50078c187f0": 0.30532079718445826, "0xeeeeeeeedc84cf6c897c92a02d7e31e6524c935e": 0.30251272342338575, "0x0ef8b4525c69bfa7bdece3ab09f95bbf0944b783": 0.2807707610269001, "0x5ddca89bffcd3c596fd62ce04aa8eed36bd1b422": 0.2677720986168764, "0x28d443b0f66359f58bf6bed92f35d4c92d2406e4": 0.22883833091609537, "0x3e698e855f7e801b6e502291d9981ebae4f54eb9": 0.2262964634387966, "0xac1e9d1fc3693578a5b0fef8f85cd822e397e645": 0.2095495327582766, "0x2684e2d55e30680186ca2d5f5393ac0fb808f011": 0.1973038331014454, "0xefb47fcfcad4f96c83d4ca676842fb03ef20a477": 0.18911532633604677, "0x00000000000006b2ab6decbc6fc7ec6bd2fbc720": 0.18248417920372279, "0x3551a78c0171f0f02a4f23e023f2216ae6ae75e1": 0.17285926330168286, "0x95df4a77fc080e584b2d51eb279dc8453ff1a4bf": 0.17073751259648598, "0x3ca195bfa2374caf7221d52b53351665a1b8adff": 0.1454132277659998, "0xbd519007f706981781128624169ca574cc232980": 0.14092487124850536, "0x6dce52e318338b0cc30969ada8e0c95d24c37a28": 0.13151877904231535, "0x3de8eb830000f1d914294d000051000031a81d00": 0.13078802873410428, "0x58df81babdf15276e761808e872a3838cbecbcf9": 0.12672999999999998, "0xa6194b9a04a7837b95ad52b58fb0f7c8f20ebdcd": 0.12662865291368447, "0x89f0455b15cf3dd97e7ff718125d7cf5f01c595d": 0.12076445015780496, "0x46cd3c02dfa0f28de3d20db7acee334b1331cf14": 0.1202364737959117, "0xd8c07491caa1edf960db3ceff387426d53942ea0": 0.11955017416599142, "0x0eb71d7e2354cb536ec1f49b6a55673ae05e6cbc": 0.10840723977743548, "0x0f8086d08a69ebd8e3a130a87a3b6a260723976f": 0.10250092577463922, "0x5968ada261a84e19a6c85830e655647752585ed4": 0.0943412401010972, "0x6e1fbeeaba87bae1100d95f8340dc27ad7c8427b": 0.08249772128880542, "0x84ea596cf25dee016c53767e407b9a99863088c9": 0.08031742936979859, "0x2ecd8f51fa432415fe8f385b8b369f13eff16fcb": 0.0756832353402511, "0x70c66f3ce5a5387a70e2773d054eff572525c6f4": 0.07456514118139071, "0x5adc4c6d0a8f299a151d9febdb3f6681f0cac94c": 0.07292556896902616, "0xe27baebd7b14602de3797974db9f5f4f8dcb6679": 0.06778891825550513, "0x136f79961b7ab2a91104ec892c288e225e100214": 0.060000000000000005, "0x00000000c2cf7648c169b25ef1c217864bfa38cc": 0.05624677422605279, "0x717914a256db8cf44f555acbe72014623377282d": 0.0550261348155075, "0xd04e779479b18847a151784aa63a267e23f55988": 0.04672031925860476, "0x122e8808f968ecd4d3fb273b8ae417651bddc3d0": 0.043875456322007275, "0x00000000555d9ca6ccb3ccfb0b5d782d85c785c1": 0.038611325948926134, "0xb4e16d0168e52d35cacd2c6185b44281ec28c9dc": 0.0341463631244166, "0x4613e19c29150b4f2724afc252266a897c2fcd76": 0.03376109160101964, "0x947bc8aa029fac296d8d5a04752b39da7935b5fa": 0.03357851495206369, "0xc1b9c88d3f2ebc70edc198c99342efb14036f1a0": 0.03249571206202705, "0x50555ffe42e011ff1c5cc4fa608aac963193f04f": 0.02803104811401127, "0xc3d03e4f041fd4cd388c549ee2a29a9e5075882f": 0.02671962958229174, "0x493f461aead031cee2027f1b95370a692611acb9": 0.024332370062962842, "0x681d0d7196a036661b354fa2a7e3b73c2adc43ec": 0.019838383202574292, "0x4fce027bc57d7530b84527f4848983cece4df15e": 0.019111546101487815, "0xeeaa83b2d581a3a790774d4dae7bf354fffe3376": 0.018884152167424686, "0x815808d9cd7fa75c7a7fbb19c7fe60a5295104e5": 0.017298929619984763, "0x00000000000747d525e898424e8774f7eb317d00": 0.015182588634129829, "0x2e8135be71230c6b1b4045696d41c09db0414226": 0.013268285247215328, "0x000000004cdb5dd2343aca9228f7ed2700754d3b": 0.012938290802842395, "0xdb72f739a6f93b652fcff7fea777e2f6796e62a7": 0.009239042015020143,