{
  "beaverbuildorg": 29.261275640916896,
  "Titantitanbuilderxyz": 0.699742747544032,
  "bobabuildercom": 0.11488409871649187,
  "rsyncbuilderxyz": 0.10784631329492175,
  "httpsethbuildercom": 0.09340628559694843,
  "f1bio": 0.08443504070500438,
  "rsyncbuilder": 0.03828186497266138,
  "payloadde": 0.014743523148265401,
  "BuildAIhttpsbuildainet": 0.014632758318901411,
  "builder0x69": 3.4101072480877126e-6,
  "bybuilder0x69": 2.4843923159961756e-6
}
