{"rsyncbuilder": 0.03828186497266138, "MadeonthemoonbyBlocknative": 1.0416428522759422, "rsyncbuilderxyz": 0.11671728105097146, "payloadde": 0.014743523148265401, "BuildAIhttpsbuildainet": 0.014632758318901411, "Titantitanbuilderxyz": 0.699742747544032, "f1bio": 0.08443504070500438, "AssembleddelicatelybyBeelder": 0.02538072731653339, "beaverbuildorg": 29.261275640916896, "httpsethbuildercom": 0.09340628559694843, "bobabuildercom": 0.11488409871649187, "bybuilder0x69": 2.4843923159961756e-06, "builder0x69": 3.4101072480877126e-06, "vanilla_builder": 0.08970792247882105, "flashbotsworker": 0.4015954989275344}