{
  "IlluminateDmocratizeDstribute": 3.133384848264698,
  "beaverbuildorg": 131.4615227058435,
  "rsyncbuilderxyz": 31.2466938357931,
  "Titantitanbuilderxyz": 586.3312109726536,
  "bybuilder0x69": 1.0201182592214437,
  "builder0x69": 10.492393480872288,
  "rsyncbuilder": 17.070194904129238,
  "MadeonthemoonbyBlocknative": 0.04817328861381834,
  "payloadde": 0.9024933872736589,
  "blocksmithorg": 0.00766154153801798,
  "lightspeedbuilderinfo": 0.04843845973922293,
  "BuildAIhttpsbuildainet": 5.302098555878698,
  "AssembleddelicatelybyBeelder": 0.14511398881060436,
  "f1bio": 1.5507680403217525,
  "PoweredbybloXroute": 31.13213171314318,
  "vanilla_builder": 58.26851959609455,
  "Nethermind": 5.505933908026401,
  "0xeb24646a0dbaff0f0c88d2b93ef54c0dab072d29": 0.014988497483551846,
  "httpsethbuildercom": 1.018720150984431,
  "0x51ab04ae43c467c200afbe0c23cf63dd79e20035": 0.025201139368677065,
  "0x7d788fdc21cb6545310e9ec7b45da268070d7dd5": 0.01796396229813009,
  "0x003a4cc04501e9adecf850313db2d3797df801a2": 0.07932955402485858,
  "ItsFreeRealEstate": 2.71846613796488,
  "0x3bee5122e2a2fbe11287aafb0cb918e22abb5436": 3.518039059724119,
  "IlluminateDmocrtzDstribPrtct": 0.0043335953810918135,
  "0xe887312c0595a10ac88e32ebb8e9f660ad9ab7f7": 0.04161650584198205,
  "bobabuildercom": -0.010691978149259183,
  "ignore": 0.10588819325902335,
  "Ifyoubuildittheywillcome": 0.0020195833780988753,
  "antbuilder": 0.0034133815530702077,
  "bobTheBuilder": 0.007558891968988592,
  "0x0000000000000000000000000000000000000001": 0.08465719144504417,
  "GambitLabshttpsgmbitco": 3.611950815832705,
  "0x06004b6cb15e645ff7e39321941d38be025af3a4": 0.011623455648089412,
  "0x43694fec293bba42b44afe047dafb9135183a521": 0.024221207961930266,
  "0x4008ed96594b645f057c9998a2924545fabb6545": 0.156707560097139,
  "EigenPhi": 0.0003167237214526941,
  "0x38d11b3e1a5cb0e7c3381b9c682cbce541020bcf": 0.008663422136777076,
  "0xa3a5ef800b47d503e61ee7f0baf7ee80bcc5fbfb": 0.11364010069402734,
  "0x6a5437e7ba91d52b706872502b263e7f756b2c03": 0.025947093445220913,
  "nfactorialxyz": 0.5438641464052256,
  "0x084a664c74717cf50a9d91ec7e3e8e3971b9776a": 0.04179532145914222,
  "0x68f20453fd487acc5560786872245bd42e9eeaaf": 0.007239064168795037,
  "Manifoldcoinbase": 1.8666549280854436,
  "0x95198219efa0857b5f852f6a07408e0d454e8019": 0.008057202759848925,
  "uwubuilders": 0.009283162016577869,
  "0x3a04079af7478ba6016fa584708a530b5928dfa2": 0.01298809685722795,
  "spiderbuildernet": 2.6649402209735724,
  "0x8b6f22b136aa367277b76db5793b01eed81755f3": 0.009475369968910012,
  "0x05295a0ac05d2165b061cd44907c53b7a85e95ff": 0.019972259811342815,
  "httpsedennetworkio": 0.0031541486524572226,
  "0x09ad0ebb81eab12827097e56175ef55b2406c3bb": 0.006828512967053186,
  "0x910ba860aa815a467efe19baef18b42429ede78e": 0.06424269450765033,
  "0x8c647c713f5b167465b36c0ddd7b1583f3f31093": 0.00308246965043572,
  "0x7ae39790f6dc6ddb27e2cab06ccd7b0bad6fe4a0": 0.028617620576347813,
  "0x6f35247337cb97dd62722b13f72854fc45776567": 0.013720755004486164,
  "0x3f53aa585069a3438eb4cfec8b530c5bf9c98963": 0.02917559236517342,
  "0x795e17b08f45cd06e833138a2236fa8c7aa0b3ac": 0.01794459130629159,
  "0x87834c3c0055d7ee694d73f8895e4c5b3f653b20": 0.01282185931545564,
  "NethermindLighthouse": 0.02662385608779109,
  "0x0cb577c55a2e7ce0cf2bf1b63ef75a4d3f8019f2": 0.007751092610194452,
  "0xaf27348c1437f8264370120af0b09e1a3aa9fe13": 0.030571199983242522,
  "0xd4e96ef8eee8678dbff4d535e033ed1a4f7605b7": 0.15162559410230875,
  "0x83d5280853cd2b549231b20d0f77f601cb4bbbdf": 0.05311232304301214,
  "0x55484f68cbfd9122316ab8a480a6c98c4cee0ab0": 0.027655952546245983,
  "0x3042e35dbe8c79b538a101107e50cf251ca8d183": 0.01170608718407295,
  "0xa09f34312545f1ac7bf7680527f79c20dc146e59": 0.049747213797842214,
  "0x238697998d8a3bf437dcd425e326e0b45766ed77": 0.013175009569599397,
  "0x1eaa6561140868cc26dcd606550861a236438cae": 0.005911278345898421,
  "0xe5589627b5c1c993d970487519957585e6acb4af": 0.040749773470403726,
  "0xd2ae9df04234e52f7c522af83683e40c8b9d4335": 0.008610175852607196,
  "0xda8e150feb92243e6d4a9daee6818be358bdaa7d": 0.011509721965311841,
  "0xaeb0d221faa165b8840d433990369de913f2a51e": 0.020868876140973547,
  "0xe952221c576a549c7cbddceb0ff38a5affba5dd0": 0.014056570339818145,
  "0x89df448a31bb194264b4d22fc7e6ebfd5b5b0e62": 0.02217122474870678,
  "0xbc0b449e6bc5b2e9b709c9de27d9bd1986a765f2": 0.02621326030575977,
  "0xe55392d6e5c21ea34d3026541f6414d85f826a6b": 0.24691132281477765,
  "0xdb14d928208f0525699efdee05eb176ee3310637": 0.007675723445967538,
  "0x7290d89f6a12c2430b4d04becda886151db7e68e": 0.00585308186903841,
  "0x652846605fff5ac6186fde900d036b43f9d54f68": 0.008414166191298277,
  "0x2f6f982dbc6f8e102211762f89e6c461d48565ca": 0.012920468499339767,
  "0xf48603cd906ef442e3a842e1b77c2d45402dc438": 0.021025210152242922,
  "0x2fb7181ebae461b160e69e95a28288c9b0a4db38": 0.027298750029537473,
  "0x2c41842f31794d71eb6577f83ac4e6e17bd2cec6": 0.010974222351819878,
  "0x8dcca46af0931ad0923014780378af2ec88c3985": 0.013911962363410609,
  "0x47df2a3bf7a8d2f5847fd6359ee3e339d91bf934": 0.21086583740966347,
  "0x1fa4f329c52cc69b4689490678c4df2bdf398d61": 0.004085499526578295,
  "0x8b02a96ee10837d337a14d68eb4e79280d6fd873": 0.013423258862090875,
  "0xb246c51676ce53ecff1b39c1e77ad28fb73eb2b3": 0.019969244067517572,
  "0x388c818ca8b9251b393131c08a736a67ccb19297": 0.04169255954703034,
  "0x3d58f2f8afa3a434d91702167b3ef05a138d8c56": 0.0062108628130856,
  "0x44b7875e58a93c5c0c040d239702481a0e9b3de1": 0.01715834153846864,
  "0xfb5121623429c75290eb46cbe55bc22d75701e92": 0.006325707221579469,
  "0xd63d6c59023e138fb4d12a87a112f70ec13d0430": 0.004945666536590211,
  "Icanhazblock": 0.005000473235192024,
  "0x7345c51439d1c84949f56a6ad0ecdf3f3f1d2be2": 0.008699334427069064,
  "0xd8ca2134cdb494aafa79e75a9ac2d8e1f3a133c2": 0.0,
  "0xe8fffec38d9d7841c83c58bb256a8a16344f7f16": 0.018982555905446893,
  "\u00f0": 0.015065809613518097,
  "0x03e1163b81808c28bae1ed0dbed9487e18b3a422": 0.009818592929062467,
  "0xc83b0e32ace5053ff89e5675b504ffa67f63198d": 0.025352925608571976,
  "EigenPhia": 0.03136116182483575,
  "0xe08fbf8b0b738a5f2a335f5c9b701cff3cbfc722": 0.010657836588037477,
  "0x82be289c95d2d06da0d7791136f789f2a6fa37d6": 0.03887976884005744,
  "0x33b0b3f83732e4de6f1b1a749b4e54f7fd287b00": 0.04919696233412061,
  "0x2015fc753573262885784c11853c04bc52d09dbc": 0.015384297261305907,
  "0xe2effffe7fb7015862cbb1958a30967e48030cff": 0.00050938996825492,
  "0x4ce0ca184bc155a5df5dae2f4643cba60eb1a9ed": 0.010607183082892978,
  "flashbotsworker": -0.4015954989275344,
  "0x9be96a6e861d2e5aff1fe0738bed664b6f0b543e": 0.007760151195526101,
  "0xe3a86007554c6e057ce047149d682fe938407bad": 0.049396761543539204,
  "pyg": 0.027834499244268125,
  "0xff2635b6b765c16bede04267c5dd0626e5d49496": 0.010660161561573976,
  "0xcdec61c0e5e0bb5152ccce0580889a994bdc7777": 0.011603686953178769,
  "0xa73abe9f4c2d8650700a1e122c320cc629891952": 0.01051132518598558,
  "0x9a213a77a52e571797b24b299485f698a8275a0a": 0.04196867500210535,
  "smithbotxyz": 0.0005537918600552992,
  "0xfa83c076cd4b5a9053bfd27898e3bfc45f06cd59": 0.02378628939522772,
  "0x998d9ef7e8f3e92b93ea0d8e8e8c81933e08e274": 0.01895836117969652,
  "0x3638e34344c8d39ba40b4dfbb3089e30dfeb56ef": 0.01869325765068698,
  "0x00833020cbc250f8691b550e615a963491840ebc": 0.013207755888640586,
  "0x8a7bacac5959f099ed94949176a4d70e74d8cac9": 0.008738318731059779,
  "0xf255161af38f9ff3596261d91716a55c5345c62b": 0.015764028424396555
}
