{"0x6b75d8af000000e20b7a7ddf000ba900b4009a80": 127.18926416492896, "0x64545160d28fd0e309277c02d6d73b3923cc4bfa": 95.32907579327414, "0x6980a47bee930a4584b09ee79ebe46484fbdbdd0": 60.552384661983794, "0x525145f821d8d2abb494c454e9445e14c817f7cb": 46.25782259022887, "0x00000000003b3cc22af3ae1eac0440bcee416b40": 43.67221975945102, "0xe20cd9377c204a27952f8b41075f0b8bd1ceec3d": 36.61670458281737, "0xc625e922681c7e708fd21ae72c2487aea5b4e8e0": 35.47379853700493, "0xc6fecdf760af24095cded954de7d81ab49f8bae1": 35.44255802384711, "0xe8c060f8052e07423f71d445277c61ac5138a2e5": 28.707439830842425, "0xafadff94a40559c252a6696eafd1cf1c219c7b9e": 25.653459115228795, "0x000000000035b5e5ad9019092c665357240f594e": 23.648925179355796, "0xb0bababe78a9be0810fadf99dd2ed31ed12568be": 15.54800890053392, "0x5e51328c0583094b76f28cfd532abc3d454fcfea": 15.2122507504967, "0x429cf888dae41d589d57f6dc685707bec755fe63": 13.90963966856679, "0xbdb241f7fd4ed7f0f40fc6c26b7c1f8dd21b6c49": 13.864567743650626, "0x00000000a991c429ee2ec6df19d40fe0c80088b8": 11.511939921623757, "0x2d2a7d56773ae7d5c7b9f1b57f7be05039447b4d": 11.066381549450202, "0xe08beb8c48e71fd08560db2fbaaa0701b187c7a7": 10.4876866995621, "0x6a5ef39f58c80e42642b9210bf74f20666a2e6b6": 9.607061497715042, "0x00fc00900000002c00be4ef8f49c000211000c43": 8.68768818929601, "0x3aa228a80f50763045bdfc45012da124bd0a6809": 8.659829697707682, "0x00000000000006b2ab6decbc6fc7ec6bd2fbc720": 7.540111751396184, "0x7776a06ff7ebc64de74618628b31a0438573c777": 7.54, "0x00000000009e50a7ddb7a7b0e2ee6604fd120e49": 6.812482703778014, "0xbb8f69fc5696e66d8b22f981f4833f3354d52e62": 6.774794234683116, "0xcc2687c14915fd68226ccf388842515739a739bd": 6.452190050114514, "0x8011d6c888214b3aea276a6d9d893578d8b25b03": 6.090973089839381, "0xe27baebd7b14602de3797974db9f5f4f8dcb6679": 5.931585690613545, "0xd381ee8387f0cf35155ee2d93006a39aee3dc58b": 5.902036065400468, "0x000000d40b595b94918a28b27d1e2c66f43a51d3": 5.694322087338903, "0x80a64c6d7f12c47b7c66c5b4e20e72bc1fcd5d9e": 5.167072412905625, "0x681d0d7196a036661b354fa2a7e3b73c2adc43ec": 5.088356291214877, "0xef17998601dd5785b909add7b2f376299d308ed4": 5.0, "0x0000000000a84d1a9b0063a910315c7ffa9cd248": 4.796564526744019, "0x5502af6f6caed3fbc689f7651045ef631b88f387": 4.540180989076266, "0xe2cd944360d75bf2c323e4ab8b64ea3bbc358181": 4.384659682636047, "0x24902aa0cf0000a08c0ea0b003b0c0bf600000e0": 4.089860165637737, "0x7b577a879665ef6ad344da61de7ec2371f6ff68f": 4.04997844445418, "0x9705b569ce3d1ddbe421c7b3b4e495445b096160": 3.7821576457372386, "0xd686b37552b6cb4082c977af5a430bc22abd16fd": 3.7285214614251303, "0x00000000de337b4fff5fcbe4df67a85d0bad5d16": 3.3211932536362623, "0x2f7c1f1460aed2594a9977c58fa31c465591b287": 3.2926267263611106, "0x000000000005af2ddc1a93a03e9b7014064d3b8d": 2.934520882285513, "0x54eeb92cf8ad49c2cb4dc8c9eb5dc9538836016b": 2.7435790444249557, "0x00000000f0b4b9973900fd541719cbbc1a5862d8": 2.7099152366295645, "0xce66faca3e5e033b9513255d09adb178e4a45a3c": 2.7047419044148144, "0x2ecd8f51fa432415fe8f385b8b369f13eff16fcb": 2.629225456105314, "0x00000000003d71e9fc20fdeb46fb86afbbee4772": 2.6177996645705988, "0x507888e987257a8dde6f8afa46375cefe2cbf504": 2.432278448549198, "0xd460f9384f5328cf93df6970cdbfe392be03d006": 2.394031828482167, "0x53facee52e897740b140f5304e9cd9dc6238d735": 2.3909273261255137, "0x6d909e8b0bbb7ab996381e0a44d82d6d97fd9041": 2.3321647158303995, "0x75af425f2c1696f0583f70ffe5716a863ea7652c": 2.175568863248382, "0xb6569481dccddd527c2b0e8ba32f494e52224ca1": 2.1625968805855296, "0xa52a64501e816016030511aea0445f1a97ee6694": 2.1237694150000004, "0xb3147f04db92a0e7b9c6766a7b9ad0942bd13fee": 1.9298687825355239, "0x767c8bb1574bee5d4fe35e27e0003c89d43c5121": 1.9146186576609672, "0x70e86223507724bf2c51fe3ac2cc78c67bfad366": 1.79414550068788, "0x04c613ce5be6a8fda3a441163975a62909b337d7": 1.685228742655529, "0x988ad333342d903190ed86a053e6b2170aebeb20": 1.5803613097446887, "0xc74b72bbf904bac9fac880303922fc76a69f0bb4": 1.5773845915151623, "0xf411fca55e1a892c9ba6d04abe5ca26ec1764d2b": 1.5627057445352885, "0x0000001d0000f38cc10d0028474a9c180058b091": 1.535635009287196, "0x11f7c6ad9d6ad8a6c0054646833a05299ff498fb": 1.481430794501624, "0x073197fa2656bdaf1ca018b7b333379683b1d8ad": 1.4672617698899026, "0x4128c361da41df0a14d0b48badd37e6d2135c3ed": 1.4358524100451389, "0x3e0000de5060979f9b4e002e81ab000000b60093": 1.4076920449980046, "0x9f51040aec194a89cb6a7e852e79ea07cc0bf648": 1.3048867240197228, "0xbf25d4c4ab242e4226ee0eea459e14988c4801df": 1.3, "0x901b1f018ced4d518cd577c930d5dccef6369d2c": 1.2860004660184337, "0xd4674001a9a66b31f3c09e3b1fec465404c83d35": 1.2753653331436021, "0x286774e88f83a6829ad2e8c36114e06aaf7dcf3e": 1.1862530794275084, "0x6719c6ebf80d6499ca9ce170cda72beb3f1d1a54": 1.1639950449635843, "0x34e6fd53c6c10141774a28de9520e21af6274d4b": 0.9229566940940134, "0x461e797e32448a189fd34446373799bdc64c5974": 0.8976924969826647, "0xc5a87e6c6fb14daad332614d8b727bdf80d7c801": 0.851131617030303, "0xfbeedcfe378866dab6abbafd8b2986f5c1768737": 0.8249149915438831, "0x799c014d3071ce2150727099595330a051d1bd71": 0.8194569392336379, "0x97c1a26482099363cb055f0f3ca1d6057fe55447": 0.8175404374231721, "0x1ccdd6e0d68bd97abae46735182c7568c78857ff": 0.7803632147561634, "0x09850f8f1338a0b8c7d94dcc361e965b78d0175a": 0.7408454793857421, "0x0000e0ca771e21bd00057f54a68c30d400000000": 0.7379661991589944, "0x901996e18a3b15359a62ceb247647665fb8ade89": 0.7113587097478136, "0x0000000000007f150bd6f54c40a34d7c3d5e9f56": 0.6936645842270247, "0x8793c6aa63cc96c955da4906f628dc09cd595dc8": 0.6662555210674838, "0x95937e3b41194b3f53f2b308052a0df3c5d0b882": 0.6287653741813686, "0x80d4230c0a68fc59cb264329d3a717fcaa472a13": 0.5953894985213197, "0x00000000000747d525e898424e8774f7eb317d00": 0.5760238390202246, "0xc0de235f3a51705759b045dc6d5f6218b058c5bd": 0.5461788199890216, "0x5050e08626c499411b5d0e0b5af0e83d3fd82edf": 0.5303831517648662, "0x00f80000d3000095fe14f500c67b452d0004fa7b": 0.5293778538615436, "0x0eae044f00b0af300500f090ea00027097d03000": 0.5162820507424419, "0x7058eb8d4dd86271b0802a225aafa36b47512603": 0.476514101554236, "0x775c559d9a48ce5a8444c1035c3a8921ab477b8e": 0.4712567699306348, "0xdc3bfcb3521cd02af66d394f817a0e6fe62ded95": 0.4698392023300788, "0x1e2b4801223f126dc291fff80c3a2bfd13d05ca5": 0.4692163225397289, "0x81153f0889ab398c4acb42cb58b565a5392bba95": 0.45926703199567276, "0xb0000000aa4f00af1200c8b2befb6300853f0069": 0.4526665331529788, "0xf73bd29daf60dfe09608d46f5e8eae87284fd3d3": 0.44145142493639156, "0x7d32c90762e22379235fc311fdb16fab399ed40a": 0.422666452863285, "0x247b69f78d2a590bec1ac0a4a4066debe3fca2b8": 0.421599069375589, "0x0075006900ce0028c14700306f0000473ec07cc7": 0.39489337574359923, "0xfefd05076a394f80c3e2bc10d8dca57c1584b2b0": 0.38923376622334416, "0xfb5185b7f8c61f815b57de679bbc857f510352f7": 0.3734343192938553, "0x0055ae46f700bcc53b1b00483d64000d47007200": 0.3675987542988558, "0x49e183bbdd7c27063e9c5884e375cebc35782312": 0.35223426468327274, "0x235c1fcd169a7e6ffca463f9c22d88beceeba62b": 0.352165657, "0x592a0d0b1b6a5522a596d501da22d64e5b05bf79": 0.3444899572571409, "0xd8c07491caa1edf960db3ceff387426d53942ea0": 0.34040082850014824, "0x000000004685666c7653cc148f566f0511901b37": 0.33069368800000004, "0x5366a9801bf467aa07fa940740949b1a7aa0ed88": 0.3228324066573511, "0xcac7f5ecc7ec8db67c08bf156e8a1e493966c7d3": 0.31629910954261753, "0x49bc3cec1fb7978746f742a4e485d0d601831cea": 0.30947526748844156, "0xf03f1a572792339f625e44a1c304ec826659c259": 0.2994031499999999, "0x0ef8b4525c69bfa7bdece3ab09f95bbf0944b783": 0.29125581494829994, "0x0a8e00ec0ed7a20088008c0056cb9000defa0089": 0.2851034204615622, "0x36a7141537e064b7679b412acf866f20f06420ff": 0.282231024840052}