{"0xc74b72bbf904bac9fac880303922fc76a69f0bb4": 264.4765777858841, "0x3aa228a80f50763045bdfc45012da124bd0a6809": 171.11421284518985, "0x5e51328c0583094b76f28cfd532abc3d454fcfea": 59.90800083505532, "0x00000000003b3cc22af3ae1eac0440bcee416b40": 58.714910181738546, "0x64545160d28fd0e309277c02d6d73b3923cc4bfa": 42.16342734433366, "0x6b75d8af000000e20b7a7ddf000ba900b4009a80": 38.77203910169264, "0xe8c060f8052e07423f71d445277c61ac5138a2e5": 35.13544365715199, "0xe20cd9377c204a27952f8b41075f0b8bd1ceec3d": 18.700999293341667, "0xe08beb8c48e71fd08560db2fbaaa0701b187c7a7": 18.203553774083264, "0xcb3702bc25b0f284b032e5edf1a1ebea2fe43255": 12.234504305041687, "0xb3147f04db92a0e7b9c6766a7b9ad0942bd13fee": 11.28703812339122, "0x000000000035b5e5ad9019092c665357240f594e": 11.041999352954443, "0x9dd864d39fbfdf7648402746263e451cd4f36af0": 9.751919130038074, "0x7758fdf11081bc823c2826598d574a7827784910": 9.663113049848437, "0xc6fecdf760af24095cded954de7d81ab49f8bae1": 8.457935211129437, "0x7b577a879665ef6ad344da61de7ec2371f6ff68f": 7.1357828515410135, "0x00000000a991c429ee2ec6df19d40fe0c80088b8": 6.518602832727566, "0xcc2687c14915fd68226ccf388842515739a739bd": 5.990454989748233, "0x6d909e8b0bbb7ab996381e0a44d82d6d97fd9041": 5.845477731672261, "0xb6569481dccddd527c2b0e8ba32f494e52224ca1": 5.430669535949107, "0x0000000000a84d1a9b0063a910315c7ffa9cd248": 5.189575980502937, "0x2d2a7d56773ae7d5c7b9f1b57f7be05039447b4d": 5.007769224470225, "0x0000e0ca771e21bd00057f54a68c30d400000000": 4.81898888878756, "0x000000000005af2ddc1a93a03e9b7014064d3b8d": 4.628401505888778, "0x681d0d7196a036661b354fa2a7e3b73c2adc43ec": 4.556136291599717, "0xf1645de0e8a40e99ebdfd0d03b0a1f5dab6a9976": 4.064799114274208, "0x993c3295a6efcbabc0b7fed8d4a06250e7effbbe": 3.8736429704877757, "0x04c613ce5be6a8fda3a441163975a62909b337d7": 3.81922690373657, "0x2f7c1f1460aed2594a9977c58fa31c465591b287": 3.4980649865249993, "0xf411fca55e1a892c9ba6d04abe5ca26ec1764d2b": 3.412998545339962, "0x000000d40b595b94918a28b27d1e2c66f43a51d3": 3.382475449441328, "0x00fc00900000002c00be4ef8f49c000211000c43": 3.239302394569508, "0x80d4230c0a68fc59cb264329d3a717fcaa472a13": 3.2360550831101076, "0x00000000000006b2ab6decbc6fc7ec6bd2fbc720": 3.1331269148197634, "0x0000000000007f150bd6f54c40a34d7c3d5e9f56": 3.116334229499133, "0xb0bababe78a9be0810fadf99dd2ed31ed12568be": 2.5140885393367722, "0x429cf888dae41d589d57f6dc685707bec755fe63": 2.468678678691871, "0x9705b569ce3d1ddbe421c7b3b4e495445b096160": 2.3712522482682705, "0x00000000f0b4b9973900fd541719cbbc1a5862d8": 2.1321087564970966, "0x122e8808f968ecd4d3fb273b8ae417651bddc3d0": 1.9196938482638566, "0x2ecd8f51fa432415fe8f385b8b369f13eff16fcb": 1.854599518692106, "0x54eeb92cf8ad49c2cb4dc8c9eb5dc9538836016b": 1.852842425790531, "0x000000000000b6b4c2dc4f3f12159df0163f67e9": 1.834293881319252, "0x50a77ba863dbaa84269133e5625ef80072f1884a": 1.8210569982814628, "0x507888e987257a8dde6f8afa46375cefe2cbf504": 1.8107261687998413, "0x247b69f78d2a590bec1ac0a4a4066debe3fca2b8": 1.7558491544252774, "0xe4000004000bd8006e00720000d27d1fa000d43e": 1.6380627489069903, "0x10354c27fc4ce3d50f418e545621e0500b672cca": 1.6055428504571585, "0x988ad333342d903190ed86a053e6b2170aebeb20": 1.511288941751874, "0x95c0c8a41caaa33f22ff042dc4279ed2b4e74041": 1.4725640979386063, "0x6a5ef39f58c80e42642b9210bf74f20666a2e6b6": 1.303548700310238, "0x901996e18a3b15359a62ceb247647665fb8ade89": 1.2954620960702656, "0x97c1a26482099363cb055f0f3ca1d6057fe55447": 1.2756078238215356, "0x49bc3cec1fb7978746f742a4e485d0d601831cea": 1.2737664711583372, "0xe27baebd7b14602de3797974db9f5f4f8dcb6679": 1.1851690886720885, "0x6980a47bee930a4584b09ee79ebe46484fbdbdd0": 1.0909389629340458, "0x00004ec2008200e43b243a000590d4cd46360000": 1.0881090537474212, "0xd1c77a0b8fc886ecc5774351716df9049ee98269": 1.042441817310668, "0x00f80000d3000095fe14f500c67b452d0004fa7b": 0.9453921044577853, "0x097e068dfb61a4794550d70d3d94ac0363659a67": 0.8686842818694273, "0x75af425f2c1696f0583f70ffe5716a863ea7652c": 0.8540237398361809, "0x7d32c90762e22379235fc311fdb16fab399ed40a": 0.7857844080324278, "0x0000000000590b74eb97457bf7b3ff6d63c6fde2": 0.7608894946890873, "0xa52a64501e816016030511aea0445f1a97ee6694": 0.74419257, "0x00000000003d71e9fc20fdeb46fb86afbbee4772": 0.7063167099454264, "0xd381ee8387f0cf35155ee2d93006a39aee3dc58b": 0.6828685996552187, "0x1cdcec6630c99863fb1307c812691bc688f3e92e": 0.6552734966669876, "0x796d37daf7cdc455e023be793d0daa6240707069": 0.6436231306843038, "0x6f87f1fbf96c1bb0b0cc9bf6a456566919900d3e": 0.630595637147197, "0xdc3bfcb3521cd02af66d394f817a0e6fe62ded95": 0.5661795432089824, "0x8011d6c888214b3aea276a6d9d893578d8b25b03": 0.5648558213892827, "0xd4209dc38d078097fb6392e2a61a288d3b115982": 0.5555410222562525, "0x3b8381198cdaa0a2755e07a7f93f9dfa50845387": 0.5545996551324419, "0x36a7141537e064b7679b412acf866f20f06420ff": 0.5048095488027228, "0x0000cd00001700b10049dfc947103e00e1c62683": 0.4952781231789978, "0xce66faca3e5e033b9513255d09adb178e4a45a3c": 0.4926795279996856, "0x329e0e39d814d4ee6b45afa660b8a2f5fb23c298": 0.46974181934714737, "0xe2b6601667f0a6bd9f68441e2e0b81e4fcfbb2eb": 0.4474672193674051, "0x5f1ad7d3f545088192ad45b6700840039f5a0482": 0.4402919883765154, "0x4ecfa6c057d500f1a020c9327c893bd43ab59063": 0.43626192979646267, "0x815808d9cd7fa75c7a7fbb19c7fe60a5295104e5": 0.43444702681234054, "0xba3f5c056500ce033e9d74494b820d495efcf19d": 0.38085720876416257, "0x3c005ba2000f0000ba000d69000ac8ec003800bc": 0.3782385084053272, "0x0eb71d7e2354cb536ec1f49b6a55673ae05e6cbc": 0.37573916429332244, "0x24902aa0cf0000a08c0ea0b003b0c0bf600000e0": 0.3683004150884886, "0xb206ebe579be55f5b57119bb2e7cc63708eda1aa": 0.361513279317224, "0x5c5c1776c16ef823e6582dd2747018ca5638e972": 0.35144674916682644, "0x09850f8f1338a0b8c7d94dcc361e965b78d0175a": 0.35011487781961165, "0x0055ae46f700bcc53b1b00483d64000d47007200": 0.3186600800387068, "0x761d80987a36fc271875ea4de17539e8c82ae51d": 0.31092412746201437, "0x53facee52e897740b140f5304e9cd9dc6238d735": 0.2918531673583687, "0x493f461aead031cee2027f1b95370a692611acb9": 0.29017004517633765, "0x0eae044f00b0af300500f090ea00027097d03000": 0.28548473782659867, "0x00000000009e50a7ddb7a7b0e2ee6604fd120e49": 0.2808807972601485, "0xa9b189d3d932dfab27f251ff79cd734f9b69b77a": 0.2684356121648124, "0x4b4867541f6e756be4119a171b7da17a1558c463": 0.2502208140560247, "0x1efe3ad4bccb10485d27534b4dd2f92b1b44c9cb": 0.24385470019632874, "0xeef33b4779fc9e13b1e30691822d5f447d2161b8": 0.23809077413750904, "0x6719c6ebf80d6499ca9ce170cda72beb3f1d1a54": 0.2175484559095396, "0x50555ffe42e011ff1c5cc4fa608aac963193f04f": 0.20925428915874136}