{"0xe8c060f8052e07423f71d445277c61ac5138a2e5": 55.78344387154726, "0x5e51328c0583094b76f28cfd532abc3d454fcfea": 47.71926215195262, "0x00000000003b3cc22af3ae1eac0440bcee416b40": 40.14947619191982, "0x9dd864d39fbfdf7648402746263e451cd4f36af0": 33.71838825340567, "0x64545160d28fd0e309277c02d6d73b3923cc4bfa": 22.161632283126167, "0x1ad0f59b4d47aaca637592bdf0f10a8d66533652": 20.361555825452232, "0x000000000035b5e5ad9019092c665357240f594e": 17.93780801778297, "0xe08beb8c48e71fd08560db2fbaaa0701b187c7a7": 17.618979940282703, "0xe20cd9377c204a27952f8b41075f0b8bd1ceec3d": 14.233167521535949, "0x7b577a879665ef6ad344da61de7ec2371f6ff68f": 13.703886960708818, "0x6b75d8af000000e20b7a7ddf000ba900b4009a80": 13.174585145479277, "0xcb3702bc25b0f284b032e5edf1a1ebea2fe43255": 10.153954004935379, "0x7758fdf11081bc823c2826598d574a7827784910": 9.663113049848437, "0xc6fecdf760af24095cded954de7d81ab49f8bae1": 7.623060029436868, "0x0000e0ca771e21bd00057f54a68c30d400000000": 7.0538027330442805, "0x122e8808f968ecd4d3fb273b8ae417651bddc3d0": 6.907765127824392, "0x9705b569ce3d1ddbe421c7b3b4e495445b096160": 6.384724104710779, "0x6d909e8b0bbb7ab996381e0a44d82d6d97fd9041": 5.729468362021063, "0x507888e987257a8dde6f8afa46375cefe2cbf504": 5.507455928786105, "0x00000000000006b2ab6decbc6fc7ec6bd2fbc720": 5.369430562982895, "0xcc2687c14915fd68226ccf388842515739a739bd": 5.329756847789269, "0x0000000000a84d1a9b0063a910315c7ffa9cd248": 5.272761420753907, "0x000000000005af2ddc1a93a03e9b7014064d3b8d": 4.716602331283965, "0x6980a47bee930a4584b09ee79ebe46484fbdbdd0": 4.028244747134325, "0xf1645de0e8a40e99ebdfd0d03b0a1f5dab6a9976": 3.789945336227521, "0x54eeb92cf8ad49c2cb4dc8c9eb5dc9538836016b": 3.7702222085418886, "0x3aa228a80f50763045bdfc45012da124bd0a6809": 3.5032127495934637, "0x1cdcec6630c99863fb1307c812691bc688f3e92e": 3.4988000037496785, "0xf411fca55e1a892c9ba6d04abe5ca26ec1764d2b": 2.9489647492863025, "0x95c0c8a41caaa33f22ff042dc4279ed2b4e74041": 2.91636851395552, "0x80d4230c0a68fc59cb264329d3a717fcaa472a13": 2.8982737114227035, "0x6a5ef39f58c80e42642b9210bf74f20666a2e6b6": 2.607684738540613, "0x0000000000007f150bd6f54c40a34d7c3d5e9f56": 2.2398776884080296, "0x2f7c1f1460aed2594a9977c58fa31c465591b287": 2.234444581689387, "0xb0bababe78a9be0810fadf99dd2ed31ed12568be": 2.204317724839516, "0x2ecd8f51fa432415fe8f385b8b369f13eff16fcb": 2.076915733983245, "0x49bc3cec1fb7978746f742a4e485d0d601831cea": 2.0260518162293932, "0x7f35eda215e381b44e5e6a0934fea2e9b7545e06": 1.7735709083604887, "0x00fc00900000002c00be4ef8f49c000211000c43": 1.7488041172205022, "0x00000000a991c429ee2ec6df19d40fe0c80088b8": 1.7444057987309343, "0xb3147f04db92a0e7b9c6766a7b9ad0942bd13fee": 1.7043229941471263, "0xa52a64501e816016030511aea0445f1a97ee6694": 1.5727925450000002, "0x00000000f0b4b9973900fd541719cbbc1a5862d8": 1.5690799950250722, "0x1ba33ea2dad979486994fc7be0ad70d2e390e134": 1.5582253662006762, "0x000000d40b595b94918a28b27d1e2c66f43a51d3": 1.4991870957902187, "0xe27baebd7b14602de3797974db9f5f4f8dcb6679": 1.3317060351296754, "0x429cf888dae41d589d57f6dc685707bec755fe63": 1.3226224487814817, "0x50a77ba863dbaa84269133e5625ef80072f1884a": 1.1959880737205137, "0x00000000009e50a7ddb7a7b0e2ee6604fd120e49": 1.1598224904731325, "0x901996e18a3b15359a62ceb247647665fb8ade89": 1.1358422026056116, "0x75af425f2c1696f0583f70ffe5716a863ea7652c": 1.0796701002424347, "0xd1c77a0b8fc886ecc5774351716df9049ee98269": 1.042441817310668, "0xba3f5c056500ce033e9d74494b820d495efcf19d": 0.9910223711163066, "0x7cd1fe28fb9d4c861071958cfa0d9802a815439c": 0.9616973840572607, "0x247b69f78d2a590bec1ac0a4a4066debe3fca2b8": 0.8685322460645231, "0x571a8e0874292c1336f970fd44cb502d81c3a717": 0.8271215293486844, "0xb6569481dccddd527c2b0e8ba32f494e52224ca1": 0.8044676587207317, "0xce66faca3e5e033b9513255d09adb178e4a45a3c": 0.7787258655205543, "0x3c005ba2000f0000ba000d69000ac8ec003800bc": 0.76885558881577, "0x00000000003d71e9fc20fdeb46fb86afbbee4772": 0.6861023423404512, "0xd381ee8387f0cf35155ee2d93006a39aee3dc58b": 0.6828685996552187, "0x10354c27fc4ce3d50f418e545621e0500b672cca": 0.620665066460144, "0x7d32c90762e22379235fc311fdb16fab399ed40a": 0.6050691143450705, "0x329e0e39d814d4ee6b45afa660b8a2f5fb23c298": 0.577486410236276, "0x796d37daf7cdc455e023be793d0daa6240707069": 0.5341581114359802, "0x3e0918f43458db9f02d7ca915cc422204619f5a5": 0.520870606042459, "0x5f1ad7d3f545088192ad45b6700840039f5a0482": 0.47334295782263835, "0x12b6eba545e4a9666cb7a77d1da25df9ffb172f3": 0.45437007001845653, "0xa0cdf33c150b936d0091969c694da3cfeae18446": 0.4504108555167228, "0x2d2a7d56773ae7d5c7b9f1b57f7be05039447b4d": 0.4134571956451454, "0xe545c3cd397be0243475af52bcff8c64e9ead5d7": 0.39007833275447773, "0x09850f8f1338a0b8c7d94dcc361e965b78d0175a": 0.3893864758203749, "0xdb387e5f428d53102b7535819de26225e7502c80": 0.37426459335106155, "0xb206ebe579be55f5b57119bb2e7cc63708eda1aa": 0.361513279317224, "0x00f80000d3000095fe14f500c67b452d0004fa7b": 0.338859847744219, "0x493f461aead031cee2027f1b95370a692611acb9": 0.33689063198322605, "0x0055ae46f700bcc53b1b00483d64000d47007200": 0.3170538090939946, "0x8011d6c888214b3aea276a6d9d893578d8b25b03": 0.3073621857783351, "0x988ad333342d903190ed86a053e6b2170aebeb20": 0.3038094275464844, "0xc5a87e6c6fb14daad332614d8b727bdf80d7c801": 0.29115879533333333, "0xdc3bfcb3521cd02af66d394f817a0e6fe62ded95": 0.2796913231691832, "0x4b4867541f6e756be4119a171b7da17a1558c463": 0.27246082554364565, "0xe4000004000bd8006e00720000d27d1fa000d43e": 0.27036845428435746, "0x50555ffe42e011ff1c5cc4fa608aac963193f04f": 0.25337029166689257, "0x6719c6ebf80d6499ca9ce170cda72beb3f1d1a54": 0.24865368212304145, "0x24902aa0cf0000a08c0ea0b003b0c0bf600000e0": 0.23957374696450245, "0x0000000f9c4e004706afdca3b2f0c8f08838eb58": 0.2393157128222203, "0x5dc24dae386522c4de23006e1001a39ddbc12432": 0.2089666870017554, "0x04c613ce5be6a8fda3a441163975a62909b337d7": 0.20623936883643915, "0xf71530c1f043703085b42608ff9dcccc43210a8e": 0.19732811871167905, "0x761d80987a36fc271875ea4de17539e8c82ae51d": 0.19599626090421088, "0x00004ec2008200e43b243a000590d4cd46360000": 0.18317623590502882, "0xeef33b4779fc9e13b1e30691822d5f447d2161b8": 0.18171288693989893, "0x000000000000b6b4c2dc4f3f12159df0163f67e9": 0.1612365958357044, "0x98177a0000030000f1c7130065e308e78a160000": 0.16102328227027723, "0x01e06725d25b573a2f73503198e3214223442cfc": 0.15250860227268084, "0x356cfd6e6d0000400000003900b415f80669009e": 0.14385582770907698, "0x18abedebf76e1e6fdeb3ae0a5dd06daa28112abf": 0.143}