{"0xcb3702bc25b0f284b032e5edf1a1ebea2fe43255": 144.11637147240197, "0xe8c060f8052e07423f71d445277c61ac5138a2e5": 50.05474014625677, "0x6b75d8af000000e20b7a7ddf000ba900b4009a80": 43.42555496790201, "0x9dd864d39fbfdf7648402746263e451cd4f36af0": 26.232880907377403, "0xcc2687c14915fd68226ccf388842515739a739bd": 11.10005991092864, "0x00000000003b3cc22af3ae1eac0440bcee416b40": 10.627287198795644, "0x571a8e0874292c1336f970fd44cb502d81c3a717": 10.447881212985859, "0x000000000035b5e5ad9019092c665357240f594e": 6.652215884982977, "0x000000000005af2ddc1a93a03e9b7014064d3b8d": 6.508267201629302, "0x00000000a991c429ee2ec6df19d40fe0c80088b8": 5.7991640199573204, "0x605e35e88b2eba3ff084045d8eb8ae881c7e9dcb": 5.741354551885967, "0xa37a714a14a1d3d969bd2a9f10e029d02e77bfcb": 4.731046888261135, "0x2ecd8f51fa432415fe8f385b8b369f13eff16fcb": 4.356928102029139, "0x507888e987257a8dde6f8afa46375cefe2cbf504": 3.6575609450115305, "0xb206ebe579be55f5b57119bb2e7cc63708eda1aa": 3.1180391876862146, "0x000000d40b595b94918a28b27d1e2c66f43a51d3": 3.0608295765464177, "0x796d37daf7cdc455e023be793d0daa6240707069": 2.8685226573898346, "0x0000000000a84d1a9b0063a910315c7ffa9cd248": 2.7334154286039123, "0x247b69f78d2a590bec1ac0a4a4066debe3fca2b8": 2.581043150029127, "0xb6569481dccddd527c2b0e8ba32f494e52224ca1": 2.5419467078854843, "0x6a5ef39f58c80e42642b9210bf74f20666a2e6b6": 2.459674672146335, "0x681d0d7196a036661b354fa2a7e3b73c2adc43ec": 2.2762155455311768, "0x429cf888dae41d589d57f6dc685707bec755fe63": 2.1954123906684617, "0x7b4aa82a26f6d864489b1dd905cb591ed4f9c715": 2.165886475501082, "0xb0bababe78a9be0810fadf99dd2ed31ed12568be": 2.0057218606278044, "0x0000cd00001700b10049dfc947103e00e1c62683": 2.0002914963248912, "0x75af425f2c1696f0583f70ffe5716a863ea7652c": 1.9975420386476628, "0xd539cee6ab3997c21c0b83b21116b31bf6694092": 1.9779229533737985, "0x5e51328c0583094b76f28cfd532abc3d454fcfea": 1.9547133111866692, "0x00fc00900000002c00be4ef8f49c000211000c43": 1.688484418040494, "0x13c6f604be370863a1eab3b2059dea1baaa071da": 1.674949966906347, "0xf1645de0e8a40e99ebdfd0d03b0a1f5dab6a9976": 1.4720210781584435, "0xe545c3cd397be0243475af52bcff8c64e9ead5d7": 1.421989295780201, "0x0000e0ca771e21bd00057f54a68c30d400000000": 1.2210613413060971, "0x00000000009e50a7ddb7a7b0e2ee6604fd120e49": 1.1798687381513766, "0x50a77ba863dbaa84269133e5625ef80072f1884a": 1.131343322452202, "0x80d4230c0a68fc59cb264329d3a717fcaa472a13": 1.0074007877080962, "0x7c28e0977f72c5d08d5e1ac7d52a34db378282b3": 0.9901578284174961, "0x3c005ba2000f0000ba000d69000ac8ec003800bc": 0.904771462508309, "0xa0cdf33c150b936d0091969c694da3cfeae18446": 0.8197437565642659, "0xe20cd9377c204a27952f8b41075f0b8bd1ceec3d": 0.6891830893831076, "0x00f80000d3000095fe14f500c67b452d0004fa7b": 0.6863260639815865, "0x122e8808f968ecd4d3fb273b8ae417651bddc3d0": 0.6601398224507901, "0x2f7c1f1460aed2594a9977c58fa31c465591b287": 0.6159238944404185, "0xdc3bfcb3521cd02af66d394f817a0e6fe62ded95": 0.5565013467537785, "0x0000000000590b74eb97457bf7b3ff6d63c6fde2": 0.5352103485730653, "0x2d2a7d56773ae7d5c7b9f1b57f7be05039447b4d": 0.530077848356505, "0x18198cbac5a55b44778c6e29f3df8f4142cd65c2": 0.5083606871381869, "0x00004ec2008200e43b243a000590d4cd46360000": 0.4435610495007013, "0x8011d6c888214b3aea276a6d9d893578d8b25b03": 0.37078586956344156, "0x00000000003d71e9fc20fdeb46fb86afbbee4772": 0.3646054829991977, "0x000000007dd891544c6e7f0c0f2b836f4a3d6ccb": 0.3628963719843483, "0x7cd1fe28fb9d4c861071958cfa0d9802a815439c": 0.3605853337924738, "0x0000000000007f150bd6f54c40a34d7c3d5e9f56": 0.3499504572914335, "0x338205d8900553ed51e108beb2258a13e1747584": 0.34658665691553636, "0x6980a47bee930a4584b09ee79ebe46484fbdbdd0": 0.28154284524061124, "0x4fce027bc57d7530b84527f4848983cece4df15e": 0.2713733239737186, "0xa2567700005ee6c889f1006500b4d5b75b008ed9": 0.2600097448224934, "0xc5a87e6c6fb14daad332614d8b727bdf80d7c801": 0.25662860696969697, "0xfc5b9fdee1f71f3b3bfc9cebc86e8354214690c4": 0.2516926704773515, "0x7f35eda215e381b44e5e6a0934fea2e9b7545e06": 0.2514381534379126}