{"0xbbb7ec4cd7c16ba1ca90aa6ba460017d08d8c97b": 50.1, "0xcb3702bc25b0f284b032e5edf1a1ebea2fe43255": 43.89408248015216, "0x64545160d28fd0e309277c02d6d73b3923cc4bfa": 29.93686339619805, "0xe8c060f8052e07423f71d445277c61ac5138a2e5": 27.72448203044204, "0xe20cd9377c204a27952f8b41075f0b8bd1ceec3d": 24.11742479140831, "0x3aa228a80f50763045bdfc45012da124bd0a6809": 16.597713242671308, "0x6d909e8b0bbb7ab996381e0a44d82d6d97fd9041": 14.535059415437548, "0x75af425f2c1696f0583f70ffe5716a863ea7652c": 13.418663290091635, "0xa8540ff6a74cd07402ca81ce7d21ac3a834f357b": 12.51984558942159, "0x507888e987257a8dde6f8afa46375cefe2cbf504": 11.444775359615539, "0x00000000003b3cc22af3ae1eac0440bcee416b40": 10.227026651736443, "0x6a5ef39f58c80e42642b9210bf74f20666a2e6b6": 9.84912553435058, "0x7d32c90762e22379235fc311fdb16fab399ed40a": 7.356028382439688, "0xe08beb8c48e71fd08560db2fbaaa0701b187c7a7": 7.091109348427159, "0x7b577a879665ef6ad344da61de7ec2371f6ff68f": 5.387478032307734, "0xbdb241f7fd4ed7f0f40fc6c26b7c1f8dd21b6c49": 5.1651158147941345, "0xc6fecdf760af24095cded954de7d81ab49f8bae1": 5.055975703655438, "0x6980a47bee930a4584b09ee79ebe46484fbdbdd0": 4.7667873049658755, "0x00000000003d71e9fc20fdeb46fb86afbbee4772": 3.7949468205999985, "0x5050e08626c499411b5d0e0b5af0e83d3fd82edf": 3.790220046373599, "0x2f7c1f1460aed2594a9977c58fa31c465591b287": 3.608668409038644, "0x247b69f78d2a590bec1ac0a4a4066debe3fca2b8": 3.4566474532065925, "0x000000000005af2ddc1a93a03e9b7014064d3b8d": 3.0585073373439946, "0xcc2687c14915fd68226ccf388842515739a739bd": 2.7893362316234835, "0x000000000035b5e5ad9019092c665357240f594e": 2.7162110397843575, "0x4eddf27985629c82a56d7fa838880a2776de542e": 2.5, "0xd381ee8387f0cf35155ee2d93006a39aee3dc58b": 2.1754752885463633, "0x5e51328c0583094b76f28cfd532abc3d454fcfea": 2.097444238100692, "0xf1645de0e8a40e99ebdfd0d03b0a1f5dab6a9976": 2.081040906021796, "0x0000000000a84d1a9b0063a910315c7ffa9cd248": 1.979385875242945, "0xb0bababe78a9be0810fadf99dd2ed31ed12568be": 1.9793521659126103, "0x2ecd8f51fa432415fe8f385b8b369f13eff16fcb": 1.899225079988855, "0x901996e18a3b15359a62ceb247647665fb8ade89": 1.8449907596062771, "0xf411fca55e1a892c9ba6d04abe5ca26ec1764d2b": 1.7343356584154122, "0x988ad333342d903190ed86a053e6b2170aebeb20": 1.6866001146932292, "0x54eeb92cf8ad49c2cb4dc8c9eb5dc9538836016b": 1.5819624852162975, "0x00000000f0b4b9973900fd541719cbbc1a5862d8": 1.5358149321041572, "0x0000000000007f150bd6f54c40a34d7c3d5e9f56": 1.5222993356735535, "0x993c3295a6efcbabc0b7fed8d4a06250e7effbbe": 1.280415822944967, "0x00000000000006b2ab6decbc6fc7ec6bd2fbc720": 1.2701022589958426, "0xe27baebd7b14602de3797974db9f5f4f8dcb6679": 1.2308025287895235, "0xc74b72bbf904bac9fac880303922fc76a69f0bb4": 1.2186476649299214, "0x11f7c6ad9d6ad8a6c0054646833a05299ff498fb": 1.1677660510312804, "0x0c50954238aa8abe22cd1d3847b15893a76bbd43": 1.0699269667280398, "0x24902aa0cf0000a08c0ea0b003b0c0bf600000e0": 1.0032047493006118, "0x95c0c8a41caaa33f22ff042dc4279ed2b4e74041": 0.9744265037642674, "0x00000000009e50a7ddb7a7b0e2ee6604fd120e49": 0.9007913256444677, "0x09850f8f1338a0b8c7d94dcc361e965b78d0175a": 0.8521445677391175, "0x50a77ba863dbaa84269133e5625ef80072f1884a": 0.8327720229697612, "0x8011d6c888214b3aea276a6d9d893578d8b25b03": 0.8249520819360203, "0x04c613ce5be6a8fda3a441163975a62909b337d7": 0.7841395211834521, "0xa52a64501e816016030511aea0445f1a97ee6694": 0.692, "0x92875cf2bee416ea4fee128b35087b51f56688f8": 0.6875210210959667, "0x5f1ad7d3f545088192ad45b6700840039f5a0482": 0.6796207000692764, "0x9705b569ce3d1ddbe421c7b3b4e495445b096160": 0.518354119141462, "0xd4209dc38d078097fb6392e2a61a288d3b115982": 0.4890824315111505, "0x681d0d7196a036661b354fa2a7e3b73c2adc43ec": 0.434154775509059, "0x00000000de337b4fff5fcbe4df67a85d0bad5d16": 0.4024552708249692, "0x97c1a26482099363cb055f0f3ca1d6057fe55447": 0.39686467441280393, "0x53facee52e897740b140f5304e9cd9dc6238d735": 0.3581460446200184, "0x493f461aead031cee2027f1b95370a692611acb9": 0.347037262802548, "0xc0de235f3a51705759b045dc6d5f6218b058c5bd": 0.34441393844098034, "0xe4d8cbbfadce2a40c4578387254b01559d0a10cf": 0.33441672829752367, "0x5dc24dae386522c4de23006e1001a39ddbc12432": 0.33372903475497145, "0xeef33b4779fc9e13b1e30691822d5f447d2161b8": 0.3306620003103976, "0x81153f0889ab398c4acb42cb58b565a5392bba95": 0.3204328108832277, "0xd460f9384f5328cf93df6970cdbfe392be03d006": 0.2983501195991199, "0x5571d62244423529a4bc3762fde757efeedcaa61": 0.2874749269471679, "0x80d4230c0a68fc59cb264329d3a717fcaa472a13": 0.2743946351035427, "0x7efd91c8ca31e7452c5c4de00a8ca1c18910a35f": 0.27098023901746043, "0xc5a87e6c6fb14daad332614d8b727bdf80d7c801": 0.24361444133333332, "0x1ebb6307bcc3ca8407605e932b3a8e47475b0784": 0.24056869893128283, "0x638574d80a0c6bde199c4dda94fb2b9366544cbc": 0.236017208755354}