{"0x9dd864d39fbfdf7648402746263e451cd4f36af0": 80.47325096130425, "0xe8c060f8052e07423f71d445277c61ac5138a2e5": 32.74678817431747, "0x6b75d8af000000e20b7a7ddf000ba900b4009a80": 21.458040850715896, "0x00000000003b3cc22af3ae1eac0440bcee416b40": 19.17390289255864, "0xcb3702bc25b0f284b032e5edf1a1ebea2fe43255": 15.514777741258065, "0x571a8e0874292c1336f970fd44cb502d81c3a717": 10.429903176244148, "0xcc2687c14915fd68226ccf388842515739a739bd": 9.688440225432956, "0x000000000035b5e5ad9019092c665357240f594e": 6.656072718876358, "0x6a5ef39f58c80e42642b9210bf74f20666a2e6b6": 6.025197690860091, "0x00000000a991c429ee2ec6df19d40fe0c80088b8": 5.194485068883126, "0x0000000000a84d1a9b0063a910315c7ffa9cd248": 5.087307172231392, "0x000000000005af2ddc1a93a03e9b7014064d3b8d": 4.844558184347657, "0x2ecd8f51fa432415fe8f385b8b369f13eff16fcb": 4.639509670342299, "0xe545c3cd397be0243475af52bcff8c64e9ead5d7": 4.16458630395868, "0x605e35e88b2eba3ff084045d8eb8ae881c7e9dcb": 3.907739022987673, "0x00fc00900000002c00be4ef8f49c000211000c43": 3.484917430096166, "0x507888e987257a8dde6f8afa46375cefe2cbf504": 3.2959778184685002, "0xf1645de0e8a40e99ebdfd0d03b0a1f5dab6a9976": 2.666393867334334, "0x429cf888dae41d589d57f6dc685707bec755fe63": 2.5209790167523023, "0x80d4230c0a68fc59cb264329d3a717fcaa472a13": 2.3906666882555676, "0x247b69f78d2a590bec1ac0a4a4066debe3fca2b8": 2.2572335481008916, "0x000000d40b595b94918a28b27d1e2c66f43a51d3": 1.33312541712567, "0x796d37daf7cdc455e023be793d0daa6240707069": 1.1243484380476567, "0x00004ec2008200e43b243a000590d4cd46360000": 1.0484127394213307, "0xb0bababe78a9be0810fadf99dd2ed31ed12568be": 0.9979133135231498, "0x5e51328c0583094b76f28cfd532abc3d454fcfea": 0.9672560232281737, "0x0000000000590b74eb97457bf7b3ff6d63c6fde2": 0.8958759755613671, "0xa0cdf33c150b936d0091969c694da3cfeae18446": 0.8305762729253212, "0x00f80000d3000095fe14f500c67b452d0004fa7b": 0.7810972308617399, "0x122e8808f968ecd4d3fb273b8ae417651bddc3d0": 0.7757121090868951, "0x8011d6c888214b3aea276a6d9d893578d8b25b03": 0.7378318812315189, "0x3c005ba2000f0000ba000d69000ac8ec003800bc": 0.6682035815048744, "0x0000a42df58060230d7f1aefe47da338078244e8": 0.6537419446399613, "0xb3147f04db92a0e7b9c6766a7b9ad0942bd13fee": 0.6330989442713233, "0xe20cd9377c204a27952f8b41075f0b8bd1ceec3d": 0.6287396626359791, "0x00000000009e50a7ddb7a7b0e2ee6604fd120e49": 0.6110291842974529, "0xe92c20817cc3e034665f7e8402bbfab3ce479baf": 0.5479179263616721, "0x2d2a7d56773ae7d5c7b9f1b57f7be05039447b4d": 0.5371253079486146, "0x18198cbac5a55b44778c6e29f3df8f4142cd65c2": 0.5078392033020297, "0xce66faca3e5e033b9513255d09adb178e4a45a3c": 0.4788684136422612, "0x2f7c1f1460aed2594a9977c58fa31c465591b287": 0.45482512727654256, "0x0000cd00001700b10049dfc947103e00e1c62683": 0.41449312992388815, "0x8eeac69c7dbbea097cc7c84e4cf0b41bf0c3800e": 0.41040329307643875, "0x0000e0ca771e21bd00057f54a68c30d400000000": 0.40501180961714844, "0x681d0d7196a036661b354fa2a7e3b73c2adc43ec": 0.38015182587016577, "0x53facee52e897740b140f5304e9cd9dc6238d735": 0.36840878712333647, "0x00000000003d71e9fc20fdeb46fb86afbbee4772": 0.31185362712101977, "0x9c33b80491e09d157db9d93f66375bf1994fce10": 0.30032569106326445, "0x988ad333342d903190ed86a053e6b2170aebeb20": 0.27760144598012176, "0x00ac6d844810a1bd902220b5f0006100008b0000": 0.24543998984749446, "0x72794739d8568a8b567d6cf83e49b0be7bb978b1": 0.233367541007939, "0x00000000fda4c75bfb5e0f3a75ce3d811b6f6c88": 0.22796591439932207, "0x134d8fc986fa44171f8b67826436c4300f63b61c": 0.21568501222581832, "0x00000000000006b2ab6decbc6fc7ec6bd2fbc720": 0.20394035528115997, "0x46c4128981525aa446e02ffb2ff762f1d6a49170": 0.20311652085387216, "0xc5a87e6c6fb14daad332614d8b727bdf80d7c801": 0.19652243290909088, "0x6980a47bee930a4584b09ee79ebe46484fbdbdd0": 0.19267392025058735, "0xb6569481dccddd527c2b0e8ba32f494e52224ca1": 0.16984725089108144, "0x1fdb319cc1be16ff75ef84e408b0bc1594dd4d3c": 0.16697746747246003, "0xdc3bfcb3521cd02af66d394f817a0e6fe62ded95": 0.15403699480194674, "0x50555ffe42e011ff1c5cc4fa608aac963193f04f": 0.14743861127635105, "0x0000000000007f150bd6f54c40a34d7c3d5e9f56": 0.14551356995205705}