{
  "0x6b75d8af000000e20b7a7ddf000ba900b4009a80": 5850.390314064282,
  "0x000000d40b595b94918a28b27d1e2c66f43a51d3": 721.4074582260216,
  "0x00000000a991c429ee2ec6df19d40fe0c80088b8": 538.2394879833264,
  "0xe8c060f8052e07423f71d445277c61ac5138a2e5": 383.40721164193013,
  "0x2d2a7d56773ae7d5c7b9f1b57f7be05039447b4d": 250.01272262736288,
  "0x00000000003b3cc22af3ae1eac0440bcee416b40": 178.92906998377666,
  "0x00004ec2008200e43b243a000590d4cd46360000": 169.7955568847208,
  "0x93ffb15d1fa91e0c320d058f00ee97f9e3c50096": 155.98291204216153,
  "0x000000000005af2ddc1a93a03e9b7014064d3b8d": 153.69607861377145,
  "0x0000cd00001700b10049dfc947103e00e1c62683": 132.71632803509107,
  "0x007933790a4f00000099e9001629d9fe7775b800": 111.30484895551643,
  "0x6a8aeb3f8509c188775f65fd1e9eb5dd10abb8db": 107.80301516777078,
  "0x9dd864d39fbfdf7648402746263e451cd4f36af0": 95.37333473516362,
  "0x507888e987257a8dde6f8afa46375cefe2cbf504": 85.24615040163737,
  "0xe545c3cd397be0243475af52bcff8c64e9ead5d7": 62.17891328397604,
  "0x605e35e88b2eba3ff084045d8eb8ae881c7e9dcb": 60.09047923420569,
  "0x1fdb319cc1be16ff75ef84e408b0bc1594dd4d3c": 51.06987275532943,
  "0x76b5a83c8c8097e7723eda897537b6345789b229": 43.485700168517724,
  "0xcb3702bc25b0f284b032e5edf1a1ebea2fe43255": 43.23531923638351,
  "0xcc2687c14915fd68226ccf388842515739a739bd": 43.10010933926783,
  "0xba3f5c056500ce033e9d74494b820d495efcf19d": 41.45786967476217,
  "0x000000000035b5e5ad9019092c665357240f594e": 41.317928373833716,
  "0x5093013aaaee47c868fa3c317fe7840a3d8f8804": 34.392965027911,
  "0x24902aa0cf0000a08c0ea0b003b0c0bf600000e0": 33.848158051621276,
  "0xa0cdf33c150b936d0091969c694da3cfeae18446": 31.974669241993602,
  "0xac6a9e9ca65d4bcbea3e59c4c40128052bcc8882": 29.65015351465742,
  "0xfd0000000100069ad1670066004306009b487ad7": 27.717285809502197,
  "0xa80db00007020e013fa10d0560700c0018003b8b": 27.094418098270086,
  "0x6a5ef39f58c80e42642b9210bf74f20666a2e6b6": 19.24494576898168,
  "0x8011d6c888214b3aea276a6d9d893578d8b25b03": 17.925615101583077,
  "0x429cf888dae41d589d57f6dc685707bec755fe63": 16.004943503908017,
  "0x00003fc35e6700306ff200fbe9af00460000006b": 14.549625815366227,
  "0x07bae765074790b76c791834ab873be27493c163": 13.708315806479103,
  "0x80d4230c0a68fc59cb264329d3a717fcaa472a13": 12.749652272916432,
  "0x00a2712e3200e89c6b8500b2da5c6c9431330000": 10.403426730196731,
  "0x0000e0ca771e21bd00057f54a68c30d400000000": 10.146036984171076,
  "0x0000a42df58060230d7f1aefe47da338078244e8": 9.510414791776805,
  "0xae9e10a1d5b2bfb0dd4336695a1b0e8b931ab438": 9.507260760841291,
  "0x5e51328c0583094b76f28cfd532abc3d454fcfea": 9.223270987782438,
  "0x00000000500e2fece27a7600435d0c48d64e0c00": 8.963771684284822,
  "0x000000000015159abc7d42e8e813328b5a034c0d": 8.68294094725066,
  "0x7f636f161d3151cbf393ae823b2834e95538fe54": 8.003505374237985,
  "0xd050e0a4838d74769228b49dff97241b4ef3805d": 7.8596424151783095,
  "0x7d32c90762e22379235fc311fdb16fab399ed40a": 7.812774326308448,
  "0xb0bababe78a9be0810fadf99dd2ed31ed12568be": 6.683642596162472,
  "0x7f35eda215e381b44e5e6a0934fea2e9b7545e06": 6.462397160178431,
  "0x9db7378614d8d9d7149c4ee4763f88c38f9b1517": 6.4618575918276004,
  "0x0eae044f00b0af300500f090ea00027097d03000": 6.385838360106027,
  "0x00000000be445a36d2e76b2c6b655eddceadfcfd": 5.618582313384789,
  "0xc305000000ff00002b001b6300dda3f0ba56b1bd": 5.066313170429351,
  "0xca9f6aa4d79ad99a01887098e1dcae5efc27aaab": 4.9262819341655,
  "0xb6569481dccddd527c2b0e8ba32f494e52224ca1": 4.8053261858742,
  "0x00000000d40107239fa2b85be64b4e981e3bfdfc": 4.774577805045998,
  "0x3c61d6baa74416caa538a55f28e764a0460b0d60": 4.693494533413499,
  "0xe4000004000bd8006e00720000d27d1fa000d43e": 4.3888738056634855,
  "0x7c28e0977f72c5d08d5e1ac7d52a34db378282b3": 4.322659742351739,
  "0x00ac6d844810a1bd902220b5f0006100008b0000": 4.1235303113125825,
  "0x3c005ba2000f0000ba000d69000ac8ec003800bc": 4.0095322303608,
  "0x0000000000a84d1a9b0063a910315c7ffa9cd248": 3.6521491598018145,
  "0x796d37daf7cdc455e023be793d0daa6240707069": 3.4356182955799133,
  "0xc0de02babe048d279d1ac193930169e715fe7612": 3.4196281787670983,
  "0x247b69f78d2a590bec1ac0a4a4066debe3fca2b8": 3.358406979834164,
  "0xe842bdcf54c0ffe5749257061e3caaf40a83e19b": 3.011462928084652,
  "0xb206ebe579be55f5b57119bb2e7cc63708eda1aa": 2.6291830167483576
}
