{"0x3aa228a80f50763045bdfc45012da124bd0a6809": 171.0580002466301, "0x00000000003b3cc22af3ae1eac0440bcee416b40": 61.099528751498134, "0x5e51328c0583094b76f28cfd532abc3d454fcfea": 47.26719704694536, "0x64545160d28fd0e309277c02d6d73b3923cc4bfa": 40.39567221010544, "0xe8c060f8052e07423f71d445277c61ac5138a2e5": 38.254665565616826, "0x6b75d8af000000e20b7a7ddf000ba900b4009a80": 24.76403398297259, "0xe08beb8c48e71fd08560db2fbaaa0701b187c7a7": 18.922213949828635, "0xcb3702bc25b0f284b032e5edf1a1ebea2fe43255": 13.583290309352993, "0xe20cd9377c204a27952f8b41075f0b8bd1ceec3d": 13.510985655001473, "0xb3147f04db92a0e7b9c6766a7b9ad0942bd13fee": 11.28703812339122, "0x9dd864d39fbfdf7648402746263e451cd4f36af0": 11.002171036850367, "0x000000000035b5e5ad9019092c665357240f594e": 10.962266389927974, "0x7758fdf11081bc823c2826598d574a7827784910": 9.663113049848437, "0x7b577a879665ef6ad344da61de7ec2371f6ff68f": 7.736349510545964, "0xc6fecdf760af24095cded954de7d81ab49f8bae1": 7.313048726824797, "0xcc2687c14915fd68226ccf388842515739a739bd": 5.902223940605187, "0x6d909e8b0bbb7ab996381e0a44d82d6d97fd9041": 5.668441570608282, "0xb6569481dccddd527c2b0e8ba32f494e52224ca1": 5.443971694391533, "0x0000000000a84d1a9b0063a910315c7ffa9cd248": 5.199147264918158, "0x122e8808f968ecd4d3fb273b8ae417651bddc3d0": 5.129993338948611, "0x00fc00900000002c00be4ef8f49c000211000c43": 4.775836150451194, "0x0000e0ca771e21bd00057f54a68c30d400000000": 4.593190930500322, "0x681d0d7196a036661b354fa2a7e3b73c2adc43ec": 4.556461054643251, "0x000000000005af2ddc1a93a03e9b7014064d3b8d": 4.521998605839047, "0xf1645de0e8a40e99ebdfd0d03b0a1f5dab6a9976": 3.98664539682341, "0x00000000a991c429ee2ec6df19d40fe0c80088b8": 3.8782230045423143, "0xf411fca55e1a892c9ba6d04abe5ca26ec1764d2b": 3.567810878164671, "0x2f7c1f1460aed2594a9977c58fa31c465591b287": 3.4140676267843486, "0x00000000000006b2ab6decbc6fc7ec6bd2fbc720": 3.400782354876324, "0x80d4230c0a68fc59cb264329d3a717fcaa472a13": 3.392620296189974, "0x0000000000007f150bd6f54c40a34d7c3d5e9f56": 3.1744636433144224, "0xb0bababe78a9be0810fadf99dd2ed31ed12568be": 2.6312356360018896, "0x04c613ce5be6a8fda3a441163975a62909b337d7": 2.5768692198948813, "0x2d2a7d56773ae7d5c7b9f1b57f7be05039447b4d": 2.5161053199890615, "0x9705b569ce3d1ddbe421c7b3b4e495445b096160": 2.3712522482682705, "0x00000000f0b4b9973900fd541719cbbc1a5862d8": 1.9928744687655626, "0x993c3295a6efcbabc0b7fed8d4a06250e7effbbe": 1.9877218244813515, "0x50a77ba863dbaa84269133e5625ef80072f1884a": 1.8210569982814628, "0x247b69f78d2a590bec1ac0a4a4066debe3fca2b8": 1.7990090851626157, "0x2ecd8f51fa432415fe8f385b8b369f13eff16fcb": 1.7818407598908579, "0x429cf888dae41d589d57f6dc685707bec755fe63": 1.7450269491025303, "0x507888e987257a8dde6f8afa46375cefe2cbf504": 1.7368473785462317, "0x54eeb92cf8ad49c2cb4dc8c9eb5dc9538836016b": 1.7234284324381635, "0x000000d40b595b94918a28b27d1e2c66f43a51d3": 1.6824515854118625, "0xe4000004000bd8006e00720000d27d1fa000d43e": 1.5783588410273852, "0x10354c27fc4ce3d50f418e545621e0500b672cca": 1.5750613950562264, "0x6719c6ebf80d6499ca9ce170cda72beb3f1d1a54": 1.5727017789750022, "0x6a5ef39f58c80e42642b9210bf74f20666a2e6b6": 1.5425016712235364, "0x988ad333342d903190ed86a053e6b2170aebeb20": 1.4981070673994887, "0x95c0c8a41caaa33f22ff042dc4279ed2b4e74041": 1.4815444603629795, "0x901996e18a3b15359a62ceb247647665fb8ade89": 1.405323770958357, "0x49bc3cec1fb7978746f742a4e485d0d601831cea": 1.2782342058483527, "0x97c1a26482099363cb055f0f3ca1d6057fe55447": 1.2623991617426307, "0xe27baebd7b14602de3797974db9f5f4f8dcb6679": 1.2178205447776245, "0xd1c77a0b8fc886ecc5774351716df9049ee98269": 1.042441817310668, "0x6980a47bee930a4584b09ee79ebe46484fbdbdd0": 1.0262261109300987, "0x0000cd00001700b10049dfc947103e00e1c62683": 1.0018958828093385, "0x00f80000d3000095fe14f500c67b452d0004fa7b": 0.8805669581894732, "0x097e068dfb61a4794550d70d3d94ac0363659a67": 0.8686842818694273, "0xe545c3cd397be0243475af52bcff8c64e9ead5d7": 0.8583676038944095, "0x75af425f2c1696f0583f70ffe5716a863ea7652c": 0.8540237398361809, "0xa52a64501e816016030511aea0445f1a97ee6694": 0.8169642800000002, "0x00000000003d71e9fc20fdeb46fb86afbbee4772": 0.7688659270875526, "0x7d32c90762e22379235fc311fdb16fab399ed40a": 0.7561639959883951, "0xd381ee8387f0cf35155ee2d93006a39aee3dc58b": 0.6828685996552187, "0x24902aa0cf0000a08c0ea0b003b0c0bf600000e0": 0.6702614472872971, "0x1cdcec6630c99863fb1307c812691bc688f3e92e": 0.6552734966669876, "0x6f87f1fbf96c1bb0b0cc9bf6a456566919900d3e": 0.630595637147197, "0x3c005ba2000f0000ba000d69000ac8ec003800bc": 0.5937942637181555, "0x0000000000590b74eb97457bf7b3ff6d63c6fde2": 0.5910767031816547, "0x796d37daf7cdc455e023be793d0daa6240707069": 0.5834871844604093, "0x000000000000b6b4c2dc4f3f12159df0163f67e9": 0.5766511617733912, "0x8011d6c888214b3aea276a6d9d893578d8b25b03": 0.5648558213892827, "0xc74b72bbf904bac9fac880303922fc76a69f0bb4": 0.5433983562440954, "0xce66faca3e5e033b9513255d09adb178e4a45a3c": 0.5199121510207552, "0x00004ec2008200e43b243a000590d4cd46360000": 0.4590936629915796, "0xba3f5c056500ce033e9d74494b820d495efcf19d": 0.45690091161268354, "0x5f1ad7d3f545088192ad45b6700840039f5a0482": 0.4402919883765154, "0x815808d9cd7fa75c7a7fbb19c7fe60a5295104e5": 0.4344470268130037, "0x3b8381198cdaa0a2755e07a7f93f9dfa50845387": 0.4264765624177178, "0x329e0e39d814d4ee6b45afa660b8a2f5fb23c298": 0.41610936237231216, "0x12b6eba545e4a9666cb7a77d1da25df9ffb172f3": 0.4049903655500788, "0x0eb71d7e2354cb536ec1f49b6a55673ae05e6cbc": 0.3818858339774456, "0xd4209dc38d078097fb6392e2a61a288d3b115982": 0.37915898423299627, "0xb206ebe579be55f5b57119bb2e7cc63708eda1aa": 0.361513279317224, "0x5c5c1776c16ef823e6582dd2747018ca5638e972": 0.35144674916682644, "0x09850f8f1338a0b8c7d94dcc361e965b78d0175a": 0.34683403298010296, "0x0055ae46f700bcc53b1b00483d64000d47007200": 0.33017242694095716, "0x761d80987a36fc271875ea4de17539e8c82ae51d": 0.3166037140856848, "0xdc3bfcb3521cd02af66d394f817a0e6fe62ded95": 0.3133331163873326, "0x53facee52e897740b140f5304e9cd9dc6238d735": 0.26073623348660374, "0xbf0ed784258686c41aacad38e642e79ad5e5bc17": 0.258091405, "0xc5a87e6c6fb14daad332614d8b727bdf80d7c801": 0.2546580483030303, "0x493f461aead031cee2027f1b95370a692611acb9": 0.22659131282309145, "0x4b4867541f6e756be4119a171b7da17a1558c463": 0.2205484613068501, "0x7efd91c8ca31e7452c5c4de00a8ca1c18910a35f": 0.21564170374942143, "0x36a7141537e064b7679b412acf866f20f06420ff": 0.21228842904383285, "0x50555ffe42e011ff1c5cc4fa608aac963193f04f": 0.20925428915874136, "0x0000000f9c4e004706afdca3b2f0c8f08838eb58": 0.20797947490251706, "0xf71530c1f043703085b42608ff9dcccc43210a8e": 0.20543929371167904, "0x5e638ac1700e5ad5f937df30cb5bbc51a5a4c1ec": 0.2025696505123749, "0x0ef8b4525c69bfa7bdece3ab09f95bbf0944b783": 0.19950263044900002, "0x36ff69488bf6ffad874a5bc8ba1aa0d01b187714": 0.1944400767893733, "0x0e9f655e69264fa2e03802afdd742689f5cad3cd": 0.1872295574172539, "0x1efe3ad4bccb10485d27534b4dd2f92b1b44c9cb": 0.18537164328777603, "0x2954e8b54b4f555d11e6d5afea7e28e3ef3b1845": 0.18016768249840898, "0x89f0455b15cf3dd97e7ff718125d7cf5f01c595d": 0.17961698272446808, "0xa0cdf33c150b936d0091969c694da3cfeae18446": 0.16800988127354333, "0x5571d62244423529a4bc3762fde757efeedcaa61": 0.1611754934121726}