{"0xe8c060f8052e07423f71d445277c61ac5138a2e5": 52.429394932678754, "0x5e51328c0583094b76f28cfd532abc3d454fcfea": 47.94780974849528, "0x00000000003b3cc22af3ae1eac0440bcee416b40": 42.954975406950894, "0x9dd864d39fbfdf7648402746263e451cd4f36af0": 31.22339931341576, "0x6b75d8af000000e20b7a7ddf000ba900b4009a80": 24.39218237822562, "0x64545160d28fd0e309277c02d6d73b3923cc4bfa": 22.26278036494542, "0x1ad0f59b4d47aaca637592bdf0f10a8d66533652": 20.361555825452232, "0xe08beb8c48e71fd08560db2fbaaa0701b187c7a7": 17.67334774833058, "0x000000000035b5e5ad9019092c665357240f594e": 17.489989959584026, "0xe20cd9377c204a27952f8b41075f0b8bd1ceec3d": 14.853076431389724, "0x7b577a879665ef6ad344da61de7ec2371f6ff68f": 12.703808997305453, "0xcb3702bc25b0f284b032e5edf1a1ebea2fe43255": 10.123175536909384, "0x7758fdf11081bc823c2826598d574a7827784910": 9.663113049848437, "0xc6fecdf760af24095cded954de7d81ab49f8bae1": 7.413330987149102, "0x122e8808f968ecd4d3fb273b8ae417651bddc3d0": 6.9946710268189225, "0x0000e0ca771e21bd00057f54a68c30d400000000": 6.979990358465256, "0x9705b569ce3d1ddbe421c7b3b4e495445b096160": 5.965823046914335, "0x6d909e8b0bbb7ab996381e0a44d82d6d97fd9041": 5.789879139854683, "0x507888e987257a8dde6f8afa46375cefe2cbf504": 5.577765879920834, "0xcc2687c14915fd68226ccf388842515739a739bd": 5.485020914102707, "0x0000000000a84d1a9b0063a910315c7ffa9cd248": 5.223849370726184, "0x000000000005af2ddc1a93a03e9b7014064d3b8d": 4.40736126512076, "0x00000000000006b2ab6decbc6fc7ec6bd2fbc720": 4.367963845749443, "0x6980a47bee930a4584b09ee79ebe46484fbdbdd0": 4.018418858440694, "0x00000000a991c429ee2ec6df19d40fe0c80088b8": 3.9510427426711274, "0x3aa228a80f50763045bdfc45012da124bd0a6809": 3.7430802266119825, "0x1cdcec6630c99863fb1307c812691bc688f3e92e": 3.4988000037496785, "0xf1645de0e8a40e99ebdfd0d03b0a1f5dab6a9976": 3.497982621121613, "0x00fc00900000002c00be4ef8f49c000211000c43": 3.1843780871085654, "0xf411fca55e1a892c9ba6d04abe5ca26ec1764d2b": 2.933185100025413, "0x95c0c8a41caaa33f22ff042dc4279ed2b4e74041": 2.8862343552189627, "0x80d4230c0a68fc59cb264329d3a717fcaa472a13": 2.8854445134172675, "0x6a5ef39f58c80e42642b9210bf74f20666a2e6b6": 2.823149724894374, "0x2d2a7d56773ae7d5c7b9f1b57f7be05039447b4d": 2.587237938906261, "0x2f7c1f1460aed2594a9977c58fa31c465591b287": 2.506359051505581, "0x2ecd8f51fa432415fe8f385b8b369f13eff16fcb": 2.0732590468452887, "0x54eeb92cf8ad49c2cb4dc8c9eb5dc9538836016b": 2.0091934673800695, "0x0000000000007f150bd6f54c40a34d7c3d5e9f56": 1.9937054157193417, "0xb0bababe78a9be0810fadf99dd2ed31ed12568be": 1.8788773978102633, "0x7f35eda215e381b44e5e6a0934fea2e9b7545e06": 1.7822365534137825, "0xb3147f04db92a0e7b9c6766a7b9ad0942bd13fee": 1.7043229941471263, "0x00000000f0b4b9973900fd541719cbbc1a5862d8": 1.6762765381221716, "0x429cf888dae41d589d57f6dc685707bec755fe63": 1.621521101351376, "0x1ba33ea2dad979486994fc7be0ad70d2e390e134": 1.5582253662006762, "0xa52a64501e816016030511aea0445f1a97ee6694": 1.5261494350000004, "0x49bc3cec1fb7978746f742a4e485d0d601831cea": 1.4119930792237172, "0x000000d40b595b94918a28b27d1e2c66f43a51d3": 1.3334695162691135, "0xe27baebd7b14602de3797974db9f5f4f8dcb6679": 1.3189872360786967, "0x0000cd00001700b10049dfc947103e00e1c62683": 1.2540260187723324, "0x50a77ba863dbaa84269133e5625ef80072f1884a": 1.1959880737205137, "0x901996e18a3b15359a62ceb247647665fb8ade89": 1.1312291178254568, "0x00000000009e50a7ddb7a7b0e2ee6604fd120e49": 1.0947949902783758, "0x75af425f2c1696f0583f70ffe5716a863ea7652c": 1.0796701002424347, "0xb6569481dccddd527c2b0e8ba32f494e52224ca1": 1.0458394952274708, "0xd1c77a0b8fc886ecc5774351716df9049ee98269": 1.042441817310668, "0xba3f5c056500ce033e9d74494b820d495efcf19d": 0.9948331054487268, "0x000000000000b6b4c2dc4f3f12159df0163f67e9": 0.9464200668652657, "0x7cd1fe28fb9d4c861071958cfa0d9802a815439c": 0.9453343415664244, "0x00004ec2008200e43b243a000590d4cd46360000": 0.9134932923775071, "0x247b69f78d2a590bec1ac0a4a4066debe3fca2b8": 0.9022316895553718, "0x3c005ba2000f0000ba000d69000ac8ec003800bc": 0.7638211800303693, "0xce66faca3e5e033b9513255d09adb178e4a45a3c": 0.7060584638597621, "0xd381ee8387f0cf35155ee2d93006a39aee3dc58b": 0.6828685996552187, "0x00000000003d71e9fc20fdeb46fb86afbbee4772": 0.6815560228362942, "0x10354c27fc4ce3d50f418e545621e0500b672cca": 0.6575597932898537, "0x7d32c90762e22379235fc311fdb16fab399ed40a": 0.6150179063945478, "0x329e0e39d814d4ee6b45afa660b8a2f5fb23c298": 0.577486410236276, "0x796d37daf7cdc455e023be793d0daa6240707069": 0.5349507560117482, "0x3e0918f43458db9f02d7ca915cc422204619f5a5": 0.5096377720955336, "0x5f1ad7d3f545088192ad45b6700840039f5a0482": 0.4697769385832449, "0xa0cdf33c150b936d0091969c694da3cfeae18446": 0.4475477232871333, "0x12b6eba545e4a9666cb7a77d1da25df9ffb172f3": 0.39523629394371024, "0x09850f8f1338a0b8c7d94dcc361e965b78d0175a": 0.3893864758203749, "0x00f80000d3000095fe14f500c67b452d0004fa7b": 0.3785387116956697, "0x98177a0000030000f1c7130065e308e78a160000": 0.37439605833273176, "0xdb387e5f428d53102b7535819de26225e7502c80": 0.3712289415773022, "0xb206ebe579be55f5b57119bb2e7cc63708eda1aa": 0.361513279317224, "0x5079fc00f00f30000e0c8c083801cfde000008b6": 0.3418315563418352, "0x0055ae46f700bcc53b1b00483d64000d47007200": 0.3170538090939946, "0x8011d6c888214b3aea276a6d9d893578d8b25b03": 0.3073621857783351, "0x493f461aead031cee2027f1b95370a692611acb9": 0.29544211879679433, "0xc5a87e6c6fb14daad332614d8b727bdf80d7c801": 0.29508830993939394, "0x24902aa0cf0000a08c0ea0b003b0c0bf600000e0": 0.2813727930059406, "0x988ad333342d903190ed86a053e6b2170aebeb20": 0.2810934198291898, "0x4b4867541f6e756be4119a171b7da17a1558c463": 0.2799632647532445, "0xdc3bfcb3521cd02af66d394f817a0e6fe62ded95": 0.27325649980471006, "0xe4000004000bd8006e00720000d27d1fa000d43e": 0.26998431765144665, "0xd300f100c007b67400005a0c0e026c2cdc001e00": 0.26630637746238345, "0x50555ffe42e011ff1c5cc4fa608aac963193f04f": 0.25337029166689257, "0xa9b189d3d932dfab27f251ff79cd734f9b69b77a": 0.25209898, "0x0000000f9c4e004706afdca3b2f0c8f08838eb58": 0.2393597495547131, "0x815808d9cd7fa75c7a7fbb19c7fe60a5295104e5": 0.23684383688054927, "0x04c613ce5be6a8fda3a441163975a62909b337d7": 0.2177597094741734, "0x5dc24dae386522c4de23006e1001a39ddbc12432": 0.20384263496203764, "0xf71530c1f043703085b42608ff9dcccc43210a8e": 0.19918677371167903, "0x761d80987a36fc271875ea4de17539e8c82ae51d": 0.19599626090421088, "0x6719c6ebf80d6499ca9ce170cda72beb3f1d1a54": 0.18494923704305555, "0xeef33b4779fc9e13b1e30691822d5f447d2161b8": 0.17340733415981802, "0x53facee52e897740b140f5304e9cd9dc6238d735": 0.16249592311102917, "0x000000083a559c92f08012a854eed16d694634c5": 0.1555521913542791, "0x36a7141537e064b7679b412acf866f20f06420ff": 0.152644347051621, "0x571a8e0874292c1336f970fd44cb502d81c3a717": 0.14411522508640118, "0x356cfd6e6d0000400000003900b415f80669009e": 0.14385582770907698, "0x18abedebf76e1e6fdeb3ae0a5dd06daa28112abf": 0.143}