{"0x6b75d8af000000e20b7a7ddf000ba900b4009a80": 8839.995900674907, "0x000000d40b595b94918a28b27d1e2c66f43a51d3": 1110.4321529049303, "0x00000000a991c429ee2ec6df19d40fe0c80088b8": 930.3957789314759, "0xe8c060f8052e07423f71d445277c61ac5138a2e5": 553.0999937208659, "0x2d2a7d56773ae7d5c7b9f1b57f7be05039447b4d": 371.76610269025196, "0x00004ec2008200e43b243a000590d4cd46360000": 236.50130513282355, "0x000000000005af2ddc1a93a03e9b7014064d3b8d": 231.70994966531873, "0x00000000003b3cc22af3ae1eac0440bcee416b40": 227.87296071341797, "0x0000cd00001700b10049dfc947103e00e1c62683": 216.4006656471148, "0x6a8aeb3f8509c188775f65fd1e9eb5dd10abb8db": 175.40184832608426, "0x796d37daf7cdc455e023be793d0daa6240707069": 161.64688634672387, "0x93ffb15d1fa91e0c320d058f00ee97f9e3c50096": 156.15839088240443, "0x007933790a4f00000099e9001629d9fe7775b800": 146.02706607429275, "0x507888e987257a8dde6f8afa46375cefe2cbf504": 125.98477017849437, "0x605e35e88b2eba3ff084045d8eb8ae881c7e9dcb": 121.82524045552722, "0x50a77ba863dbaa84269133e5625ef80072f1884a": 113.15532577355165, "0x9dd864d39fbfdf7648402746263e451cd4f36af0": 112.13612738141312, "0x429cf888dae41d589d57f6dc685707bec755fe63": 103.9886120068338, "0xe545c3cd397be0243475af52bcff8c64e9ead5d7": 82.34584626022433, "0x1fdb319cc1be16ff75ef84e408b0bc1594dd4d3c": 77.57506400924792, "0xcb3702bc25b0f284b032e5edf1a1ebea2fe43255": 70.08979297921452, "0xcc2687c14915fd68226ccf388842515739a739bd": 69.74631009151027, "0x24902aa0cf0000a08c0ea0b003b0c0bf600000e0": 65.55635952872782, "0x6a5ef39f58c80e42642b9210bf74f20666a2e6b6": 60.713610566013685, "0x80d4230c0a68fc59cb264329d3a717fcaa472a13": 53.5869336305887, "0x000000000035b5e5ad9019092c665357240f594e": 52.71731760411759, "0x76b5a83c8c8097e7723eda897537b6345789b229": 52.48877120758337, "0xac6a9e9ca65d4bcbea3e59c4c40128052bcc8882": 44.93560483391422, "0xba3f5c056500ce033e9d74494b820d495efcf19d": 41.73435969682032, "0xfd0000000100069ad1670066004306009b487ad7": 39.18964108226026, "0x5093013aaaee47c868fa3c317fe7840a3d8f8804": 38.1150639941498, "0xa0cdf33c150b936d0091969c694da3cfeae18446": 34.86622610939526, "0xa80db00007020e013fa10d0560700c0018003b8b": 30.7508518625592, "0x8011d6c888214b3aea276a6d9d893578d8b25b03": 26.89732306220119, "0x0000000000a84d1a9b0063a910315c7ffa9cd248": 26.6065859653465, "0xb206ebe579be55f5b57119bb2e7cc63708eda1aa": 23.84385779346129, "0x5e51328c0583094b76f28cfd532abc3d454fcfea": 20.522337908364108, "0x0000e0ca771e21bd00057f54a68c30d400000000": 18.169835618076107, "0x0000a42df58060230d7f1aefe47da338078244e8": 17.688613482294937, "0x58df81babdf15276e761808e872a3838cbecbcf9": 15.422418514056128, "0x00a2712e3200e89c6b8500b2da5c6c9431330000": 15.062376990476777, "0x00003fc35e6700306ff200fbe9af00460000006b": 14.558428139496627, "0x7f636f161d3151cbf393ae823b2834e95538fe54": 14.393682598752894, "0x07bae765074790b76c791834ab873be27493c163": 13.708315806479103, "0xc7dab6742619707440f44ae3b23768a18067c665": 13.289569720169265, "0x0eae044f00b0af300500f090ea00027097d03000": 13.17755337448138, "0xd050e0a4838d74769228b49dff97241b4ef3805d": 12.79946764387833, "0x2dcf90da3b1369d2bd16d663c9bf35e08060bed5": 12.150856079170563, "0xb0bababe78a9be0810fadf99dd2ed31ed12568be": 12.08802929327246, "0x9db7378614d8d9d7149c4ee4763f88c38f9b1517": 11.896822965084, "0xd19dc09880685dd8cf60687d57936358582876b5": 11.15576923508174, "0x00000000500e2fece27a7600435d0c48d64e0c00": 10.701303107001161, "0x000000000015159abc7d42e8e813328b5a034c0d": 10.163183034049242, "0x7f35eda215e381b44e5e6a0934fea2e9b7545e06": 9.992184542810522, "0x9a0ef593dcc6a77f80699c9fa00d1e138b67d832": 9.786386866772082, "0xae9e10a1d5b2bfb0dd4336695a1b0e8b931ab438": 9.519892278620606, "0xb6569481dccddd527c2b0e8ba32f494e52224ca1": 9.483608437306296, "0x7d32c90762e22379235fc311fdb16fab399ed40a": 8.184372216919336, "0x247b69f78d2a590bec1ac0a4a4066debe3fca2b8": 7.701589267232162, "0xe4000004000bd8006e00720000d27d1fa000d43e": 7.580337507865047, "0xc305000000ff00002b001b6300dda3f0ba56b1bd": 6.483636121623851, "0x3c005ba2000f0000ba000d69000ac8ec003800bc": 6.020180624546851, "0x00000000be445a36d2e76b2c6b655eddceadfcfd": 5.997368022763234, "0x338205d8900553ed51e108beb2258a13e1747584": 5.6593103196099275, "0xc7e8f090fed7d1c4d78c06ac708a16c7729597ca": 5.601442474309557, "0x7c28e0977f72c5d08d5e1ac7d52a34db378282b3": 5.39967687595768, "0x00000000d40107239fa2b85be64b4e981e3bfdfc": 5.326428040420677, "0xca9f6aa4d79ad99a01887098e1dcae5efc27aaab": 4.9262819341655, "0x13c6f604be370863a1eab3b2059dea1baaa071da": 4.708348311619054, "0x3c61d6baa74416caa538a55f28e764a0460b0d60": 4.6934945334135, "0x00ac6d844810a1bd902220b5f0006100008b0000": 4.600442943086442, "0xaa512c03998b12f698e0e07cd756e7beb3419e10": 3.7116651807863796, "0xc0de02babe048d279d1ac193930169e715fe7612": 3.7054302957834366}