{"0xcb3702bc25b0f284b032e5edf1a1ebea2fe43255": 143.38277408695097, "0x9dd864d39fbfdf7648402746263e451cd4f36af0": 80.22071648574784, "0xe8c060f8052e07423f71d445277c61ac5138a2e5": 38.0915786873487, "0x571a8e0874292c1336f970fd44cb502d81c3a717": 14.52286305340437, "0x00000000003b3cc22af3ae1eac0440bcee416b40": 12.540515673454173, "0xcc2687c14915fd68226ccf388842515739a739bd": 11.92402188230978, "0x000000000035b5e5ad9019092c665357240f594e": 7.999409416771628, "0x605e35e88b2eba3ff084045d8eb8ae881c7e9dcb": 7.073086907192565, "0x000000000005af2ddc1a93a03e9b7014064d3b8d": 5.98209917164962, "0x2ecd8f51fa432415fe8f385b8b369f13eff16fcb": 5.88355091838534, "0x6b75d8af000000e20b7a7ddf000ba900b4009a80": 4.9129798780685485, "0x247b69f78d2a590bec1ac0a4a4066debe3fca2b8": 4.062648248754274, "0x796d37daf7cdc455e023be793d0daa6240707069": 3.9771633484291047, "0x507888e987257a8dde6f8afa46375cefe2cbf504": 3.473317419168003, "0xb206ebe579be55f5b57119bb2e7cc63708eda1aa": 3.1644754123249683, "0x0000000000a84d1a9b0063a910315c7ffa9cd248": 2.8874587513122987, "0xa37a714a14a1d3d969bd2a9f10e029d02e77bfcb": 2.7703783846239736, "0x6a5ef39f58c80e42642b9210bf74f20666a2e6b6": 2.5579948231845635, "0xb6569481dccddd527c2b0e8ba32f494e52224ca1": 2.3193303525466025, "0xf1645de0e8a40e99ebdfd0d03b0a1f5dab6a9976": 2.27928865739041, "0x681d0d7196a036661b354fa2a7e3b73c2adc43ec": 2.2762155455311768, "0x7b4aa82a26f6d864489b1dd905cb591ed4f9c715": 2.1878537746518854, "0x5e51328c0583094b76f28cfd532abc3d454fcfea": 1.9674558352090026, "0xd539cee6ab3997c21c0b83b21116b31bf6694092": 1.4036833779637776, "0xb0bababe78a9be0810fadf99dd2ed31ed12568be": 1.3608873363088492, "0x0000e0ca771e21bd00057f54a68c30d400000000": 1.1796867485395195, "0x3c005ba2000f0000ba000d69000ac8ec003800bc": 1.1757229454925526, "0x50a77ba863dbaa84269133e5625ef80072f1884a": 1.131343322452202, "0x80d4230c0a68fc59cb264329d3a717fcaa472a13": 1.0074007877080962, "0x00000000009e50a7ddb7a7b0e2ee6604fd120e49": 1.001066755609535, "0x0000cd00001700b10049dfc947103e00e1c62683": 0.9286608031855091, "0x8011d6c888214b3aea276a6d9d893578d8b25b03": 0.8803848488166597, "0x13c6f604be370863a1eab3b2059dea1baaa071da": 0.7768116260214977, "0x00000000a991c429ee2ec6df19d40fe0c80088b8": 0.7438092733102909, "0xa0cdf33c150b936d0091969c694da3cfeae18446": 0.7232136445122705, "0xe20cd9377c204a27952f8b41075f0b8bd1ceec3d": 0.6401955110817993, "0x2f7c1f1460aed2594a9977c58fa31c465591b287": 0.6301808662447036, "0x122e8808f968ecd4d3fb273b8ae417651bddc3d0": 0.6014535929047455, "0x75af425f2c1696f0583f70ffe5716a863ea7652c": 0.5431549067349601, "0x0000000000590b74eb97457bf7b3ff6d63c6fde2": 0.5352103485730654, "0x18198cbac5a55b44778c6e29f3df8f4142cd65c2": 0.5083606871381869, "0x7c28e0977f72c5d08d5e1ac7d52a34db378282b3": 0.49295884126984646, "0x00fc00900000002c00be4ef8f49c000211000c43": 0.42793931688121106, "0x8eeac69c7dbbea097cc7c84e4cf0b41bf0c3800e": 0.4104129525944388, "0x00000000003d71e9fc20fdeb46fb86afbbee4772": 0.3828622806774236, "0x7cd1fe28fb9d4c861071958cfa0d9802a815439c": 0.36487686649827705, "0x0000000000007f150bd6f54c40a34d7c3d5e9f56": 0.3499504572914335, "0x4fce027bc57d7530b84527f4848983cece4df15e": 0.2713733239737186, "0x6980a47bee930a4584b09ee79ebe46484fbdbdd0": 0.26894684852803535, "0xc5a87e6c6fb14daad332614d8b727bdf80d7c801": 0.2645878109090909, "0x7f35eda215e381b44e5e6a0934fea2e9b7545e06": 0.25558151345862296, "0xfc5b9fdee1f71f3b3bfc9cebc86e8354214690c4": 0.2508165697095304}