{"0x6b75d8af000000e20b7a7ddf000ba900b4009a80": 49.54613322739737, "0x00000000a991c429ee2ec6df19d40fe0c80088b8": 6.7394220106631595, "0x000000d40b595b94918a28b27d1e2c66f43a51d3": 6.54733705282442, "0xe8c060f8052e07423f71d445277c61ac5138a2e5": 2.791204059134531, "0x2d2a7d56773ae7d5c7b9f1b57f7be05039447b4d": 2.292222242062562, "0x000000000005af2ddc1a93a03e9b7014064d3b8d": 1.823477056617798, "0x0000cd00001700b10049dfc947103e00e1c62683": 1.806133111741971, "0x429cf888dae41d589d57f6dc685707bec755fe63": 1.6319160012427034, "0x00004ec2008200e43b243a000590d4cd46360000": 0.9561935835928033, "0x00fc00900000002c00be4ef8f49c000211000c43": 0.6874650206103581, "0x00f80000d3000095fe14f500c67b452d0004fa7b": 0.5180991070102867, "0x507888e987257a8dde6f8afa46375cefe2cbf504": 0.4671337222543123, "0x007933790a4f00000099e9001629d9fe7775b800": 0.46571807845189817, "0x6a8aeb3f8509c188775f65fd1e9eb5dd10abb8db": 0.39108073139787647, "0x00000000003b3cc22af3ae1eac0440bcee416b40": 0.38569005694344327, "0x1fdb319cc1be16ff75ef84e408b0bc1594dd4d3c": 0.36407980171028786, "0xcb3702bc25b0f284b032e5edf1a1ebea2fe43255": 0.35685061242696176, "0x2dcf90da3b1369d2bd16d663c9bf35e08060bed5": 0.31222103273732793, "0xcc2687c14915fd68226ccf388842515739a739bd": 0.3072540736741787, "0xc7dab6742619707440f44ae3b23768a18067c665": 0.24651698398061825, "0x605e35e88b2eba3ff084045d8eb8ae881c7e9dcb": 0.21768799529155708, "0x24902aa0cf0000a08c0ea0b003b0c0bf600000e0": 0.18514429617910372, "0x2fc5c8b21f544f4cb6240ac905ff02a38ca367d1": 0.16738038576341005, "0x00a2712e3200e89c6b8500b2da5c6c9431330000": 0.14832567614788603, "0xa80db00007020e013fa10d0560700c0018003b8b": 0.14582996834551615, "0x9dd864d39fbfdf7648402746263e451cd4f36af0": 0.1453181716122268, "0x00b99605162bf57ccf97086c67411bab443e0616": 0.1018572491949516, "0x8f83cbe751419b87b1c23119be45def93d404692": 0.0965236527381701, "0x00000000500e2fece27a7600435d0c48d64e0c00": 0.0952483290897577}