{"beaverbuildorg": {"0x6b75d8af000000e20b7a7ddf000ba900b4009a80": 1.6945830198225151, "0x000000d40b595b94918a28b27d1e2c66f43a51d3": 0.32164752787, "0x000000000005af2ddc1a93a03e9b7014064d3b8d": 0.13607203319084532, "0x3a50efb9a94d1559e183cc7df39fea9e00892009": 0.04921710987431557, "0x00000000003b3cc22af3ae1eac0440bcee416b40": 0.04690556091957686, "0x00000000a991c429ee2ec6df19d40fe0c80088b8": 0.04511963138936737, "0x0000cd00001700b10049dfc947103e00e1c62683": 0.029772139353471318, "0x507888e987257a8dde6f8afa46375cefe2cbf504": 0.0103464818962715}, "Titantitanbuilderxyz": {"0x0000cd00001700b10049dfc947103e00e1c62683": 0.34681195328665954, "0x6b75d8af000000e20b7a7ddf000ba900b4009a80": 0.3093360939914725, "0x00000000a991c429ee2ec6df19d40fe0c80088b8": 0.11266226339702266, "0x000000d40b595b94918a28b27d1e2c66f43a51d3": 0.0270193874888, "0xcb3702bc25b0f284b032e5edf1a1ebea2fe43255": 0.001239608528988}, "rsyncbuilder": {"0x6b75d8af000000e20b7a7ddf000ba900b4009a80": 0.31583987868505903, "0x00000000a991c429ee2ec6df19d40fe0c80088b8": 0.12565093837092772, "0x000000d40b595b94918a28b27d1e2c66f43a51d3": 0.0227816836652}, "builder0x69": {"0x0000e0ca771e21bd00057f54a68c30d400000000": 0.25306353857322544, "0x0000cd00001700b10049dfc947103e00e1c62683": 0.07658044967623502, "0x2d2a7d56773ae7d5c7b9f1b57f7be05039447b4d": 0.03325322945963595}, "rsyncbuilderxyz": {"0x00f80000d3000095fe14f500c67b452d0004fa7b": 0.19074660402531, "0x00000000a991c429ee2ec6df19d40fe0c80088b8": 0.10045488418195195, "0x00004ec2008200e43b243a000590d4cd46360000": 0.03680183282828439}, "IlluminateDmocratizeDstribute": {"0x6b75d8af000000e20b7a7ddf000ba900b4009a80": 0.10731230391124628}, "MadeonthemoonbyBlocknative": {"0x507888e987257a8dde6f8afa46375cefe2cbf504": 0.04274119382753838, "0x6b75d8af000000e20b7a7ddf000ba900b4009a80": 0.030908767256737007}, "GambitLabshttpsgmbitco": {"0x6b75d8af000000e20b7a7ddf000ba900b4009a80": 0.04486318678506876}, "bybuilder0x69": {"0x6b75d8af000000e20b7a7ddf000ba900b4009a80": 0.023285551892029844}, "BuildAIhttpsbuildainet": {"0xcb3702bc25b0f284b032e5edf1a1ebea2fe43255": 0.02650961794385}, "AssembleddelicatelybyBeelder": {"0x2d2a7d56773ae7d5c7b9f1b57f7be05039447b4d": 0.00386226093319146}}