{"0x9dd864d39fbfdf7648402746263e451cd4f36af0": 69.83279302681167, "0xe8c060f8052e07423f71d445277c61ac5138a2e5": 49.477327765803494, "0x00000000003b3cc22af3ae1eac0440bcee416b40": 22.729465641238214, "0xcb3702bc25b0f284b032e5edf1a1ebea2fe43255": 14.846267148078768, "0x000000000035b5e5ad9019092c665357240f594e": 8.479201208134514, "0x507888e987257a8dde6f8afa46375cefe2cbf504": 7.867445014435721, "0x571a8e0874292c1336f970fd44cb502d81c3a717": 7.845513793321667, "0x6a5ef39f58c80e42642b9210bf74f20666a2e6b6": 7.526359242891718, "0x6b75d8af000000e20b7a7ddf000ba900b4009a80": 7.249729669935904, "0xcc2687c14915fd68226ccf388842515739a739bd": 5.476288952602912, "0x2ecd8f51fa432415fe8f385b8b369f13eff16fcb": 4.680870367673748, "0x000000000005af2ddc1a93a03e9b7014064d3b8d": 4.044840760460173, "0x605e35e88b2eba3ff084045d8eb8ae881c7e9dcb": 3.9406862304841117, "0x0000000000a84d1a9b0063a910315c7ffa9cd248": 3.5840611043692108, "0x122e8808f968ecd4d3fb273b8ae417651bddc3d0": 3.517190590211712, "0xf1645de0e8a40e99ebdfd0d03b0a1f5dab6a9976": 3.105343898397855, "0x6d909e8b0bbb7ab996381e0a44d82d6d97fd9041": 2.6744334384049564, "0x0000e0ca771e21bd00057f54a68c30d400000000": 2.50943885722054, "0x00000000a991c429ee2ec6df19d40fe0c80088b8": 2.4134416834162367, "0x80d4230c0a68fc59cb264329d3a717fcaa472a13": 2.231376370146201, "0x247b69f78d2a590bec1ac0a4a4066debe3fca2b8": 2.10055442762985, "0xb0bababe78a9be0810fadf99dd2ed31ed12568be": 1.7300651321984453, "0x1ba33ea2dad979486994fc7be0ad70d2e390e134": 1.5582253662006762, "0x796d37daf7cdc455e023be793d0daa6240707069": 1.1176119879260893, "0x3c005ba2000f0000ba000d69000ac8ec003800bc": 1.0958066534978996, "0x7cd1fe28fb9d4c861071958cfa0d9802a815439c": 0.9618329132993516, "0x00fc00900000002c00be4ef8f49c000211000c43": 0.9012178146676215, "0xa0cdf33c150b936d0091969c694da3cfeae18446": 0.8618005164760882, "0x0000000000590b74eb97457bf7b3ff6d63c6fde2": 0.7723576463692672, "0x8011d6c888214b3aea276a6d9d893578d8b25b03": 0.7378318812315189, "0xf411fca55e1a892c9ba6d04abe5ca26ec1764d2b": 0.7317780476233463, "0xb3147f04db92a0e7b9c6766a7b9ad0942bd13fee": 0.6330989442713233, "0xe20cd9377c204a27952f8b41075f0b8bd1ceec3d": 0.5932126930506487, "0xe92c20817cc3e034665f7e8402bbfab3ce479baf": 0.5479179263616721, "0x6980a47bee930a4584b09ee79ebe46484fbdbdd0": 0.5102847590912163, "0x5e51328c0583094b76f28cfd532abc3d454fcfea": 0.4634084981045381, "0x988ad333342d903190ed86a053e6b2170aebeb20": 0.4507322240545197, "0xce66faca3e5e033b9513255d09adb178e4a45a3c": 0.44233918522126175, "0x8eeac69c7dbbea097cc7c84e4cf0b41bf0c3800e": 0.4104032930764388, "0x429cf888dae41d589d57f6dc685707bec755fe63": 0.374138311164322, "0x53facee52e897740b140f5304e9cd9dc6238d735": 0.36749269172412674, "0x2d2a7d56773ae7d5c7b9f1b57f7be05039447b4d": 0.34325805477031174, "0x00000000003d71e9fc20fdeb46fb86afbbee4772": 0.31967979210534, "0x0000a42df58060230d7f1aefe47da338078244e8": 0.3191749069263034, "0x9c33b80491e09d157db9d93f66375bf1994fce10": 0.30032569106326445, "0x75af425f2c1696f0583f70ffe5716a863ea7652c": 0.2852116709328906, "0x0000000000007f150bd6f54c40a34d7c3d5e9f56": 0.28408597917784945, "0x00000000009e50a7ddb7a7b0e2ee6604fd120e49": 0.23258308199213856, "0x7f35eda215e381b44e5e6a0934fea2e9b7545e06": 0.21855162722699187, "0x00000000000006b2ab6decbc6fc7ec6bd2fbc720": 0.2137873716686365, "0x98177a0000030000f1c7130065e308e78a160000": 0.20492761631114959, "0x681d0d7196a036661b354fa2a7e3b73c2adc43ec": 0.19728378496541735}