{"0x6b75d8af000000e20b7a7ddf000ba900b4009a80": 2.5261288023441284, "0x0000cd00001700b10049dfc947103e00e1c62683": 0.4531645423163659, "0x00000000a991c429ee2ec6df19d40fe0c80088b8": 0.38388771733926974, "0x000000d40b595b94918a28b27d1e2c66f43a51d3": 0.371448599024, "0x0000e0ca771e21bd00057f54a68c30d400000000": 0.25306353857322544, "0x00f80000d3000095fe14f500c67b452d0004fa7b": 0.19074660402531, "0x000000000005af2ddc1a93a03e9b7014064d3b8d": 0.13607203319084532, "0x507888e987257a8dde6f8afa46375cefe2cbf504": 0.05308767572380988, "0x3a50efb9a94d1559e183cc7df39fea9e00892009": 0.04921710987431557, "0x00000000003b3cc22af3ae1eac0440bcee416b40": 0.04690556091957686, "0x2d2a7d56773ae7d5c7b9f1b57f7be05039447b4d": 0.03711549039282741, "0x00004ec2008200e43b243a000590d4cd46360000": 0.03680183282828439, "0xcb3702bc25b0f284b032e5edf1a1ebea2fe43255": 0.027749226472838}