{"0xcb3702bc25b0f284b032e5edf1a1ebea2fe43255": 143.35649824511364, "0x9dd864d39fbfdf7648402746263e451cd4f36af0": 80.22071648574784, "0xe8c060f8052e07423f71d445277c61ac5138a2e5": 37.222813589972205, "0x571a8e0874292c1336f970fd44cb502d81c3a717": 12.840946672422604, "0x00000000003b3cc22af3ae1eac0440bcee416b40": 12.568972816091058, "0xcc2687c14915fd68226ccf388842515739a739bd": 11.999704649157067, "0x6b75d8af000000e20b7a7ddf000ba900b4009a80": 9.297247885719512, "0x000000000035b5e5ad9019092c665357240f594e": 7.999409416771628, "0x2ecd8f51fa432415fe8f385b8b369f13eff16fcb": 5.876462552995697, "0x605e35e88b2eba3ff084045d8eb8ae881c7e9dcb": 5.668847217277337, "0x000000000005af2ddc1a93a03e9b7014064d3b8d": 5.6589685950341355, "0x796d37daf7cdc455e023be793d0daa6240707069": 3.959003840623966, "0x00000000a991c429ee2ec6df19d40fe0c80088b8": 3.881434415586879, "0x507888e987257a8dde6f8afa46375cefe2cbf504": 3.6532423243242436, "0x247b69f78d2a590bec1ac0a4a4066debe3fca2b8": 3.3866200954263026, "0xb206ebe579be55f5b57119bb2e7cc63708eda1aa": 3.1644754123249683, "0x0000000000a84d1a9b0063a910315c7ffa9cd248": 2.880977299436876, "0xa37a714a14a1d3d969bd2a9f10e029d02e77bfcb": 2.8496275232442674, "0x6a5ef39f58c80e42642b9210bf74f20666a2e6b6": 2.6835356474977523, "0xb6569481dccddd527c2b0e8ba32f494e52224ca1": 2.3191796678159906, "0xf1645de0e8a40e99ebdfd0d03b0a1f5dab6a9976": 2.27928865739041, "0x681d0d7196a036661b354fa2a7e3b73c2adc43ec": 2.2762155455311768, "0x7b4aa82a26f6d864489b1dd905cb591ed4f9c715": 2.165886475501082, "0x5e51328c0583094b76f28cfd532abc3d454fcfea": 1.9674558352090026, "0xd539cee6ab3997c21c0b83b21116b31bf6694092": 1.4707129435448276, "0x000000d40b595b94918a28b27d1e2c66f43a51d3": 1.4455112258739111, "0xb0bababe78a9be0810fadf99dd2ed31ed12568be": 1.3608873363088492, "0x0000e0ca771e21bd00057f54a68c30d400000000": 1.1953542608690497, "0x00000000009e50a7ddb7a7b0e2ee6604fd120e49": 1.1784731899215943, "0x3c005ba2000f0000ba000d69000ac8ec003800bc": 1.1732775064821617, "0x50a77ba863dbaa84269133e5625ef80072f1884a": 1.131343322452202, "0x75af425f2c1696f0583f70ffe5716a863ea7652c": 1.0866816467560152, "0x13c6f604be370863a1eab3b2059dea1baaa071da": 1.0349977020512362, "0x80d4230c0a68fc59cb264329d3a717fcaa472a13": 1.0074007877080962, "0x00004ec2008200e43b243a000590d4cd46360000": 0.9965495261768995, "0x8011d6c888214b3aea276a6d9d893578d8b25b03": 0.8803848488166597, "0x00fc00900000002c00be4ef8f49c000211000c43": 0.7203784091550711, "0x429cf888dae41d589d57f6dc685707bec755fe63": 0.6868044381176934, "0xe20cd9377c204a27952f8b41075f0b8bd1ceec3d": 0.6401955110817993, "0x2f7c1f1460aed2594a9977c58fa31c465591b287": 0.6301808662447036, "0xa0cdf33c150b936d0091969c694da3cfeae18446": 0.6077076329527917, "0x122e8808f968ecd4d3fb273b8ae417651bddc3d0": 0.5983970302063059, "0x0000000000590b74eb97457bf7b3ff6d63c6fde2": 0.5352103485730654, "0x18198cbac5a55b44778c6e29f3df8f4142cd65c2": 0.5083606871381869, "0x7c28e0977f72c5d08d5e1ac7d52a34db378282b3": 0.49295884126984646, "0x2d2a7d56773ae7d5c7b9f1b57f7be05039447b4d": 0.39457954186591265, "0x00000000003d71e9fc20fdeb46fb86afbbee4772": 0.3810034357573987, "0x8eeac69c7dbbea097cc7c84e4cf0b41bf0c3800e": 0.37633073744418527, "0x7cd1fe28fb9d4c861071958cfa0d9802a815439c": 0.3647453175806492, "0x0000000000007f150bd6f54c40a34d7c3d5e9f56": 0.3499504572914335, "0x4fce027bc57d7530b84527f4848983cece4df15e": 0.2713733239737186, "0x6980a47bee930a4584b09ee79ebe46484fbdbdd0": 0.26885723039875703, "0xc5a87e6c6fb14daad332614d8b727bdf80d7c801": 0.2645878109090909, "0x7f35eda215e381b44e5e6a0934fea2e9b7545e06": 0.25558151345862296, "0xfc5b9fdee1f71f3b3bfc9cebc86e8354214690c4": 0.2508165697095304}