{"Titantitanbuilderxyz": {"0x6b75d8af000000e20b7a7ddf000ba900b4009a80": 16.596148041147643, "0x00000000a991c429ee2ec6df19d40fe0c80088b8": 2.6877399282741044, "0x000000d40b595b94918a28b27d1e2c66f43a51d3": 1.7994503243133584, "0x000000000005af2ddc1a93a03e9b7014064d3b8d": 1.3271614445052844, "0x0000cd00001700b10049dfc947103e00e1c62683": 1.2647243515182438, "0x429cf888dae41d589d57f6dc685707bec755fe63": 0.5451122503704066, "0x2d2a7d56773ae7d5c7b9f1b57f7be05039447b4d": 0.5132785149500149, "0x00004ec2008200e43b243a000590d4cd46360000": 0.25276231874987265, "0xcc2687c14915fd68226ccf388842515739a739bd": 0.20903622135746625, "0x2dcf90da3b1369d2bd16d663c9bf35e08060bed5": 0.170106226149763, "0x00f80000d3000095fe14f500c67b452d0004fa7b": 0.16945912589127274, "0x6a8aeb3f8509c188775f65fd1e9eb5dd10abb8db": 0.15699335848491333, "0x1fdb319cc1be16ff75ef84e408b0bc1594dd4d3c": 0.10195747960370913, "0xa80db00007020e013fa10d0560700c0018003b8b": 0.042172204080895836, "0xcb3702bc25b0f284b032e5edf1a1ebea2fe43255": 0.032639139525122, "0x8f83cbe751419b87b1c23119be45def93d404692": 0.024653960897286095, "0x007933790a4f00000099e9001629d9fe7775b800": 0.02041864311764575, "0x00fc00900000002c00be4ef8f49c000211000c43": 0.008317378434232962, "0xc7dab6742619707440f44ae3b23768a18067c665": 0.007835580957609292, "0x24902aa0cf0000a08c0ea0b003b0c0bf600000e0": 0.006564424975472534, "0x2fc5c8b21f544f4cb6240ac905ff02a38ca367d1": 0.004422277868445994}, "rsyncbuilderxyz": {"0x6b75d8af000000e20b7a7ddf000ba900b4009a80": 14.5228486330121, "0x000000d40b595b94918a28b27d1e2c66f43a51d3": 2.3930841270897463, "0xe8c060f8052e07423f71d445277c61ac5138a2e5": 1.299074327068777, "0x00000000a991c429ee2ec6df19d40fe0c80088b8": 1.1262558955344444, "0x2d2a7d56773ae7d5c7b9f1b57f7be05039447b4d": 0.42240248325302165, "0x429cf888dae41d589d57f6dc685707bec755fe63": 0.23419510700972776, "0x00fc00900000002c00be4ef8f49c000211000c43": 0.1606368377867479, "0x007933790a4f00000099e9001629d9fe7775b800": 0.16034946030732597, "0x507888e987257a8dde6f8afa46375cefe2cbf504": 0.14395065089908074, "0x0000cd00001700b10049dfc947103e00e1c62683": 0.14149739514929663, "0x00f80000d3000095fe14f500c67b452d0004fa7b": 0.12011411568286927, "0x00a2712e3200e89c6b8500b2da5c6c9431330000": 0.07893297721058412, "0x2dcf90da3b1369d2bd16d663c9bf35e08060bed5": 0.07335741625689299, "0x00000000003b3cc22af3ae1eac0440bcee416b40": 0.06666722000494578, "0x1fdb319cc1be16ff75ef84e408b0bc1594dd4d3c": 0.04628754274508309, "0xc7dab6742619707440f44ae3b23768a18067c665": 0.041923633089207935, "0x605e35e88b2eba3ff084045d8eb8ae881c7e9dcb": 0.041481030422786135, "0xa80db00007020e013fa10d0560700c0018003b8b": 0.02021002818598077, "0x8f83cbe751419b87b1c23119be45def93d404692": 0.01377442690836013, "0xcb3702bc25b0f284b032e5edf1a1ebea2fe43255": 0.008659436723012, "0x000000000005af2ddc1a93a03e9b7014064d3b8d": 0.00861678712666385, "0x24902aa0cf0000a08c0ea0b003b0c0bf600000e0": 0.006077549931790275}, "beaverbuildorg": {"0x6b75d8af000000e20b7a7ddf000ba900b4009a80": 11.377881197272933, "0x00000000a991c429ee2ec6df19d40fe0c80088b8": 1.211162207639008, "0x2d2a7d56773ae7d5c7b9f1b57f7be05039447b4d": 1.068723780356417, "0x429cf888dae41d589d57f6dc685707bec755fe63": 0.6993077122064867, "0x00004ec2008200e43b243a000590d4cd46360000": 0.6804079098928575, "0x000000d40b595b94918a28b27d1e2c66f43a51d3": 0.6405672529259762, "0x00fc00900000002c00be4ef8f49c000211000c43": 0.4888066260882168, "0x000000000005af2ddc1a93a03e9b7014064d3b8d": 0.2508839605925419, "0xe8c060f8052e07423f71d445277c61ac5138a2e5": 0.17625758146969916, "0x605e35e88b2eba3ff084045d8eb8ae881c7e9dcb": 0.16897450711584092, "0x2fc5c8b21f544f4cb6240ac905ff02a38ca367d1": 0.1544954263549601, "0x007933790a4f00000099e9001629d9fe7775b800": 0.13127948776853504, "0xcb3702bc25b0f284b032e5edf1a1ebea2fe43255": 0.09592346133285, "0x6a8aeb3f8509c188775f65fd1e9eb5dd10abb8db": 0.09531106141465819, "0x1fdb319cc1be16ff75ef84e408b0bc1594dd4d3c": 0.08025441125181311, "0x24902aa0cf0000a08c0ea0b003b0c0bf600000e0": 0.062042147465659565, "0x507888e987257a8dde6f8afa46375cefe2cbf504": 0.05881929563018534, "0x00a2712e3200e89c6b8500b2da5c6c9431330000": 0.05868160752428283, "0x00f80000d3000095fe14f500c67b452d0004fa7b": 0.05479261746939233, "0x8f83cbe751419b87b1c23119be45def93d404692": 0.047858099631045994, "0x2dcf90da3b1369d2bd16d663c9bf35e08060bed5": 0.04762849337552276, "0x00000000003b3cc22af3ae1eac0440bcee416b40": 0.04641577054467406, "0xa80db00007020e013fa10d0560700c0018003b8b": 0.044583913177128814, "0xc7dab6742619707440f44ae3b23768a18067c665": 0.043304004787949456, "0xcc2687c14915fd68226ccf388842515739a739bd": 0.013617509190309792, "0x0000cd00001700b10049dfc947103e00e1c62683": 0.005765308610655224}, "builder0x69": {"0x6b75d8af000000e20b7a7ddf000ba900b4009a80": 2.3627884657481957, "0x0000cd00001700b10049dfc947103e00e1c62683": 0.38486476745269693, "0x00000000a991c429ee2ec6df19d40fe0c80088b8": 0.35032454882184255, "0x000000d40b595b94918a28b27d1e2c66f43a51d3": 0.3161212301944, "0x007933790a4f00000099e9001629d9fe7775b800": 0.12014340631224256, "0xcb3702bc25b0f284b032e5edf1a1ebea2fe43255": 0.0807909690211857, "0x429cf888dae41d589d57f6dc685707bec755fe63": 0.05938178588569219, "0xa80db00007020e013fa10d0560700c0018003b8b": 0.03886382290151072, "0x1fdb319cc1be16ff75ef84e408b0bc1594dd4d3c": 0.03825020305166804, "0x2d2a7d56773ae7d5c7b9f1b57f7be05039447b4d": 0.0332354976608738, "0x6a8aeb3f8509c188775f65fd1e9eb5dd10abb8db": 0.014190435848999325, "0x00000000003b3cc22af3ae1eac0440bcee416b40": 0.014136759951787795, "0x00f80000d3000095fe14f500c67b452d0004fa7b": 0.01375310909395546, "0x507888e987257a8dde6f8afa46375cefe2cbf504": 0.01111576687720614, "0x00004ec2008200e43b243a000590d4cd46360000": 0.009895748168078977, "0x24902aa0cf0000a08c0ea0b003b0c0bf600000e0": 0.00586422081768484, "0x605e35e88b2eba3ff084045d8eb8ae881c7e9dcb": 0.002620946293295134}, "rsyncbuilder": {"0x6b75d8af000000e20b7a7ddf000ba900b4009a80": 1.2866737017559375, "0x00000000a991c429ee2ec6df19d40fe0c80088b8": 0.7912597665685865, "0x507888e987257a8dde6f8afa46375cefe2cbf504": 0.12146590137786582, "0xe8c060f8052e07423f71d445277c61ac5138a2e5": 0.11706707698298267, "0x00000000003b3cc22af3ae1eac0440bcee416b40": 0.10254661698759293, "0x00000000500e2fece27a7600435d0c48d64e0c00": 0.0952483290897577, "0x007933790a4f00000099e9001629d9fe7775b800": 0.03352708094614884, "0x2d2a7d56773ae7d5c7b9f1b57f7be05039447b4d": 0.024063701954306446, "0x2dcf90da3b1369d2bd16d663c9bf35e08060bed5": 0.014216131617243569, "0x000000d40b595b94918a28b27d1e2c66f43a51d3": 0.0136006853364, "0x00f80000d3000095fe14f500c67b452d0004fa7b": 0.01151686466350703, "0x000000000005af2ddc1a93a03e9b7014064d3b8d": 0.011473371157895047, "0x00a2712e3200e89c6b8500b2da5c6c9431330000": 0.01071109141301908, "0x429cf888dae41d589d57f6dc685707bec755fe63": 0.010289335961859096, "0x2fc5c8b21f544f4cb6240ac905ff02a38ca367d1": 0.008462681540003965, "0x00fc00900000002c00be4ef8f49c000211000c43": 0.008328809962452945, "0x1fdb319cc1be16ff75ef84e408b0bc1594dd4d3c": 0.006361603827296914, "0xc7dab6742619707440f44ae3b23768a18067c665": 0.005258995126985952, "0x605e35e88b2eba3ff084045d8eb8ae881c7e9dcb": 0.004611511459634904}, "IlluminateDmocratizeDstribute": {"0x6b75d8af000000e20b7a7ddf000ba900b4009a80": 1.00070606023045, "0x00000000a991c429ee2ec6df19d40fe0c80088b8": 0.40553011795082305, "0x000000d40b595b94918a28b27d1e2c66f43a51d3": 0.3725102101136, "0x00000000003b3cc22af3ae1eac0440bcee416b40": 0.1559236894544427, "0x000000000005af2ddc1a93a03e9b7014064d3b8d": 0.15160439870216375, "0x507888e987257a8dde6f8afa46375cefe2cbf504": 0.12641257188490482, "0x00b99605162bf57ccf97086c67411bab443e0616": 0.1018572491949516, "0x2d2a7d56773ae7d5c7b9f1b57f7be05039447b4d": 0.07652416568505163, "0x429cf888dae41d589d57f6dc685707bec755fe63": 0.06884050425363275, "0xc7dab6742619707440f44ae3b23768a18067c665": 0.02816327331518258, "0xe8c060f8052e07423f71d445277c61ac5138a2e5": 0.020362176406549026, "0x00fc00900000002c00be4ef8f49c000211000c43": 0.01620126389507939,