{"0x9dd864d39fbfdf7648402746263e451cd4f36af0": 80.30270524750878, "0x6b75d8af000000e20b7a7ddf000ba900b4009a80": 39.77293166747515, "0xe8c060f8052e07423f71d445277c61ac5138a2e5": 29.352097455091467, "0x00000000003b3cc22af3ae1eac0440bcee416b40": 16.16746158284153, "0xcb3702bc25b0f284b032e5edf1a1ebea2fe43255": 15.498962716195864, "0x571a8e0874292c1336f970fd44cb502d81c3a717": 11.256792325931979, "0xcc2687c14915fd68226ccf388842515739a739bd": 10.397631688642287, "0x00000000a991c429ee2ec6df19d40fe0c80088b8": 9.282409130067377, "0x000000000035b5e5ad9019092c665357240f594e": 7.318733063692943, "0x000000000005af2ddc1a93a03e9b7014064d3b8d": 7.139626080144087, "0x6a5ef39f58c80e42642b9210bf74f20666a2e6b6": 6.351860777193099, "0x2ecd8f51fa432415fe8f385b8b369f13eff16fcb": 5.310101472036981, "0x0000000000a84d1a9b0063a910315c7ffa9cd248": 5.172639783527349, "0x00fc00900000002c00be4ef8f49c000211000c43": 5.055333810025937, "0x605e35e88b2eba3ff084045d8eb8ae881c7e9dcb": 4.3223481310350715, "0x507888e987257a8dde6f8afa46375cefe2cbf504": 3.4486405385161363, "0x000000d40b595b94918a28b27d1e2c66f43a51d3": 3.3902835849775625, "0x00004ec2008200e43b243a000590d4cd46360000": 3.2238011764972714, "0x429cf888dae41d589d57f6dc685707bec755fe63": 2.7953402843613864, "0xf1645de0e8a40e99ebdfd0d03b0a1f5dab6a9976": 2.6765853070056216, "0x80d4230c0a68fc59cb264329d3a717fcaa472a13": 2.3906666882555676, "0x0000cd00001700b10049dfc947103e00e1c62683": 2.3823173362978576, "0x247b69f78d2a590bec1ac0a4a4066debe3fca2b8": 2.2641933203109548, "0x2d2a7d56773ae7d5c7b9f1b57f7be05039447b4d": 1.4016275857312577, "0x0000e0ca771e21bd00057f54a68c30d400000000": 1.2589988929366316, "0x796d37daf7cdc455e023be793d0daa6240707069": 1.1244649915266203, "0x5e51328c0583094b76f28cfd532abc3d454fcfea": 0.9754251766416204, "0x0000000000590b74eb97457bf7b3ff6d63c6fde2": 0.8958759755613671, "0xa0cdf33c150b936d0091969c694da3cfeae18446": 0.8285520608901016, "0x3c005ba2000f0000ba000d69000ac8ec003800bc": 0.7642846045366972, "0x122e8808f968ecd4d3fb273b8ae417651bddc3d0": 0.7627134441654634, "0x8011d6c888214b3aea276a6d9d893578d8b25b03": 0.7378318812315189, "0xb0bababe78a9be0810fadf99dd2ed31ed12568be": 0.7194453398320254, "0xb3147f04db92a0e7b9c6766a7b9ad0942bd13fee": 0.6330989442713233, "0xe20cd9377c204a27952f8b41075f0b8bd1ceec3d": 0.6266957123171636, "0x98177a0000030000f1c7130065e308e78a160000": 0.5619662722274089, "0xe92c20817cc3e034665f7e8402bbfab3ce479baf": 0.5479179263616721, "0x18198cbac5a55b44778c6e29f3df8f4142cd65c2": 0.5083606871381869, "0x2f7c1f1460aed2594a9977c58fa31c465591b287": 0.4369689715768441, "0x36ff69488bf6ffad874a5bc8ba1aa0d01b187714": 0.4340257111948244, "0x8eeac69c7dbbea097cc7c84e4cf0b41bf0c3800e": 0.41040329307643875, "0xe545c3cd397be0243475af52bcff8c64e9ead5d7": 0.4078534318793819, "0xdc3bfcb3521cd02af66d394f817a0e6fe62ded95": 0.38247753832227593, "0x681d0d7196a036661b354fa2a7e3b73c2adc43ec": 0.38015182587016577, "0x53facee52e897740b140f5304e9cd9dc6238d735": 0.3703480977575136, "0x00f80000d3000095fe14f500c67b452d0004fa7b": 0.3659703256935794, "0x23873a6b44cf6836129a0d2bfe6f76d57cac8cdb": 0.3490525664292108, "0x00000000003d71e9fc20fdeb46fb86afbbee4772": 0.31185362712101977, "0x9c33b80491e09d157db9d93f66375bf1994fce10": 0.30032569106326445, "0x988ad333342d903190ed86a053e6b2170aebeb20": 0.2544568728053125, "0x0000000000007f150bd6f54c40a34d7c3d5e9f56": 0.24817168338281964, "0x5079fc00f00f30000e0c8c083801cfde000008b6": 0.24686526825999774, "0x1fdb319cc1be16ff75ef84e408b0bc1594dd4d3c": 0.24312592553827012, "0x72794739d8568a8b567d6cf83e49b0be7bb978b1": 0.234939730847939, "0x46c4128981525aa446e02ffb2ff762f1d6a49170": 0.22742341166578683, "0x134d8fc986fa44171f8b67826436c4300f63b61c": 0.21568501222581832, "0xc5a87e6c6fb14daad332614d8b727bdf80d7c801": 0.20780681927272726, "0x00000000000006b2ab6decbc6fc7ec6bd2fbc720": 0.204887470335807, "0x0015fe03456b000000009a38ba029a1d515f00e8": 0.19671444294781845, "0x00000000009e50a7ddb7a7b0e2ee6604fd120e49": 0.1834039215263398, "0xb6569481dccddd527c2b0e8ba32f494e52224ca1": 0.16984725089108144, "0xce66faca3e5e033b9513255d09adb178e4a45a3c": 0.16629376320535277}