{"0xcb3702bc25b0f284b032e5edf1a1ebea2fe43255": 143.45198927252898, "0x9dd864d39fbfdf7648402746263e451cd4f36af0": 81.22892326889618, "0xe8c060f8052e07423f71d445277c61ac5138a2e5": 37.31059189691271, "0x6b75d8af000000e20b7a7ddf000ba900b4009a80": 35.359120201208285, "0x00000000003b3cc22af3ae1eac0440bcee416b40": 12.90777253955065, "0xcc2687c14915fd68226ccf388842515739a739bd": 11.413986218910285, "0x571a8e0874292c1336f970fd44cb502d81c3a717": 11.045461517269901, "0x000000000035b5e5ad9019092c665357240f594e": 7.64590359359295, "0x00000000a991c429ee2ec6df19d40fe0c80088b8": 7.4278430890594835, "0x000000000005af2ddc1a93a03e9b7014064d3b8d": 6.189689587399074, "0x2ecd8f51fa432415fe8f385b8b369f13eff16fcb": 4.514528633754211, "0x796d37daf7cdc455e023be793d0daa6240707069": 3.9612741258216966, "0x507888e987257a8dde6f8afa46375cefe2cbf504": 3.6538076250727114, "0x605e35e88b2eba3ff084045d8eb8ae881c7e9dcb": 3.5324015722028483, "0x0000cd00001700b10049dfc947103e00e1c62683": 3.213378130232684, "0xb206ebe579be55f5b57119bb2e7cc63708eda1aa": 3.1644754123249683, "0xa37a714a14a1d3d969bd2a9f10e029d02e77bfcb": 2.9689916202597746, "0x0000000000a84d1a9b0063a910315c7ffa9cd248": 2.8658417509981464, "0x6a5ef39f58c80e42642b9210bf74f20666a2e6b6": 2.5579948231845635, "0x247b69f78d2a590bec1ac0a4a4066debe3fca2b8": 2.4488997705532, "0xb6569481dccddd527c2b0e8ba32f494e52224ca1": 2.3191796678159906, "0x000000d40b595b94918a28b27d1e2c66f43a51d3": 2.3186851573401683, "0xf1645de0e8a40e99ebdfd0d03b0a1f5dab6a9976": 2.2771472843054985, "0x681d0d7196a036661b354fa2a7e3b73c2adc43ec": 2.2762155455311768, "0x7b4aa82a26f6d864489b1dd905cb591ed4f9c715": 2.165886475501082, "0x00fc00900000002c00be4ef8f49c000211000c43": 2.0328339221847114, "0x5e51328c0583094b76f28cfd532abc3d454fcfea": 1.9674558352090026, "0x00f80000d3000095fe14f500c67b452d0004fa7b": 1.539020436578808, "0xd539cee6ab3997c21c0b83b21116b31bf6694092": 1.4707129435448276, "0x13c6f604be370863a1eab3b2059dea1baaa071da": 1.441578467318134, "0xb0bababe78a9be0810fadf99dd2ed31ed12568be": 1.3723587238366228, "0x75af425f2c1696f0583f70ffe5716a863ea7652c": 1.299866118471978, "0x00000000009e50a7ddb7a7b0e2ee6604fd120e49": 1.2984704349495855, "0x0000e0ca771e21bd00057f54a68c30d400000000": 1.200054554822678, "0x50a77ba863dbaa84269133e5625ef80072f1884a": 1.131343322452202, "0x429cf888dae41d589d57f6dc685707bec755fe63": 1.0643838957686256, "0x80d4230c0a68fc59cb264329d3a717fcaa472a13": 1.0074007877080962, "0x8011d6c888214b3aea276a6d9d893578d8b25b03": 0.8803848488166597, "0x3c005ba2000f0000ba000d69000ac8ec003800bc": 0.8372372093763065, "0x000000007dd891544c6e7f0c0f2b836f4a3d6ccb": 0.8239581379131742, "0x2d2a7d56773ae7d5c7b9f1b57f7be05039447b4d": 0.684027147595608, "0xe20cd9377c204a27952f8b41075f0b8bd1ceec3d": 0.6401955110817993, "0xa0cdf33c150b936d0091969c694da3cfeae18446": 0.6164388539672685, "0x122e8808f968ecd4d3fb273b8ae417651bddc3d0": 0.5983970302063059, "0x2f7c1f1460aed2594a9977c58fa31c465591b287": 0.5958948513796533, "0x0000000000590b74eb97457bf7b3ff6d63c6fde2": 0.5352103485730654, "0x18198cbac5a55b44778c6e29f3df8f4142cd65c2": 0.5083606871381869, "0x7c28e0977f72c5d08d5e1ac7d52a34db378282b3": 0.49295884126984646, "0xdc3bfcb3521cd02af66d394f817a0e6fe62ded95": 0.4364621879674216, "0x00000000003d71e9fc20fdeb46fb86afbbee4772": 0.37565414065452424, "0x7cd1fe28fb9d4c861071958cfa0d9802a815439c": 0.364671218254827, "0x0000000000007f150bd6f54c40a34d7c3d5e9f56": 0.3499504572914335, "0x00004ec2008200e43b243a000590d4cd46360000": 0.29768416319803576, "0x00000000500e2fece27a7600435d0c48d64e0c00": 0.28485823292210627, "0x24902aa0cf0000a08c0ea0b003b0c0bf600000e0": 0.2845057225600607, "0x4fce027bc57d7530b84527f4848983cece4df15e": 0.2713733239737186, "0x6980a47bee930a4584b09ee79ebe46484fbdbdd0": 0.26885723039875703, "0xc5a87e6c6fb14daad332614d8b727bdf80d7c801": 0.2645878109090909, "0x7f35eda215e381b44e5e6a0934fea2e9b7545e06": 0.25558151345862296, "0xfc5b9fdee1f71f3b3bfc9cebc86e8354214690c4": 0.2508165697095304, "0x763a7a38a18fc3afcc927d10229123cdc11f1837": 0.23296121840803832}