{"0xcb3702bc25b0f284b032e5edf1a1ebea2fe43255": 143.04697012799815, "0xe8c060f8052e07423f71d445277c61ac5138a2e5": 54.03219186151485, "0x6b75d8af000000e20b7a7ddf000ba900b4009a80": 40.67820170653683, "0x9dd864d39fbfdf7648402746263e451cd4f36af0": 26.234018925954018, "0xcc2687c14915fd68226ccf388842515739a739bd": 12.38217968404951, "0x00000000003b3cc22af3ae1eac0440bcee416b40": 10.45209277407277, "0x571a8e0874292c1336f970fd44cb502d81c3a717": 9.878299403721456, "0x000000000035b5e5ad9019092c665357240f594e": 8.8311689022342, "0x000000000005af2ddc1a93a03e9b7014064d3b8d": 8.591621877208587, "0x00000000a991c429ee2ec6df19d40fe0c80088b8": 6.991175737728382, "0x605e35e88b2eba3ff084045d8eb8ae881c7e9dcb": 6.514154002798772, "0x6a5ef39f58c80e42642b9210bf74f20666a2e6b6": 6.504279886185674, "0x00000000009e50a7ddb7a7b0e2ee6604fd120e49": 4.804791002199324, "0xa37a714a14a1d3d969bd2a9f10e029d02e77bfcb": 4.770778910761829, "0x507888e987257a8dde6f8afa46375cefe2cbf504": 4.537078026563787, "0x00fc00900000002c00be4ef8f49c000211000c43": 4.057220475649304, "0x2ecd8f51fa432415fe8f385b8b369f13eff16fcb": 4.036225859274215, "0xb206ebe579be55f5b57119bb2e7cc63708eda1aa": 3.1180391876862146, "0x796d37daf7cdc455e023be793d0daa6240707069": 2.86588136108436, "0x429cf888dae41d589d57f6dc685707bec755fe63": 2.7179704127248803, "0x0000000000a84d1a9b0063a910315c7ffa9cd248": 2.6234916263336325, "0xb6569481dccddd527c2b0e8ba32f494e52224ca1": 2.5575273695294656, "0x247b69f78d2a590bec1ac0a4a4066debe3fca2b8": 2.548925524630894, "0xd539cee6ab3997c21c0b83b21116b31bf6694092": 2.453916518610354, "0x681d0d7196a036661b354fa2a7e3b73c2adc43ec": 2.2762155455311768, "0x7b4aa82a26f6d864489b1dd905cb591ed4f9c715": 2.165886475501082, "0xb0bababe78a9be0810fadf99dd2ed31ed12568be": 2.1637384720106665, "0x75af425f2c1696f0583f70ffe5716a863ea7652c": 2.124893535190315, "0xa196145d284b83d9b8f91a050f1f2ed91e06bf7a": 2.009404032992146, "0x13c6f604be370863a1eab3b2059dea1baaa071da": 1.8088269178284648, "0x5e51328c0583094b76f28cfd532abc3d454fcfea": 1.741558025869551, "0x000000d40b595b94918a28b27d1e2c66f43a51d3": 1.5049313023973063, "0xf1645de0e8a40e99ebdfd0d03b0a1f5dab6a9976": 1.2842735609865847, "0x0000e0ca771e21bd00057f54a68c30d400000000": 1.1867347156651227, "0x50a77ba863dbaa84269133e5625ef80072f1884a": 1.131343322452202, "0x3c005ba2000f0000ba000d69000ac8ec003800bc": 1.1279087482447687, "0x80d4230c0a68fc59cb264329d3a717fcaa472a13": 1.0074007877080962, "0x7c28e0977f72c5d08d5e1ac7d52a34db378282b3": 0.9901578284174961, "0x2d2a7d56773ae7d5c7b9f1b57f7be05039447b4d": 0.9705698108407474, "0xa0cdf33c150b936d0091969c694da3cfeae18446": 0.9095340761238517, "0x0000cd00001700b10049dfc947103e00e1c62683": 0.7804642730702283, "0x122e8808f968ecd4d3fb273b8ae417651bddc3d0": 0.6470130792828265, "0xe545c3cd397be0243475af52bcff8c64e9ead5d7": 0.6401800517187244, "0x00004ec2008200e43b243a000590d4cd46360000": 0.620361227369733, "0x2f7c1f1460aed2594a9977c58fa31c465591b287": 0.6070335116792394, "0xb3147f04db92a0e7b9c6766a7b9ad0942bd13fee": 0.5752870123603204, "0xe20cd9377c204a27952f8b41075f0b8bd1ceec3d": 0.5741845791709667, "0xdb5889e35e379ef0498aae126fc2cce1fbd23216": 0.5737851714850001, "0x18198cbac5a55b44778c6e29f3df8f4142cd65c2": 0.5083606871381869, "0x00f80000d3000095fe14f500c67b452d0004fa7b": 0.5041191220258185, "0x000000007dd891544c6e7f0c0f2b836f4a3d6ccb": 0.3837964294689602, "0x8011d6c888214b3aea276a6d9d893578d8b25b03": 0.37078586956344156, "0x0000000000590b74eb97457bf7b3ff6d63c6fde2": 0.36259619920061203, "0x7cd1fe28fb9d4c861071958cfa0d9802a815439c": 0.36023751290506384, "0x0000000000007f150bd6f54c40a34d7c3d5e9f56": 0.35116120551387975, "0x338205d8900553ed51e108beb2258a13e1747584": 0.34658665691553636, "0x6980a47bee930a4584b09ee79ebe46484fbdbdd0": 0.3165914118095243, "0x4fce027bc57d7530b84527f4848983cece4df15e": 0.2713733239737186, "0xc5a87e6c6fb14daad332614d8b727bdf80d7c801": 0.2584151896969697, "0x7f35eda215e381b44e5e6a0934fea2e9b7545e06": 0.2514381534379126, "0x763a7a38a18fc3afcc927d10229123cdc11f1837": 0.23296121840803832}