{"0x6b75d8af000000e20b7a7ddf000ba900b4009a80": 1547.0047881198423, "0x000000d40b595b94918a28b27d1e2c66f43a51d3": 316.58069385172064, "0x00000000a991c429ee2ec6df19d40fe0c80088b8": 302.728523216625, "0x429cf888dae41d589d57f6dc685707bec755fe63": 225.6302690855342, "0xcb3702bc25b0f284b032e5edf1a1ebea2fe43255": 143.87105554014565, "0xe8c060f8052e07423f71d445277c61ac5138a2e5": 72.04311512132209, "0x00fc00900000002c00be4ef8f49c000211000c43": 60.80337767926062, "0x0000cd00001700b10049dfc947103e00e1c62683": 42.40663317042543, "0x2d2a7d56773ae7d5c7b9f1b57f7be05039447b4d": 35.016352421770144, "0x00004ec2008200e43b243a000590d4cd46360000": 31.37510064060243, "0xe545c3cd397be0243475af52bcff8c64e9ead5d7": 30.893222012059287, "0xdb5889e35e379ef0498aae126fc2cce1fbd23216": 30.80815683334494, "0x605e35e88b2eba3ff084045d8eb8ae881c7e9dcb": 29.107501468089694, "0x000000000005af2ddc1a93a03e9b7014064d3b8d": 26.641238154573355, "0x00000000003b3cc22af3ae1eac0440bcee416b40": 25.87312527376824, "0x00f80000d3000095fe14f500c67b452d0004fa7b": 24.997748608509152, "0xdc3bfcb3521cd02af66d394f817a0e6fe62ded95": 23.856548250388997, "0xd050e0a4838d74769228b49dff97241b4ef3805d": 22.948383929602972, "0x1fdb319cc1be16ff75ef84e408b0bc1594dd4d3c": 22.710730667195822, "0x000000000035b5e5ad9019092c665357240f594e": 19.28321654618654, "0x00000000009e50a7ddb7a7b0e2ee6604fd120e49": 17.957770898490665, "0x6a8aeb3f8509c188775f65fd1e9eb5dd10abb8db": 16.858448444966985, "0x507888e987257a8dde6f8afa46375cefe2cbf504": 15.427792251291892, "0x007933790a4f00000099e9001629d9fe7775b800": 14.949233050738162, "0xa80db00007020e013fa10d0560700c0018003b8b": 13.125139445703802, "0xcc2687c14915fd68226ccf388842515739a739bd": 10.916642210140926, "0x24902aa0cf0000a08c0ea0b003b0c0bf600000e0": 9.483335693568574, "0x6a5ef39f58c80e42642b9210bf74f20666a2e6b6": 8.247925022703905, "0x571a8e0874292c1336f970fd44cb502d81c3a717": 8.22489755844352, "0x0000580089002cfb007e2300122100c95a58242d": 7.551015538376022, "0x0000e0ca771e21bd00057f54a68c30d400000000": 7.3442180632176735, "0xa196145d284b83d9b8f91a050f1f2ed91e06bf7a": 7.021484206050056, "0x397ff1542f962076d0bfe58ea045ffa2d347aca0": 6.350200054117724, "0xfd0000000100069ad1670066004306009b487ad7": 5.926863171362822, "0x5e51328c0583094b76f28cfd532abc3d454fcfea": 5.824275011802846, "0x76b5a83c8c8097e7723eda897537b6345789b229": 5.52556426725145, "0xa37a714a14a1d3d969bd2a9f10e029d02e77bfcb": 5.011902442499448, "0x9dd864d39fbfdf7648402746263e451cd4f36af0": 4.841055588224038, "0xb0bababe78a9be0810fadf99dd2ed31ed12568be": 4.1672842025703, "0x2ecd8f51fa432415fe8f385b8b369f13eff16fcb": 4.079406573461337, "0xd19dc09880685dd8cf60687d57936358582876b5": 3.442706373176694, "0xb206ebe579be55f5b57119bb2e7cc63708eda1aa": 3.1180391876862146, "0x0015fe03456b000000009a38ba029a1d515f00e8": 3.070854804468125, "0x796d37daf7cdc455e023be793d0daa6240707069": 2.932267442491365, "0x247b69f78d2a590bec1ac0a4a4066debe3fca2b8": 2.4559822501367834, "0xd539cee6ab3997c21c0b83b21116b31bf6694092": 2.453916518610354, "0xb6569481dccddd527c2b0e8ba32f494e52224ca1": 2.446740952019336, "0x2684e2d55e30680186ca2d5f5393ac0fb808f011": 2.3164892183276904, "0x0eae044f00b0af300500f090ea00027097d03000": 2.2756308462297765, "0x75af425f2c1696f0583f70ffe5716a863ea7652c": 2.196934671756568, "0x7b4aa82a26f6d864489b1dd905cb591ed4f9c715": 2.193442485487082, "0x681d0d7196a036661b354fa2a7e3b73c2adc43ec": 2.0994504807693257, "0x13c6f604be370863a1eab3b2059dea1baaa071da": 2.077418102591916, "0xac6a9e9ca65d4bcbea3e59c4c40128052bcc8882": 2.0032051325375395, "0x0110b81f460d8ca0930404274961ffcbda8a8d05": 1.9949484582485264, "0x8d4488f1895ad933f60721edc72fedb8c3586558": 1.787142453693832, "0x9dbf81e9d991cf8eadcb4ae6b53d6810bb9b5abf": 1.638231209869084, "0xf1645de0e8a40e99ebdfd0d03b0a1f5dab6a9976": 1.6052937305786477, "0x00a2712e3200e89c6b8500b2da5c6c9431330000": 1.46223666459487, "0xa5e70fe4cfc997c4d66e309c61255dea33eaaedd": 1.3097574644471432, "0x0000a42df58060230d7f1aefe47da338078244e8": 1.223385530151824, "0x9db7378614d8d9d7149c4ee4763f88c38f9b1517": 1.1652919082111999, "0x00000000500e2fece27a7600435d0c48d64e0c00": 1.1474854858379857, "0x50a77ba863dbaa84269133e5625ef80072f1884a": 1.131343322452202, "0x6ee8cb0ecfe7186e79e1f45595b6d3878fb5e46d": 1.1225162991878608, "0x3c005ba2000f0000ba000d69000ac8ec003800bc": 1.1156506133515758, "0xa0cdf33c150b936d0091969c694da3cfeae18446": 1.1028959844193023, "0xde26008df5af55a28da3d77d2996886f3b241845": 1.102713032993525}