{"0x8d7f71c25fb581b7ba2efbb10345d262d1852ff5": 9.00963185e+16, "0x50b8f49f4b2e80e09ce8015c4e7a9c277738fd3d": 6.5715502864920584e+16, "0xe8cfad4c75a5e1caf939fd80afcf837dde340a69": 5.273592741394957e+16, "0x5ad7c57a50cfb4620ada929c53f08341bf11eb7c": 4.917349656329495e+16, "0xe1ce310e3cb20073ff25b1a76faa7e032f41cf7c": 4.584856975168109e+16, "0x1fb421310ceacd0afb2a429bbb4682e522b38ecb": 2.5812203774306444e+16, "0x99b1817acb40e76c309e26b2face9da9eff55317": 2.297116521434535e+16, "0x6719c6ebf80d6499ca9ce170cda72beb3f1d1a54": 2.05585107714609e+16, "0x6f1cdbbb4d53d226cf4b917bf768b94acbab6168": 2.0381060731171504e+16, "0x767c8bb1574bee5d4fe35e27e0003c89d43c5121": 1.989311243081214e+16, "0x51c72848c68a965f66fa7a88855f9f7784502a7f": 1.8010835575206922e+16, "0xd3494f24c5becd266666364aad99cf4cdbc044a0": 1.3040800945676552e+16, "0x235c1fcd169a7e6ffca463f9c22d88beceeba62b": 1.2502021827738094e+16, "0xd249942f6d417cbfdcb792b1229353b66c790726": 1.1025704152927734e+16, "0xedfa6a2036f1cf4aabb8724491d5714376ff5fd6": 1.0954632048980672e+16, "0xf24a5cc235e5242d69fafbffd304f63b92ac82f9": 8474716319089485.0, "0xa52a64501e816016030511aea0445f1a97ee6694": 5673710000000000.0, "0x6eeeafa18f7e764234affbe2a29c24be76184f46": 5032491134601931.0, "0xb8fda4a24fb520963584c18e614cc6624443f897": 4969587993405138.0, "0x7f62359a4285881abac18a512015917de9b0b546": 4843150369543811.0, "0xede60dc204dc707678a1904e6f1d039c895a8656": 4598772393572352.0, "0x797a05dd6a8bfc1e1eaaa62e744d3aff197c46b1": 3803513366589300.0, "0x16bc590b14d8f64b0e730677ecc34f831423ce0d": 3745796683117216.0, "0x00000004cafb7f1f9f1bf1718078baba0694bd0a": 3578723805765240.0, "0x38f935e58ee761352aa40c30284c4a4ac6596dc9": 3485092909835648.0, "0x81153f0889ab398c4acb42cb58b565a5392bba95": 3424328680800422.0, "0xf268035f5f7fa5bd43eb8b84723d880ec2748d81": 3202113041289799.0, "0xbc8b7ff89eb2b73ecdd579f81424a3b582200808": 2816288620858680.0, "0x5b599155ade1f59f549a4a1297ddb5a4951b1b27": 2668874417497708.0, "0x4bdb391766a96ab370b9230784f30e3b2a32021f": 2449500230505540.0, "0x43579754589644805ef2bb4696bfe6a5cf7aa809": 2194207749044508.0, "0xcf5540fffcdc3d510b18bfca6d2b9987b0772559": 1928659553241022.0, "0xe2b8eb988735f7709d08b7d07b41460073904830": 1891434335596800.0, "0xae120f96281fb2d376845da4b35226fadf184c73": 1750119252572931.0}