{"0x235c1fcd169a7e6ffca463f9c22d88beceeba62b": 1.9163380984340406e+17, "0x6719c6ebf80d6499ca9ce170cda72beb3f1d1a54": 1.2885164407255853e+17, "0x99b1817acb40e76c309e26b2face9da9eff55317": 1.2664826793310653e+17, "0x51c72848c68a965f66fa7a88855f9f7784502a7f": 1.254918512893241e+17, "0x00000000a991c429ee2ec6df19d40fe0c80088b8": 7.942611881472285e+16, "0xd19dc09880685dd8cf60687d57936358582876b5": 4.801588416655403e+16, "0x2d2a7d56773ae7d5c7b9f1b57f7be05039447b4d": 4.433594096137171e+16, "0xa4882f4dd805fed45615bd8ed43cbbd9bf5d5a93": 4.14402989259372e+16, "0x00000000000006b2ab6decbc6fc7ec6bd2fbc720": 3.895820937651664e+16, "0x2339d36bce71c97772e54c76ff6b4c74c9dd8f86": 3.777833756918519e+16, "0xe1ce310e3cb20073ff25b1a76faa7e032f41cf7c": 3.3777830950466336e+16, "0x50b8f49f4b2e80e09ce8015c4e7a9c277738fd3d": 2.2592467131875664e+16, "0xcf8b0f9422084695ef702bfce33976982ff3304b": 2.22305559873374e+16, "0xc11ce44147c9f6149fbe54adb0588523c38718d7": 2.087166442001764e+16, "0x0eae044f00b0af300500f090ea00027097d03000": 1.9926171733188736e+16, "0x9db7378614d8d9d7149c4ee4763f88c38f9b1517": 1.924235881143688e+16, "0x356cfd6e6d0000400000003900b415f80669009e": 1.8153251096030316e+16, "0xe8cfad4c75a5e1caf939fd80afcf837dde340a69": 1.6575440513348314e+16, "0xcac7f5ecc7ec8db67c08bf156e8a1e493966c7d3": 1.5901931635845132e+16, "0x6f1cdbbb4d53d226cf4b917bf768b94acbab6168": 1.4211802674615564e+16, "0x0000000000c2f3017e5af636ea91bd68ec3888ed": 1.0664381282503914e+16, "0x1fb421310ceacd0afb2a429bbb4682e522b38ecb": 1.0516941537741068e+16, "0xbc2c6cd5013585ac720160efcb1feced30837177": 8874646862844485.0, "0xa302ab2473e6682525db2e2ed15f3dba03930d38": 8615978540355552.0, "0xede60dc204dc707678a1904e6f1d039c895a8656": 8191883347621810.0, "0xecd016476bb966903aa37e29520e4ea2e79bb5f7": 7653709356559416.0, "0xf06434725b19cbaab053cb0b28f33818dca8630f": 6742385074680697.0, "0x0000690000a5fe503ac89500eb11519c2dc00084": 6616302805174935.0, "0x74aa575fa2812763df757f030054a4f926c48094": 6427059774855174.0, "0x38f935e58ee761352aa40c30284c4a4ac6596dc9": 5690275501166718.0, "0x01e0519b026d3d8bb42d668ad35d69dd1f68efd0": 5679652805225308.0, "0x00000047bb99ea4d791bb749d970de71ee0b1a34": 5041669477673130.0, "0x38a868000000a600a300867c596d400d79970500": 4624078939571910.0, "0x1fc4b4bdf5162aa5e357041945c9333b2818adad": 4462982185078107.0, "0xf268035f5f7fa5bd43eb8b84723d880ec2748d81": 4179261900000000.0, "0xc6c9e6dcae828a56a92a3c9b060ad69fc65dc103": 4138240857112443.0, "0xf9bbb3424effd689ea778b7b7494fab275c0fe44": 3841829059568128.0, "0x2a39421782011d7433f04d9e133abcd1b169a232": 3703037057925828.0, "0xfc306c05d2717e7731232d3c76a5f7088acaa6c5": 3680176285631865.0, "0x549efb3c8365f3f222aaa44d9af7894cdafff083": 3518800763366944.0, "0xccf5c5c263e5a81ca7941bba10b508ce0bb03b51": 3181809291988877.0}