{"0x235c1fcd169a7e6ffca463f9c22d88beceeba62b": 4.776894829388985e+18, "0xc11ce44147c9f6149fbe54adb0588523c38718d7": 1.196322616633242e+18, "0x51c72848c68a965f66fa7a88855f9f7784502a7f": 8.981015423140244e+17, "0x5c86e04389b70071c90f885f99d48135ad5b78ab": 6.815988636957569e+17, "0xe8cfad4c75a5e1caf939fd80afcf837dde340a69": 6.302206427312588e+17, "0xf3d73e0b269af04e856b83034b319f247e1e1c9f": 5.854352452051736e+17, "0xe1ce310e3cb20073ff25b1a76faa7e032f41cf7c": 5.702942379120192e+17, "0x8d7f71c25fb581b7ba2efbb10345d262d1852ff5": 2.978049679849786e+17, "0x01e06725d25b573a2f73503198e3214223442cfc": 2.1568049897628e+17, "0x5ad7c57a50cfb4620ada929c53f08341bf11eb7c": 2.1357767625143635e+17, "0x1fc4b4bdf5162aa5e357041945c9333b2818adad": 1.8857203928576013e+17, "0x767c8bb1574bee5d4fe35e27e0003c89d43c5121": 1.5039675434470896e+17, "0xcf8b0f9422084695ef702bfce33976982ff3304b": 1.488999816275437e+17, "0x6f1cdbbb4d53d226cf4b917bf768b94acbab6168": 1.2106849671542667e+17, "0x6719c6ebf80d6499ca9ce170cda72beb3f1d1a54": 1.1676318052190467e+17, "0x5a7485fbe2838dd95145b8f26d1e28e9084e124f": 1.1002310769210992e+17, "0xcac7f5ecc7ec8db67c08bf156e8a1e493966c7d3": 1.0497149333772635e+17, "0xbc2c6cd5013585ac720160efcb1feced30837177": 1.0261787612510206e+17, "0x99b1817acb40e76c309e26b2face9da9eff55317": 1.0224417086311747e+17, "0x1fb421310ceacd0afb2a429bbb4682e522b38ecb": 9.731470741926557e+16, "0x225dcf517109837e4e4aeebf655cbcf71dff0828": 9.643633430667315e+16, "0xa4882f4dd805fed45615bd8ed43cbbd9bf5d5a93": 9.104520966175936e+16, "0x50b8f49f4b2e80e09ce8015c4e7a9c277738fd3d": 8.947633148290136e+16, "0xe1549abe5e649dbefa7361090c9020aae9ebf7e9": 8.677565173446166e+16, "0x38f935e58ee761352aa40c30284c4a4ac6596dc9": 8.2750896477138e+16, "0xc3a8204aff3775eb319128c77b9dbb13a2e97402": 8.256125595006205e+16, "0xa76abb8e4fd1f49f97651f268347ce19afe3bf62": 8.256125595006205e+16, "0x144467a4aa645cd4569d0e5ade1c106ec82edc11": 8.256125595006205e+16, "0x53481203e78186ba6dcd32d3be5520aaf7c1fd9f": 8.256125595006205e+16, "0x02170fafd0ed42ff7172ad4b64660215fc93d1be": 8.188822901544264e+16, "0x000000000003750173a03a9055296acc36c6afb7": 8.119551677667133e+16, "0xe2b6601667f0a6bd9f68441e2e0b81e4fcfbb2eb": 7.897264503756195e+16, "0xdcd096340cccbadcdaebc26827449f04d48282d5": 7.760321310977472e+16, "0x28e261390adaa654f29dbe268109baf06e9b4cc4": 7.64395486260219e+16, "0x5b599155ade1f59f549a4a1297ddb5a4951b1b27": 6.482997542409966e+16, "0x85457c0e76251e6e70c8bf16071f369d3a2434ea": 6.317567408362805e+16, "0x5154ff57734a400dd563f5da26d620ee252a3b9f": 5.90226973243771e+16, "0xdc3bfcb3521cd02af66d394f817a0e6fe62ded95": 5.811472826634147e+16, "0x550d09e1fd883e3ad0f81a7bc05f5c2b3a7012a0": 5.725000740770984e+16, "0x7f07c221105ba65a0a800ee7fa292344b35783a9": 5.725000740770984e+16, "0xad2dd0b0c62716d9005144050d570ada1a311291": 5.725000740770984e+16, "0xae248d1d765074c72f7b2d1c4526626cd65fc7a4": 5.261241273444733e+16, "0x96e9b36f4ffbe763a1fa3935dffd12b1062b81f4": 5.259599509221243e+16, "0x01e0519b026d3d8bb42d668ad35d69dd1f68efd0": 5.142321685487107e+16, "0x0000000000c2f3017e5af636ea91bd68ec3888ed": 4.472378005051811e+16, "0x38a868000000a600a300867c596d400d79970500": 4.150963549606518e+16, "0x0000cd00001700b10049dfc947103e00e1c62683": 3.825537605603351e+16, "0x6507a94fb6dc4270d81dc661cbdba0caa1ac2542": 3.792650693049208e+16, "0xf9bbb3424effd689ea778b7b7494fab275c0fe44": 3.494911351784641e+16, "0x16bc590b14d8f64b0e730677ecc34f831423ce0d": 3.4371175788078336e+16, "0x3faad1ce1a2b57c8e8557bd8c4d054b08b7aaff8": 3.169908587736283e+16, "0xb8fda4a24fb520963584c18e614cc6624443f897": 3.113983690968821e+16, "0x85bbffb3e85ef44ac6952ae9c6fc2537dc3c95cd": 3.0105863727131104e+16, "0xd19dc09880685dd8cf60687d57936358582876b5": 2.912109965996631e+16, "0xe4000004000bd8006e00720000d27d1fa000d43e": 2.828263845629525e+16, "0x2a39421782011d7433f04d9e133abcd1b169a232": 2.6223072694974864e+16, "0x209ab139def52b02dd27ff24c9eb3763d08e2d06": 2.5845430368446576e+16, "0x5e0b96bee957bbf8f2fe367b91570b215a396456": 2.555092153034701e+16, "0x298231fef9f8a2bbef33d4fe863787cea25067ba": 2.555092153034701e+16, "0x8b3d7096195d69f31f8b8bbc4b5ab910fdb1079c": 2.510113754542271e+16, "0x356cfd6e6d0000400000003900b415f80669009e": 2.445830376143771e+16, "0xa52a64501e816016030511aea0445f1a97ee6694": 2.291835230552484e+16, "0xa15b506a23edb966cf739303051189aa7b280902": 1.973704556906507e+16, "0x01bd2da640345f1c29831b7cef9a434298408172": 1.9627379190321816e+16, "0x25ce4aafefb0bd2e44901872fbf612cfe390e050": 1.9462062454828776e+16, "0x14857034288c885f1f984ba2afbaa2b78b286657": 1.9158450406961184e+16, "0x5550d13389bb70f45fcef58f19f6b6e87f6e747d": 1.8578372772807424e+16, "0x24902aa0cf0000a08c0ea0b003b0c0bf600000e0": 1.7067745123396876e+16, "0x1a6155ff9305f6e8a83f40736029b50078c187f0": 1.6778471125988072e+16, "0xdc5319815cdaac2d113f7f275bc893ed7d9ca469": 1.6533457291782696e+16, "0xf268035f5f7fa5bd43eb8b84723d880ec2748d81": 1.6301750471632788e+16, "0x767af52d988d1241a346851a1b39ccd11357376e": 1.5813155151144488e+16, "0x3fa6fff7212d3fa4317cf1955fa690993d8ced70": 1.5366461682970338e+16, "0x81153f0889ab398c4acb42cb58b565a5392bba95": 1.425919113466582e+16, "0x53facee52e897740b140f5304e9cd9dc6238d735": 1.4161807210357926e+16, "0xdc00e700b1709a9b7a0032f3c84373c2de00e620": 1.3145968369688184e+16, "0x7e813808387990f6e291b0d9bc7ab04bc9178d12": 1.2983760104967708e+16, "0xf03f1a572792339f625e44a1c304ec826659c259": 1.1486767819056626e+16, "0x6eeeafa18f7e764234affbe2a29c24be76184f46": 1.1288894123392248e+16, "0x838a5832eb19cfce692809f5b2de44b15380cda2": 1.0351656922192072e+16, "0x0110b81f460d8ca0930404274961ffcbda8a8d05": 1.0030887592615116e+16, "0x98c3d3183c4b8a650614ad179a1a98be0a8d6b8e": 9874299546564920.0, "0x8385c093657503aebd55bac4a9bb0df5d3528835": 9715446649439208.0, "0x0a9f824c05a74f577a536a8a0c673183a872dff4": 9318674549893184.0, "0x00fc00900000002c00be4ef8f49c000211000c43": 9117925449753200.0}