{"0xa69babef1ca67a37ffaf7a485dfff3382056e78c": 352.9077669432701, "0x51c72848c68a965f66fa7a88855f9f7784502a7f": 222.35759426458463, "0x000000000dfde7deaf24138722987c9a6991e2d4": 29.957464506897285, "0xd7f3fbe8c72a961a5515203eada59750437fa762": 24.35968935212964, "0x5050e08626c499411b5d0e0b5af0e83d3fd82edf": 18.937869355284022, "0xfbeedcfe378866dab6abbafd8b2986f5c1768737": 17.043176021588152, "0xaafb85ad4a412dd8adc49611496a7695a22f4aeb": 15.227211987877025, "0x6f1cdbbb4d53d226cf4b917bf768b94acbab6168": 14.832686809961722, "0xeaabd0e75e930f9f36b68be30202d47fd9b58b92": 13.069019164542313, "0xf98091ca1bb8e23e08cb2ebb1ca170fcae3ad4f2": 11.009068456849231, "0x98c3d3183c4b8a650614ad179a1a98be0a8d6b8e": 7.905837074185492, "0x1fb421310ceacd0afb2a429bbb4682e522b38ecb": 5.808605642442413, "0xe8cfad4c75a5e1caf939fd80afcf837dde340a69": 5.384932034187811, "0x81153f0889ab398c4acb42cb58b565a5392bba95": 4.061451872384442, "0x8385c093657503aebd55bac4a9bb0df5d3528835": 3.9885749354310254, "0xe6ae75be7c9317af842b8f2c2cd6dc7f49f17184": 3.777375393178525, "0x67fd18ffedb11f820e54b43d54fa756d74f6add7": 3.6241461091261558, "0x0c3de458b51a11da7d4616f42f66c861e3859d3e": 3.0729373404051867, "0xf268035f5f7fa5bd43eb8b84723d880ec2748d81": 3.0666905492125043, "0xbb83b1b240220e82a0a4ba8a6c9e9b044b225e56": 3.006115141154368, "0x797a05dd6a8bfc1e1eaaa62e744d3aff197c46b1": 2.9281904816271913, "0xed12310d5a37326e6506209c4838146950166760": 2.8410925150017325, "0xca8acfdcee7531be980e7670d9e6b80b8c2e08dc": 2.8008175764887615, "0x775c559d9a48ce5a8444c1035c3a8921ab477b8e": 2.506900452671613, "0xce966ec69b1416359c1f88b1683ab239ba8620ed": 2.4751851662305677, "0xc4b3fadbfbb49a8ab2621ad0078ca447690aed26": 2.25171006348536, "0xa2e603a5df1ac9d47637816f0af8878fa2ea7864": 2.039770161422603, "0x70c66f3ce5a5387a70e2773d054eff572525c6f4": 1.8022851476045822, "0xc5c9f6dda68422984a06a66a3d1aebd7d979a158": 1.6987320000000001, "0x838a5832eb19cfce692809f5b2de44b15380cda2": 1.627381519764375, "0xaf8887864653a612c928256943f073221e9fc1bf": 1.6101474815463765, "0x6e8d76bf316eb70d2ffe4ce5480449c65ea4b22a": 1.4350152287646745, "0x445947140f5e1b742439f6ee24a7690d077bbb89": 1.3829276339481307, "0x9ea3cda5c2adf0370454b9ee28786a068227b1a4": 1.3797957822096374, "0x767c8bb1574bee5d4fe35e27e0003c89d43c5121": 1.2940501049585282, "0x356cfd6e6d0000400000003900b415f80669009e": 1.269676382153051, "0x7b9d4d8772b8705ddc7456daf821c3022dda0504": 1.2611130000000002, "0x5ea363d1b8c524e864dd6cd87b5b4eb8b4850227": 1.1982513875190257, "0x88fcc3d7627f2233c7efa46ce6d50fd020ef9638": 1.1788224999999999, "0x06d9ca334a8a74474e9b6ee31280c494321ae759": 1.169889, "0x030f11dcba56b8038c3c94f056ea68dc7668630e": 1.1675419612452107, "0x3511f837687ff7272a39a231cac1452ad71141fa": 1.130745, "0xc758d5718147c8c5bc440098d623cf8d96b95b83": 1.0451760895826452, "0x63756a3c3bf677baab9d9e06457402ed05be8570": 0.9202278934721677, "0xf54ac0316e845502bf64c4b2eb754945c36a5f33": 0.8799002167259106, "0x5519935e51fc403f6c69894e683f268c1883e938": 0.862800211496898, "0x00000000009e50a7ddb7a7b0e2ee6604fd120e49": 0.8398348502957039, "0xe9673491148d1e8edbb943f5826963e588999653": 0.8225295010705725, "0x8f40a617a0839849e86992dc5f284fbae24d2288": 0.7880000000000001, "0xeef33b4779fc9e13b1e30691822d5f447d2161b8": 0.7063707265638195, "0xcc5961aaa6ffceeccee4beabbfd5a271b2f56e7e": 0.6487649578401498, "0x28e261390adaa654f29dbe268109baf06e9b4cc4": 0.6303205148855187, "0xcfd4176f7975c70f800d87aeaca316270521595a": 0.6078503506249837, "0xbc2c6cd5013585ac720160efcb1feced30837177": 0.5968463769494453, "0x826a4f4da02588737d3c27325b14f39b5151ca3c": 0.5635230869327397, "0x1fc4b4bdf5162aa5e357041945c9333b2818adad": 0.559604100339072, "0x1a6155ff9305f6e8a83f40736029b50078c187f0": 0.5530314250163298, "0x4a137fd5e7a256ef08a7de531a17d0be0cc7b6b6": 0.5064930480846506, "0xe72889f88f279043206698c50b752fc6eb47b63f": 0.49257202678684725, "0x8db64ee50717a0418adf9ad99d8685318d4d4579": 0.48947783950010015, "0x18abedebf76e1e6fdeb3ae0a5dd06daa28112abf": 0.43898977709454573, "0x6af49606d941cda32de1ee94397dc821ceb09dac": 0.4208834606000828, "0x64f9db27a2394696bdf72ed95bf2ab3fad9ac91d": 0.41392132947631105, "0xf249cec5882bf45c028550de230aeb1a8f905597": 0.3892606756704277, "0x000000e1fddf4fe15db5f23ae3ee83c6a11e8dd1": 0.3654258852967207, "0x2647402378bb40a48321255f827615e5ce24cdce": 0.34800000000000003, "0x0000000000c2f3017e5af636ea91bd68ec3888ed": 0.306175036645958, "0x2f1d79860cf6ea3f4b3b734153b52815773c0638": 0.2889001986545141, "0x4ddc7d0661f28205f45c9caf787095a96e356ffd": 0.2783113735898446, "0xd460f9384f5328cf93df6970cdbfe392be03d006": 0.27825349946028605, "0x99b1817acb40e76c309e26b2face9da9eff55317": 0.2698866359180081, "0xd5c35b4c7ffb61d6159dfa2771deed3067472f87": 0.26924918182201635, "0x3fa6fff7212d3fa4317cf1955fa690993d8ced70": 0.25864189895836276, "0xf01cde6d70596b7255dd2fcfbd19feaf4ed142f9": 0.24266692595412473, "0x3e0918f43458db9f02d7ca915cc422204619f5a5": 0.23706459594833335, "0xf06434725b19cbaab053cb0b28f33818dca8630f": 0.22809917021947132, "0xe89b35d28da6070b1efee3f86f5d52db46a0b2af": 0.22223699590593715, "0xbdb241f7fd4ed7f0f40fc6c26b7c1f8dd21b6c49": 0.220827358619066, "0xc11ce44147c9f6149fbe54adb0588523c38718d7": 0.21804216296685097}