{"0xa69babef1ca67a37ffaf7a485dfff3382056e78c": 430.4962550179196, "0x51c72848c68a965f66fa7a88855f9f7784502a7f": 175.6486032202041, "0x0000000000590b74eb97457bf7b3ff6d63c6fde2": 43.92206019315099, "0xd7f3fbe8c72a961a5515203eada59750437fa762": 27.117384830622655, "0xc6fecdf760af24095cded954de7d81ab49f8bae1": 24.33161867680051, "0x000000000dfde7deaf24138722987c9a6991e2d4": 23.19321032543249, "0x6f1cdbbb4d53d226cf4b917bf768b94acbab6168": 21.62951585852803, "0x5050e08626c499411b5d0e0b5af0e83d3fd82edf": 16.370864708477548, "0xa52a64501e816016030511aea0445f1a97ee6694": 15.68160771778955, "0x5e51328c0583094b76f28cfd532abc3d454fcfea": 13.310777183143877, "0xaafb85ad4a412dd8adc49611496a7695a22f4aeb": 12.158344580227482, "0x0000000000a84d1a9b0063a910315c7ffa9cd248": 11.048352527633861, "0x9dd864d39fbfdf7648402746263e451cd4f36af0": 10.686924645176408, "0xf35be9a9a0d4b67e776115fa3b6381986379894d": 10.439772698750376, "0x000000000035b5e5ad9019092c665357240f594e": 10.164304570335386, "0xfbeedcfe378866dab6abbafd8b2986f5c1768737": 9.949058259828156, "0x98c3d3183c4b8a650614ad179a1a98be0a8d6b8e": 9.572206703790616, "0xe20cd9377c204a27952f8b41075f0b8bd1ceec3d": 9.447692769358886, "0x1fb421310ceacd0afb2a429bbb4682e522b38ecb": 8.30471345830447, "0x7b577a879665ef6ad344da61de7ec2371f6ff68f": 8.151937599896664, "0x0000e0ca771e21bd00057f54a68c30d400000000": 6.724883352072894, "0xe8c060f8052e07423f71d445277c61ac5138a2e5": 6.345416204187327, "0x6e8d76bf316eb70d2ffe4ce5480449c65ea4b22a": 4.885000000000001, "0x67fd18ffedb11f820e54b43d54fa756d74f6add7": 4.4963655302788155, "0x81153f0889ab398c4acb42cb58b565a5392bba95": 4.440604940627926, "0xe6ae75be7c9317af842b8f2c2cd6dc7f49f17184": 4.20996900587461, "0x70c66f3ce5a5387a70e2773d054eff572525c6f4": 4.168522899010795, "0xf268035f5f7fa5bd43eb8b84723d880ec2748d81": 3.982296580479984, "0xe08beb8c48e71fd08560db2fbaaa0701b187c7a7": 3.8061395415352326, "0xf98091ca1bb8e23e08cb2ebb1ca170fcae3ad4f2": 3.7898723222994795, "0x3aa228a80f50763045bdfc45012da124bd0a6809": 3.774253283165562, "0x54eeb92cf8ad49c2cb4dc8c9eb5dc9538836016b": 3.7320909487633047, "0x00000000000006b2ab6decbc6fc7ec6bd2fbc720": 3.56024948025388, "0x8385c093657503aebd55bac4a9bb0df5d3528835": 3.403978634695765, "0x0c3de458b51a11da7d4616f42f66c861e3859d3e": 3.34028281842267, "0x64545160d28fd0e309277c02d6d73b3923cc4bfa": 3.333097565035946, "0x6b75d8af000000e20b7a7ddf000ba900b4009a80": 2.8888746043051796, "0x6980a47bee930a4584b09ee79ebe46484fbdbdd0": 2.8048528544752536, "0x00000000000747d525e898424e8774f7eb317d00": 2.742650264785297, "0x49bc3cec1fb7978746f742a4e485d0d601831cea": 2.7267211652885552, "0xce966ec69b1416359c1f88b1683ab239ba8620ed": 2.4751851662305677, "0x775c559d9a48ce5a8444c1035c3a8921ab477b8e": 2.4606839085095054, "0x18abedebf76e1e6fdeb3ae0a5dd06daa28112abf": 2.3161532731105345, "0xc4b3fadbfbb49a8ab2621ad0078ca447690aed26": 2.25171006348536, "0x493f461aead031cee2027f1b95370a692611acb9": 2.2349803034285336, "0x0000000000007f150bd6f54c40a34d7c3d5e9f56": 2.1777573268326123, "0x030f11dcba56b8038c3c94f056ea68dc7668630e": 1.9471576345004695, "0x53facee52e897740b140f5304e9cd9dc6238d735": 1.7345307945552113, "0x9ea3cda5c2adf0370454b9ee28786a068227b1a4": 1.6751852378091543, "0x7b9d4d8772b8705ddc7456daf821c3022dda0504": 1.629789, "0xf1645de0e8a40e99ebdfd0d03b0a1f5dab6a9976": 1.5456116977508008, "0x64f9db27a2394696bdf72ed95bf2ab3fad9ac91d": 1.5373012512934214, "0xf249cec5882bf45c028550de230aeb1a8f905597": 1.4760415456826461, "0x797a05dd6a8bfc1e1eaaa62e744d3aff197c46b1": 1.4730099454237735, "0xb0bababe78a9be0810fadf99dd2ed31ed12568be": 1.4220618989076264, "0x8f40a617a0839849e86992dc5f284fbae24d2288": 1.417420576, "0xf411fca55e1a892c9ba6d04abe5ca26ec1764d2b": 1.3761585200722086, "0x00000000003b3cc22af3ae1eac0440bcee416b40": 1.3710059802694663, "0xc5c9f6dda68422984a06a66a3d1aebd7d979a158": 1.361682, "0x2f7c1f1460aed2594a9977c58fa31c465591b287": 1.2933248250069391, "0x3511f837687ff7272a39a231cac1452ad71141fa": 1.261512, "0xe72889f88f279043206698c50b752fc6eb47b63f": 1.2609136230418208, "0x80d4230c0a68fc59cb264329d3a717fcaa472a13": 1.2327692259864669, "0x445947140f5e1b742439f6ee24a7690d077bbb89": 1.2150146204667356, "0x88fcc3d7627f2233c7efa46ce6d50fd020ef9638": 1.1992534599710443, "0xaf8887864653a612c928256943f073221e9fc1bf": 1.189217213548977, "0xcb3702bc25b0f284b032e5edf1a1ebea2fe43255": 1.168943275810141, "0xcc2687c14915fd68226ccf388842515739a739bd": 1.0811832393144212, "0xeef33b4779fc9e13b1e30691822d5f447d2161b8": 1.076495688777934, "0x5e638ac1700e5ad5f937df30cb5bbc51a5a4c1ec": 1.0752006155697225, "0x761d80987a36fc271875ea4de17539e8c82ae51d": 1.0278426695582357, "0x5519935e51fc403f6c69894e683f268c1883e938": 0.9872702885932451, "0xc758d5718147c8c5bc440098d623cf8d96b95b83": 0.9440978945477905, "0xed12310d5a37326e6506209c4838146950166760": 0.9338529478138646, "0xe4000004000bd8006e00720000d27d1fa000d43e": 0.8931751394648907, "0xe8cfad4c75a5e1caf939fd80afcf837dde340a69": 0.8188651733852788, "0xeaabd0e75e930f9f36b68be30202d47fd9b58b92": 0.7871688083874328, "0x95c0c8a41caaa33f22ff042dc4279ed2b4e74041": 0.7726798802747049, "0x4a137fd5e7a256ef08a7de531a17d0be0cc7b6b6": 0.7548618153361752, "0x12b6eba545e4a9666cb7a77d1da25df9ffb172f3": 0.7461157014467308, "0x8db64ee50717a0418adf9ad99d8685318d4d4579": 0.7046483766658999, "0x00980c7e1a0029d7a1d51400b100a1d548430000": 0.6955272086878552, "0xe27baebd7b14602de3797974db9f5f4f8dcb6679": 0.6699746638910076, "0x000000d40b595b94918a28b27d1e2c66f43a51d3": 0.6430966760868145, "0x0e9f655e69264fa2e03802afdd742689f5cad3cd": 0.6418587700484712, "0x63756a3c3bf677baab9d9e06457402ed05be8570": 0.609446473012558, "0x06d9ca334a8a74474e9b6ee31280c494321ae759": 0.5755049999999998, "0x0000000f9c4e004706afdca3b2f0c8f08838eb58": 0.5687447105444152, "0xcc5961aaa6ffceeccee4beabbfd5a271b2f56e7e": 0.547835530951958, "0x6af49606d941cda32de1ee94397dc821ceb09dac": 0.49880077887881075, "0x000000e1fddf4fe15db5f23ae3ee83c6a11e8dd1": 0.49402086811759627, "0x2f1d79860cf6ea3f4b3b734153b52815773c0638": 0.47065196945863275, "0x901996e18a3b15359a62ceb247647665fb8ade89": 0.4376357623735578, "0x000000000005af2ddc1a93a03e9b7014064d3b8d": 0.43698189585061287, "0xcfd4176f7975c70f800d87aeaca316270521595a": 0.4112985514288919, "0x24902aa0cf0000a08c0ea0b003b0c0bf600000e0": 0.3961615811901847, "0x838a5832eb19cfce692809f5b2de44b15380cda2": 0.39116954003165344, "0x6719c6ebf80d6499ca9ce170cda72beb3f1d1a54": 0.3696277825526512, "0x387d058d208e1b49bd192b0a14c4a75f171f0172": 0.35365919067487483, "0xf06434725b19cbaab053cb0b28f33818dca8630f": 0.3439251843279759, "0x767c8bb1574bee5d4fe35e27e0003c89d43c5121": 0.3092836400204047, "0x99b1817acb40e76c309e26b2face9da9eff55317": 0.28324217779684896, "0x0000000000c2f3017e5af636ea91bd68ec3888ed": 0.28156581587566537}