{"0xa69babef1ca67a37ffaf7a485dfff3382056e78c": 268.59123222032116, "0x51c72848c68a965f66fa7a88855f9f7784502a7f": 154.9925556924466, "0xfbeedcfe378866dab6abbafd8b2986f5c1768737": 32.152279067067695, "0x000000000dfde7deaf24138722987c9a6991e2d4": 22.785588103649715, "0x80a64c6d7f12c47b7c66c5b4e20e72bc1fcd5d9e": 20.33306249999994, "0x2deae6ce94d65ac1de19a1fc4bb160c4e02c92ef": 7.575686170353181, "0x32801ab1957aaad1c65289b51603373802b4e8bb": 6.355316367878954, "0x1a8962542908b704d01127aaeb27f0581555b078": 5.823868521329785, "0xbb83b1b240220e82a0a4ba8a6c9e9b044b225e56": 5.788379334553031, "0x6f1cdbbb4d53d226cf4b917bf768b94acbab6168": 5.538050521568135, "0x98c3d3183c4b8a650614ad179a1a98be0a8d6b8e": 5.417424146763206, "0x1fb421310ceacd0afb2a429bbb4682e522b38ecb": 5.224658610668379, "0x0c3de458b51a11da7d4616f42f66c861e3859d3e": 2.9618320093241755, "0xc758d5718147c8c5bc440098d623cf8d96b95b83": 2.9567367954941295, "0xe6ae75be7c9317af842b8f2c2cd6dc7f49f17184": 2.7706237893925074, "0x8385c093657503aebd55bac4a9bb0df5d3528835": 2.768739990614832, "0x775c559d9a48ce5a8444c1035c3a8921ab477b8e": 2.7098060619428512, "0x63756a3c3bf677baab9d9e06457402ed05be8570": 2.375925640537824, "0x356cfd6e6d0000400000003900b415f80669009e": 1.9277969788973517, "0x6bbe6b6f726c08a8e447cbbc7573c880339c4e2a": 1.8957808853993647, "0x18abedebf76e1e6fdeb3ae0a5dd06daa28112abf": 1.8703304200000004, "0x4ddc7d0661f28205f45c9caf787095a96e356ffd": 1.548656045648433, "0xcfd4176f7975c70f800d87aeaca316270521595a": 1.5364358608258, "0x000000e1fddf4fe15db5f23ae3ee83c6a11e8dd1": 1.51088036303477, "0x9ea3cda5c2adf0370454b9ee28786a068227b1a4": 1.2457849227300302, "0x0e9f655e69264fa2e03802afdd742689f5cad3cd": 1.1234537249859073, "0x797a05dd6a8bfc1e1eaaa62e744d3aff197c46b1": 1.0477148454521408, "0xce66faca3e5e033b9513255d09adb178e4a45a3c": 0.7712917856170888, "0x7b9d4d8772b8705ddc7456daf821c3022dda0504": 0.7210770000000001, "0x13f1c719c7114ac47d3f6ce8597a8c55ec7983da": 0.7114165384749881, "0x06d9ca334a8a74474e9b6ee31280c494321ae759": 0.6581819999999999, "0x3511f837687ff7272a39a231cac1452ad71141fa": 0.6257369999999999, "0x4a137fd5e7a256ef08a7de531a17d0be0cc7b6b6": 0.5930249874808511, "0xcc5961aaa6ffceeccee4beabbfd5a271b2f56e7e": 0.571796313202427, "0x826a4f4da02588737d3c27325b14f39b5151ca3c": 0.5416853013873999, "0x0000e0ca771e21bd00057f54a68c30d400000000": 0.4930094668966326, "0x00000000000747d525e898424e8774f7eb317d00": 0.486202704198046, "0x2f1d79860cf6ea3f4b3b734153b52815773c0638": 0.4319003307414715, "0x5e638ac1700e5ad5f937df30cb5bbc51a5a4c1ec": 0.4191239702650199, "0xc8673922a2ca5415bcc2e2b2b8c607058d2375b0": 0.4013257738073292, "0xe12eac3ec3bede57d8b2529941f29cac80ae5aca": 0.39999999999999997}