{"0xa69babef1ca67a37ffaf7a485dfff3382056e78c": 551.4000988520195, "0x51c72848c68a965f66fa7a88855f9f7784502a7f": 158.53872747763555, "0x6f1cdbbb4d53d226cf4b917bf768b94acbab6168": 77.76124627281004, "0xe08beb8c48e71fd08560db2fbaaa0701b187c7a7": 53.78014229213126, "0xa0b18cdf5f395d98c061b753d8dedb28c7aee450": 34.70896711452942, "0x7b577a879665ef6ad344da61de7ec2371f6ff68f": 28.611623588120054, "0x000000000dfde7deaf24138722987c9a6991e2d4": 28.402912348405, "0x09850f8f1338a0b8c7d94dcc361e965b78d0175a": 23.423221122459037, "0x1a6155ff9305f6e8a83f40736029b50078c187f0": 20.93643830050863, "0x54eeb92cf8ad49c2cb4dc8c9eb5dc9538836016b": 20.559000939482477, "0xa52a64501e816016030511aea0445f1a97ee6694": 19.295499842722712, "0x14fcc715dfa45f9a2790e85d7f54cd06b5f61b07": 17.194, "0xd7f3fbe8c72a961a5515203eada59750437fa762": 17.106678311404387, "0xfbeedcfe378866dab6abbafd8b2986f5c1768737": 16.343973479450543, "0x752e87b5f1397e171d5383cec3d4c51a8d3c114b": 14.646449560013304, "0x1fb421310ceacd0afb2a429bbb4682e522b38ecb": 13.48391690422027, "0x5050e08626c499411b5d0e0b5af0e83d3fd82edf": 10.765817555255031, "0x98c3d3183c4b8a650614ad179a1a98be0a8d6b8e": 9.940140568039036, "0x00000000000006b2ab6decbc6fc7ec6bd2fbc720": 9.066837805464786, "0xe6ae75be7c9317af842b8f2c2cd6dc7f49f17184": 7.191922295914178, "0xf35be9a9a0d4b67e776115fa3b6381986379894d": 7.158004315175115, "0x67fd18ffedb11f820e54b43d54fa756d74f6add7": 7.037798533343619, "0x81153f0889ab398c4acb42cb58b565a5392bba95": 6.771097794607124, "0x3951fe8a4ee598566060c577838e4ddcc1ca13c1": 6.711280025687341, "0x775c559d9a48ce5a8444c1035c3a8921ab477b8e": 5.670005435910381, "0xff62dfadca3b5643d0b283571fe154d886580c0c": 5.113979128526344, "0x5571d62244423529a4bc3762fde757efeedcaa61": 3.9754864422385876, "0x06d9ca334a8a74474e9b6ee31280c494321ae759": 3.9653039999999993, "0x0c3de458b51a11da7d4616f42f66c861e3859d3e": 3.630584274641742, "0xe8cfad4c75a5e1caf939fd80afcf837dde340a69": 3.6027856941526557, "0xe4000004000bd8006e00720000d27d1fa000d43e": 3.5699619073061224, "0x493f461aead031cee2027f1b95370a692611acb9": 3.5576739215415563, "0x3aa228a80f50763045bdfc45012da124bd0a6809": 3.42549894643819, "0xc5a854bb08819db9f7ab61b7b25b55935504212b": 3.4001843370000002, "0x761d80987a36fc271875ea4de17539e8c82ae51d": 3.3660755843693044, "0x7776ebf769faf37ad9df8f6287b578a72dd9a777": 3.3444444444444446, "0x235c1fcd169a7e6ffca463f9c22d88beceeba62b": 3.3263522637258336, "0x28e261390adaa654f29dbe268109baf06e9b4cc4": 3.0556561452442828, "0xe27baebd7b14602de3797974db9f5f4f8dcb6679": 2.6260836457442034, "0x7b9d4d8772b8705ddc7456daf821c3022dda0504": 2.4453240000000003, "0x8385c093657503aebd55bac4a9bb0df5d3528835": 2.3288437261366823, "0x3511f837687ff7272a39a231cac1452ad71141fa": 2.1467039999999997, "0xc6fecdf760af24095cded954de7d81ab49f8bae1": 2.128581722263038, "0xe1ce310e3cb20073ff25b1a76faa7e032f41cf7c": 2.022414016641014, "0x49bc3cec1fb7978746f742a4e485d0d601831cea": 1.8982450661913934, "0xc5c9f6dda68422984a06a66a3d1aebd7d979a158": 1.7394509999999994, "0x53facee52e897740b140f5304e9cd9dc6238d735": 1.7062533056452711, "0x329e0e39d814d4ee6b45afa660b8a2f5fb23c298": 1.6867906253196705, "0x812c1e2ce48c2672b81b7711275df545cdf53655": 1.6266501999664078, "0x445947140f5e1b742439f6ee24a7690d077bbb89": 1.5882379800661444, "0x901996e18a3b15359a62ceb247647665fb8ade89": 1.5023746486402358, "0x1cdcec6630c99863fb1307c812691bc688f3e92e": 1.4992203760788947, "0x6719c6ebf80d6499ca9ce170cda72beb3f1d1a54": 1.391832353515296, "0x50555ffe42e011ff1c5cc4fa608aac963193f04f": 1.2907552899310142, "0x030f11dcba56b8038c3c94f056ea68dc7668630e": 1.2838705647239457, "0x000000000003750173a03a9055296acc36c6afb7": 1.247510792089089, "0x6e8d76bf316eb70d2ffe4ce5480449c65ea4b22a": 1.2310715356000002, "0xba3f5c056500ce033e9d74494b820d495efcf19d": 1.198405064365592, "0xd542b64ba3da971d7fc29138ccb4bc88a09794a8": 1.1670000000000003, "0x7d32c90762e22379235fc311fdb16fab399ed40a": 1.1491704140357206, "0xc11ce44147c9f6149fbe54adb0588523c38718d7": 1.1246347268389854, "0x12b6eba545e4a9666cb7a77d1da25df9ffb172f3": 1.0678408244370914, "0xf268035f5f7fa5bd43eb8b84723d880ec2748d81": 1.065704255508329, "0x99b1817acb40e76c309e26b2face9da9eff55317": 1.0235282698725279, "0x9ea3cda5c2adf0370454b9ee28786a068227b1a4": 1.021689327867437, "0x4a137fd5e7a256ef08a7de531a17d0be0cc7b6b6": 0.9435356511660408, "0x797a05dd6a8bfc1e1eaaa62e744d3aff197c46b1": 0.9148870939136124, "0x356cfd6e6d0000400000003900b415f80669009e": 0.8661225372932669, "0xf3d73e0b269af04e856b83034b319f247e1e1c9f": 0.8546560936646539, "0xfb5185b7f8c61f815b57de679bbc857f510352f7": 0.8176830358203812, "0x767c8bb1574bee5d4fe35e27e0003c89d43c5121": 0.8127101536429695, "0x5519935e51fc403f6c69894e683f268c1883e938": 0.8121354891149789, "0x00000000de337b4fff5fcbe4df67a85d0bad5d16": 0.776592159508855, "0x9e6939528b4b2bfd3ac984b69b64c1132303dc3b": 0.757391582, "0x50b8f49f4b2e80e09ce8015c4e7a9c277738fd3d": 0.7520425430608848, "0xeaabd0e75e930f9f36b68be30202d47fd9b58b92": 0.7110698543179366, "0xc758d5718147c8c5bc440098d623cf8d96b95b83": 0.7109455362066094, "0xcfd4176f7975c70f800d87aeaca316270521595a": 0.6746715538663779, "0xeeeeeeeedc84cf6c897c92a02d7e31e6524c935e": 0.6681652492502432, "0x95c0c8a41caaa33f22ff042dc4279ed2b4e74041": 0.6679460472258267, "0x1fc4b4bdf5162aa5e357041945c9333b2818adad": 0.6666771429321922, "0x0000000f9c4e004706afdca3b2f0c8f08838eb58": 0.6220187440274191, "0x838a5832eb19cfce692809f5b2de44b15380cda2": 0.6040797998096754, "0x46ca4961519b1eb91669badc526629f2c6690400": 0.5900000000000001, "0x387d058d208e1b49bd192b0a14c4a75f171f0172": 0.5668817442524777, "0xeef33b4779fc9e13b1e30691822d5f447d2161b8": 0.5593197848429635, "0x000000e1fddf4fe15db5f23ae3ee83c6a11e8dd1": 0.555309666273937, "0x2f1d79860cf6ea3f4b3b734153b52815773c0638": 0.4872654011157477, "0x8d7f71c25fb581b7ba2efbb10345d262d1852ff5": 0.47008984985579483, "0xd249942f6d417cbfdcb792b1229353b66c790726": 0.4511657198373719, "0xbc2c6cd5013585ac720160efcb1feced30837177": 0.4291664888053319, "0xd19dc09880685dd8cf60687d57936358582876b5": 0.42015903293762735, "0x63756a3c3bf677baab9d9e06457402ed05be8570": 0.41671424983862737, "0x6eb2850aa3a3b700a7a976dfb36ff2fee7bc1e62": 0.4098990265965316, "0x6af49606d941cda32de1ee94397dc821ceb09dac": 0.40670389436237797, "0x6f87f1fbf96c1bb0b0cc9bf6a456566919900d3e": 0.40018326285701394, "0xb8fda4a24fb520963584c18e614cc6624443f897": 0.3939001925318874, "0xf249cec5882bf45c028550de230aeb1a8f905597": 0.38847383092805554, "0x58c0369839e5db41488fb8c8d1994e5f9e8d9fd0": 0.3838001796923407, "0x88b50225472196eb85e13bcfc5a951ba2c7357cd": 0.37959284696970724, "0x0000000000c2f3017e5af636ea91bd68ec3888ed": 0.3618558627403721, "0x8db64ee50717a0418adf9ad99d8685318d4d4579": 0.3608198284084116, "0xa4882f4dd805fed45615bd8ed43cbbd9bf5d5a93": 0.35379433626300005, "0x5968ada261a84e19a6c85830e655647752585ed4": 0.34817027106192044, "0x1980bf6b31aff41285edaa30dacb32e5a88bbdfb": 0.34451252534560456, "0x359b09f67806cc4dba116a248a06f5f66b3b9037": 0.34228305119999997, "0xce66faca3e5e033b9513255d09adb178e4a45a3c": 0.33088603498699515, "0x4ecfa6c057d500f1a020c9327c893bd43ab59063": 0.3102, "0x475689d37309e829c3e646c863b1efec3734472a": 0.3083250054080293, "0xe2b6601667f0a6bd9f68441e2e0b81e4fcfbb2eb": 0.2820370341053941, "0x00000000f0b4b9973900fd541719cbbc1a5862d8": 0.2813037324311826, "0x00000000000747d525e898424e8774f7eb317d00": 0.2717558687114521, "0x5e638ac1700e5ad5f937df30cb5bbc51a5a4c1ec": 0.2673356399094996, "0xf06434725b19cbaab053cb0b28f33818dca8630f": 0.2597533528081226}