{"0xa69babef1ca67a37ffaf7a485dfff3382056e78c": 548.9576278281596, "0x51c72848c68a965f66fa7a88855f9f7784502a7f": 165.0250262120632, "0x6f1cdbbb4d53d226cf4b917bf768b94acbab6168": 76.85311272605324, "0xe08beb8c48e71fd08560db2fbaaa0701b187c7a7": 52.7886128690092, "0xa0b18cdf5f395d98c061b753d8dedb28c7aee450": 31.371504828341916, "0x7b577a879665ef6ad344da61de7ec2371f6ff68f": 28.799784343601733, "0x000000000dfde7deaf24138722987c9a6991e2d4": 25.25153915724615, "0x09850f8f1338a0b8c7d94dcc361e965b78d0175a": 23.429728061629913, "0x54eeb92cf8ad49c2cb4dc8c9eb5dc9538836016b": 19.95527404711096, "0xa52a64501e816016030511aea0445f1a97ee6694": 19.760556162230575, "0x1a6155ff9305f6e8a83f40736029b50078c187f0": 17.268561112142855, "0x14fcc715dfa45f9a2790e85d7f54cd06b5f61b07": 17.194, "0xd7f3fbe8c72a961a5515203eada59750437fa762": 16.85964273495248, "0xfbeedcfe378866dab6abbafd8b2986f5c1768737": 15.843096982712368, "0x752e87b5f1397e171d5383cec3d4c51a8d3c114b": 13.802589853259029, "0x1fb421310ceacd0afb2a429bbb4682e522b38ecb": 13.324920567615676, "0x5050e08626c499411b5d0e0b5af0e83d3fd82edf": 11.479375210325454, "0x00000000000006b2ab6decbc6fc7ec6bd2fbc720": 9.869546110852154, "0x98c3d3183c4b8a650614ad179a1a98be0a8d6b8e": 9.679280882590207, "0xe6ae75be7c9317af842b8f2c2cd6dc7f49f17184": 7.166315770806365, "0xf35be9a9a0d4b67e776115fa3b6381986379894d": 7.158004315175115, "0x3951fe8a4ee598566060c577838e4ddcc1ca13c1": 6.710461010087775, "0x67fd18ffedb11f820e54b43d54fa756d74f6add7": 6.533575685295927, "0x81153f0889ab398c4acb42cb58b565a5392bba95": 6.410623574915031, "0x28e261390adaa654f29dbe268109baf06e9b4cc4": 6.090909285604567, "0xc6fecdf760af24095cded954de7d81ab49f8bae1": 5.8953732805355745, "0x775c559d9a48ce5a8444c1035c3a8921ab477b8e": 5.690104947410229, "0xff62dfadca3b5643d0b283571fe154d886580c0c": 4.959451779068685, "0x235c1fcd169a7e6ffca463f9c22d88beceeba62b": 4.499157566531036, "0x493f461aead031cee2027f1b95370a692611acb9": 3.9095841589193707, "0x06d9ca334a8a74474e9b6ee31280c494321ae759": 3.868284, "0x0c3de458b51a11da7d4616f42f66c861e3859d3e": 3.8082563930243185, "0xe4000004000bd8006e00720000d27d1fa000d43e": 3.733500479676908, "0x5571d62244423529a4bc3762fde757efeedcaa61": 3.664306250945782, "0x3aa228a80f50763045bdfc45012da124bd0a6809": 3.426030024463797, "0xe8cfad4c75a5e1caf939fd80afcf837dde340a69": 3.375751167985193, "0xc5a854bb08819db9f7ab61b7b25b55935504212b": 3.2123795425523585, "0x767c8bb1574bee5d4fe35e27e0003c89d43c5121": 3.081403566619632, "0x761d80987a36fc271875ea4de17539e8c82ae51d": 3.0287413170905295, "0x7b9d4d8772b8705ddc7456daf821c3022dda0504": 2.4543120000000003, "0x6719c6ebf80d6499ca9ce170cda72beb3f1d1a54": 2.4175139504749366, "0xe27baebd7b14602de3797974db9f5f4f8dcb6679": 2.4140534879410636, "0x8385c093657503aebd55bac4a9bb0df5d3528835": 2.38679262449737, "0xf3d73e0b269af04e856b83034b319f247e1e1c9f": 2.199661452258276, "0x3511f837687ff7272a39a231cac1452ad71141fa": 2.169174, "0xe1ce310e3cb20073ff25b1a76faa7e032f41cf7c": 2.0791317234248097, "0x49bc3cec1fb7978746f742a4e485d0d601831cea": 1.9865968147889352, "0x4b4867541f6e756be4119a171b7da17a1558c463": 1.9742012853832953, "0x53facee52e897740b140f5304e9cd9dc6238d735": 1.8916000664473316, "0xc5c9f6dda68422984a06a66a3d1aebd7d979a158": 1.8625319999999994, "0x329e0e39d814d4ee6b45afa660b8a2f5fb23c298": 1.7276468972379546, "0x445947140f5e1b742439f6ee24a7690d077bbb89": 1.5026896672890246, "0x1cdcec6630c99863fb1307c812691bc688f3e92e": 1.4942336160242429, "0x000000000003750173a03a9055296acc36c6afb7": 1.3665950961207507, "0x901996e18a3b15359a62ceb247647665fb8ade89": 1.290811198166079, "0x50555ffe42e011ff1c5cc4fa608aac963193f04f": 1.2784664119246576, "0xba3f5c056500ce033e9d74494b820d495efcf19d": 1.275533092568284, "0x030f11dcba56b8038c3c94f056ea68dc7668630e": 1.236786354558137, "0x6e8d76bf316eb70d2ffe4ce5480449c65ea4b22a": 1.1754793132392, "0x4a137fd5e7a256ef08a7de531a17d0be0cc7b6b6": 1.0840799538230852, "0x812c1e2ce48c2672b81b7711275df545cdf53655": 1.0821960164489783, "0x7d32c90762e22379235fc311fdb16fab399ed40a": 1.0745553002125534, "0x12b6eba545e4a9666cb7a77d1da25df9ffb172f3": 1.0663149215658398, "0x9ea3cda5c2adf0370454b9ee28786a068227b1a4": 1.0327475440315381, "0xf268035f5f7fa5bd43eb8b84723d880ec2748d81": 0.9904504063644657, "0x0000000000c2f3017e5af636ea91bd68ec3888ed": 0.9407839688034734, "0x797a05dd6a8bfc1e1eaaa62e744d3aff197c46b1": 0.9063832902976285, "0xc11ce44147c9f6149fbe54adb0588523c38718d7": 0.8872909486475637, "0x5519935e51fc403f6c69894e683f268c1883e938": 0.8430652030899246, "0x50b8f49f4b2e80e09ce8015c4e7a9c277738fd3d": 0.8349532365819794, "0x5968ada261a84e19a6c85830e655647752585ed4": 0.7853793163271718, "0xfb5185b7f8c61f815b57de679bbc857f510352f7": 0.7825798264785297, "0xc758d5718147c8c5bc440098d623cf8d96b95b83": 0.7476237422514231, "0xbc2c6cd5013585ac720160efcb1feced30837177": 0.7403716663312989, "0x95c0c8a41caaa33f22ff042dc4279ed2b4e74041": 0.7333709279154483, "0xe9cbfec52ef797624ed941b0ed157607560f5167": 0.7198749960206305, "0x01e06725d25b573a2f73503198e3214223442cfc": 0.7145483886556092, "0x9e6939528b4b2bfd3ac984b69b64c1132303dc3b": 0.711, "0x356cfd6e6d0000400000003900b415f80669009e": 0.7067070309345265, "0x00000000de337b4fff5fcbe4df67a85d0bad5d16": 0.6950970697856755, "0x99b1817acb40e76c309e26b2face9da9eff55317": 0.6843137304149477, "0xcfd4176f7975c70f800d87aeaca316270521595a": 0.6716476581865, "0xeeeeeeeedc84cf6c897c92a02d7e31e6524c935e": 0.6681652492502432, "0xeef33b4779fc9e13b1e30691822d5f447d2161b8": 0.6634978071900711, "0x838a5832eb19cfce692809f5b2de44b15380cda2": 0.6633635912203683, "0x8d7f71c25fb581b7ba2efbb10345d262d1852ff5": 0.6471925043863437, "0x1fc4b4bdf5162aa5e357041945c9333b2818adad": 0.5904860350571404, "0x00a2712e3200e89c6b8500b2da5c6c9431330000": 0.5836083550151892, "0xd249942f6d417cbfdcb792b1229353b66c790726": 0.5800276523504032, "0x0000000f9c4e004706afdca3b2f0c8f08838eb58": 0.5679358141845668, "0x387d058d208e1b49bd192b0a14c4a75f171f0172": 0.565536812604927, "0x3ea855779010d85e3d21c2eac35be056e174519c": 0.5552620077021932, "0x46ca4961519b1eb91669badc526629f2c6690400": 0.55, "0x000000e1fddf4fe15db5f23ae3ee83c6a11e8dd1": 0.5492491171307111, "0x2f1d79860cf6ea3f4b3b734153b52815773c0638": 0.4931464911157477, "0xb8fda4a24fb520963584c18e614cc6624443f897": 0.48305559082943716, "0xd19dc09880685dd8cf60687d57936358582876b5": 0.47642464756975295, "0x6eb2850aa3a3b700a7a976dfb36ff2fee7bc1e62": 0.45557688033995514, "0x767af52d988d1241a346851a1b39ccd11357376e": 0.41668807988529283, "0x63756a3c3bf677baab9d9e06457402ed05be8570": 0.4089195762192185, "0x5550d13389bb70f45fcef58f19f6b6e87f6e747d": 0.3891332079885491, "0xf06434725b19cbaab053cb0b28f33818dca8630f": 0.38079504234390943, "0x9c33b80491e09d157db9d93f66375bf1994fce10": 0.36757558583050953, "0x0b176c2a8905abd2ce194d7e1780b42f06bf99d5": 0.3650542512753648, "0x8db64ee50717a0418adf9ad99d8685318d4d4579": 0.3603598699216, "0x6f87f1fbf96c1bb0b0cc9bf6a456566919900d3e": 0.3574707983011019, "0x359b09f67806cc4dba116a248a06f5f66b3b9037": 0.3481317852, "0xeaabd0e75e930f9f36b68be30202d47fd9b58b92": 0.34407921924991813, "0xce66faca3e5e033b9513255d09adb178e4a45a3c": 0.3411630116099369, "0x5e638ac1700e5ad5f937df30cb5bbc51a5a4c1ec": 0.3371663046117127, "0x82c432d80dce8b7e14805583fc4972f3dbf2336f": 0.32615850291645854, "0xdb387e5f428d53102b7535819de26225e7502c80": 0.3209877275637593, "0x00000000f0b4b9973900fd541719cbbc1a5862d8": 0.31931824020681127, "0xdcd096340cccbadcdaebc26827449f04d48282d5": 0.3154454157558275, "0x1c1c35c5f461dff36c652ead11b89208df3bc753": 0.3154197018201713, "0x4ecfa6c057d500f1a020c9327c893bd43ab59063": 0.3102, "0x475689d37309e829c3e646c863b1efec3734472a": 0.3083250054080293, "0x1c073d5045b1abb6924d5f0f8b2f667b1653a4c3": 0.2954085605967741, "0xcf8b0f9422084695ef702bfce33976982ff3304b": 0.28530757505338605, "0x58c0369839e5db41488fb8c8d1994e5f9e8d9fd0": 0.28187363804783955, "0xfd0000000100069ad1670066004306009b487ad7": 0.27141106837512907, "0xbfb2e0239397e4388dc91dd44b953d83a5db3386": 0.2664302835316132}