{"0xa69babef1ca67a37ffaf7a485dfff3382056e78c": 224.59824842431556, "0x51c72848c68a965f66fa7a88855f9f7784502a7f": 148.70368378192845, "0x7b577a879665ef6ad344da61de7ec2371f6ff68f": 26.347153276424617, "0x6f1cdbbb4d53d226cf4b917bf768b94acbab6168": 25.822906197906818, "0x09850f8f1338a0b8c7d94dcc361e965b78d0175a": 22.569270938110222, "0xa52a64501e816016030511aea0445f1a97ee6694": 21.240185507637907, "0xd7f3fbe8c72a961a5515203eada59750437fa762": 20.603962426332593, "0x777c9f26049cd75ca0f60143c6b723b95d0c6777": 18.074015376037803, "0xc6fecdf760af24095cded954de7d81ab49f8bae1": 17.495125995135183, "0xe08beb8c48e71fd08560db2fbaaa0701b187c7a7": 16.03579755544156, "0x54eeb92cf8ad49c2cb4dc8c9eb5dc9538836016b": 16.002207884637183, "0x6980a47bee930a4584b09ee79ebe46484fbdbdd0": 15.811650596447597, "0xf592225866662817e4b5a97028223b808bcc64d2": 10.631000000000002, "0x5050e08626c499411b5d0e0b5af0e83d3fd82edf": 10.597763086745024, "0xfbeedcfe378866dab6abbafd8b2986f5c1768737": 10.424578784194187, "0x98c3d3183c4b8a650614ad179a1a98be0a8d6b8e": 9.572277747214047, "0x1fb421310ceacd0afb2a429bbb4682e522b38ecb": 9.413024013692448, "0xa0b18cdf5f395d98c061b753d8dedb28c7aee450": 9.382990126905344, "0xbb83b1b240220e82a0a4ba8a6c9e9b044b225e56": 7.394811858418373, "0x000000000dfde7deaf24138722987c9a6991e2d4": 7.0896598138491305, "0x752e87b5f1397e171d5383cec3d4c51a8d3c114b": 6.56263788099109, "0xf35be9a9a0d4b67e776115fa3b6381986379894d": 6.436726180327297, "0x81153f0889ab398c4acb42cb58b565a5392bba95": 5.553818401908785, "0xe6ae75be7c9317af842b8f2c2cd6dc7f49f17184": 5.167531704831364, "0x67fd18ffedb11f820e54b43d54fa756d74f6add7": 4.721956404779326, "0x70c66f3ce5a5387a70e2773d054eff572525c6f4": 4.692883995221676, "0x28e261390adaa654f29dbe268109baf06e9b4cc4": 4.183312423953046, "0x0c3de458b51a11da7d4616f42f66c861e3859d3e": 4.1604178519455095, "0xe8cfad4c75a5e1caf939fd80afcf837dde340a69": 3.843065503950155, "0xe4000004000bd8006e00720000d27d1fa000d43e": 3.7060344126204328, "0xe9cbfec52ef797624ed941b0ed157607560f5167": 3.5129448083562984, "0x3aa228a80f50763045bdfc45012da124bd0a6809": 3.503869527979454, "0xc5a854bb08819db9f7ab61b7b25b55935504212b": 3.265391999504453, "0x6e8d76bf316eb70d2ffe4ce5480449c65ea4b22a": 3.2213787339, "0x1a6155ff9305f6e8a83f40736029b50078c187f0": 3.113526814742793, "0xe1ce310e3cb20073ff25b1a76faa7e032f41cf7c": 3.1081707649533903, "0x775c559d9a48ce5a8444c1035c3a8921ab477b8e": 3.0390121880425522, "0x493f461aead031cee2027f1b95370a692611acb9": 3.003206470136948, "0x64f9db27a2394696bdf72ed95bf2ab3fad9ac91d": 2.946110493768819, "0x767c8bb1574bee5d4fe35e27e0003c89d43c5121": 2.8694127805770915, "0x7b9d4d8772b8705ddc7456daf821c3022dda0504": 2.683212000000001, "0xf268035f5f7fa5bd43eb8b84723d880ec2748d81": 2.4398585904008847, "0x235c1fcd169a7e6ffca463f9c22d88beceeba62b": 2.3907606654718103, "0xc5c9f6dda68422984a06a66a3d1aebd7d979a158": 2.370711, "0xc11ce44147c9f6149fbe54adb0588523c38718d7": 2.1341170903437106, "0x5571d62244423529a4bc3762fde757efeedcaa61": 2.1237046940544158, "0x4cc1a10615eb5e1784f595de82b2e3a7455d7519": 2.031794491578652, "0x49bc3cec1fb7978746f742a4e485d0d601831cea": 2.0311924319494916, "0x8385c093657503aebd55bac4a9bb0df5d3528835": 1.9942294352356034, "0x4b4867541f6e756be4119a171b7da17a1558c463": 1.8987944561771712, "0xe27baebd7b14602de3797974db9f5f4f8dcb6679": 1.8257663792634446, "0xaf8887864653a612c928256943f073221e9fc1bf": 1.819942203055705, "0x761d80987a36fc271875ea4de17539e8c82ae51d": 1.6940820161431427, "0xaafb85ad4a412dd8adc49611496a7695a22f4aeb": 1.6677044929039468, "0xd19dc09880685dd8cf60687d57936358582876b5": 1.5649011090677971, "0xeeeeeeeedc84cf6c897c92a02d7e31e6524c935e": 1.5385398031473887, "0x06d9ca334a8a74474e9b6ee31280c494321ae759": 1.472037, "0x445947140f5e1b742439f6ee24a7690d077bbb89": 1.432515385003935, "0x3511f837687ff7272a39a231cac1452ad71141fa": 1.4071889999999996, "0x6719c6ebf80d6499ca9ce170cda72beb3f1d1a54": 1.3546533063516233, "0xbc2c6cd5013585ac720160efcb1feced30837177": 1.3470466056712833, "0xeef33b4779fc9e13b1e30691822d5f447d2161b8": 1.3152974547718883, "0x000000000003750173a03a9055296acc36c6afb7": 1.2618351364094038, "0x9705b569ce3d1ddbe421c7b3b4e495445b096160": 1.183358008586174, "0x00000000f0b4b9973900fd541719cbbc1a5862d8": 1.1377527714330498, "0x030f11dcba56b8038c3c94f056ea68dc7668630e": 1.1050233448282774, "0x36a7141537e064b7679b412acf866f20f06420ff": 1.0874816175188542, "0x50b8f49f4b2e80e09ce8015c4e7a9c277738fd3d": 1.0582407937019047, "0x99b1817acb40e76c309e26b2face9da9eff55317": 0.9739634076917847, "0x9ea3cda5c2adf0370454b9ee28786a068227b1a4": 0.9018458178339743, "0xcf8b0f9422084695ef702bfce33976982ff3304b": 0.8801137624307787, "0x5e638ac1700e5ad5f937df30cb5bbc51a5a4c1ec": 0.8772305650827054, "0x838a5832eb19cfce692809f5b2de44b15380cda2": 0.8725907684856383, "0x797a05dd6a8bfc1e1eaaa62e744d3aff197c46b1": 0.8598173097203182, "0x7d32c90762e22379235fc311fdb16fab399ed40a": 0.8594881064889561, "0x1fc4b4bdf5162aa5e357041945c9333b2818adad": 0.8359106928066137, "0x5968ada261a84e19a6c85830e655647752585ed4": 0.8173069965309712, "0xba3f5c056500ce033e9d74494b820d495efcf19d": 0.7819948016865591, "0x0e9f655e69264fa2e03802afdd742689f5cad3cd": 0.7482424230152717, "0x000000e1fddf4fe15db5f23ae3ee83c6a11e8dd1": 0.7137983107286126, "0x95c0c8a41caaa33f22ff042dc4279ed2b4e74041": 0.712794206606027, "0xc758d5718147c8c5bc440098d623cf8d96b95b83": 0.7001627340785999, "0xfb5185b7f8c61f815b57de679bbc857f510352f7": 0.6798658444830944, "0xcfd4176f7975c70f800d87aeaca316270521595a": 0.6513493843306598, "0xbf0ed784258686c41aacad38e642e79ad5e5bc17": 0.6103970469233171, "0xf411fca55e1a892c9ba6d04abe5ca26ec1764d2b": 0.6082453869248228, "0x5519935e51fc403f6c69894e683f268c1883e938": 0.6018406606839136, "0x3ea855779010d85e3d21c2eac35be056e174519c": 0.5834985583819163, "0x1c073d5045b1abb6924d5f0f8b2f667b1653a4c3": 0.5784100948652161, "0x387d058d208e1b49bd192b0a14c4a75f171f0172": 0.5516152085338357, "0x4ecfa6c057d500f1a020c9327c893bd43ab59063": 0.510023324064, "0x901996e18a3b15359a62ceb247647665fb8ade89": 0.5081447238623686, "0x00000000de337b4fff5fcbe4df67a85d0bad5d16": 0.49026887378378947, "0x0000000000c2f3017e5af636ea91bd68ec3888ed": 0.4849853451971851, "0x356cfd6e6d0000400000003900b415f80669009e": 0.48405375403073375, "0xe85c010b2d1535a8ac8dc685361a1ece78c925fb": 0.4808961348926815, "0x4a137fd5e7a256ef08a7de531a17d0be0cc7b6b6": 0.47978930587570734, "0x8db64ee50717a0418adf9ad99d8685318d4d4579": 0.47470125198922053, "0xf06434725b19cbaab053cb0b28f33818dca8630f": 0.4626237087845581, "0x0110b81f460d8ca0930404274961ffcbda8a8d05": 0.44077541091990297, "0x6d09784067355fba037fe02cd070cef91033d0a3": 0.4345669343749548, "0x24902aa0cf0000a08c0ea0b003b0c0bf600000e0": 0.422189082181257, "0x0000000f9c4e004706afdca3b2f0c8f08838eb58": 0.40488397304763624, "0xeaabd0e75e930f9f36b68be30202d47fd9b58b92": 0.3728108515862491, "0x329e0e39d814d4ee6b45afa660b8a2f5fb23c298": 0.3624421213364072, "0x6238ade2130b9fae38447abcdf0130890972b38a": 0.3500569250213462, "0x8d7f71c25fb581b7ba2efbb10345d262d1852ff5": 0.34943872343535837, "0x359b09f67806cc4dba116a248a06f5f66b3b9037": 0.348, "0x12b6eba545e4a9666cb7a77d1da25df9ffb172f3": 0.33787660530348596, "0x0000690000a5fe503ac89500eb11519c2dc00084": 0.32941055323544716, "0x7758fdf11081bc823c2826598d574a7827784910": 0.3261028110902699, "0x89f0455b15cf3dd97e7ff718125d7cf5f01c595d": 0.323620661087459, "0x46ca4961519b1eb91669badc526629f2c6690400": 0.31505000000000005, "0x63756a3c3bf677baab9d9e06457402ed05be8570": 0.3139312761115243, "0x767af52d988d1241a346851a1b39ccd11357376e": 0.31153960197842856, "0x82c432d80dce8b7e14805583fc4972f3dbf2336f": 0.3048659471127103, "0xf06c1c67a19e46475ef1c1bfd9c5ff4cd8fe5229": 0.2992988676322785, "0xfd0f79bd0c555e47842e9cd6b7f799eff9098d00": 0.29852067572402297, "0x9e6939528b4b2bfd3ac984b69b64c1132303dc3b": 0.29500000000000004, "0x5f1ad7d3f545088192ad45b6700840039f5a0482": 0.2812444205848607, "0xdc3e874d34bc48491422425a3fa797d855cecbc3": 0.27870550142397665, "0x01bd2da640345f1c29831b7cef9a434298408172": 0.26560669226234473,