{"0xa69babef1ca67a37ffaf7a485dfff3382056e78c": 381.2950650198223, "0x51c72848c68a965f66fa7a88855f9f7784502a7f": 169.11114619004158, "0xc6fecdf760af24095cded954de7d81ab49f8bae1": 31.562764108063128, "0xd7f3fbe8c72a961a5515203eada59750437fa762": 28.884871299537764, "0x6f1cdbbb4d53d226cf4b917bf768b94acbab6168": 26.063209990456464, "0x7b577a879665ef6ad344da61de7ec2371f6ff68f": 23.91767685987584, "0xe08beb8c48e71fd08560db2fbaaa0701b187c7a7": 21.37247695841332, "0xa52a64501e816016030511aea0445f1a97ee6694": 20.68862160299997, "0x1ad0f59b4d47aaca637592bdf0f10a8d66533652": 20.361555825452232, "0x777c9f26049cd75ca0f60143c6b723b95d0c6777": 17.7, "0x5050e08626c499411b5d0e0b5af0e83d3fd82edf": 13.699949983472187, "0x000000000dfde7deaf24138722987c9a6991e2d4": 12.474394104633337, "0xf592225866662817e4b5a97028223b808bcc64d2": 10.631000000000002, "0xf35be9a9a0d4b67e776115fa3b6381986379894d": 10.45550344089705, "0x98c3d3183c4b8a650614ad179a1a98be0a8d6b8e": 10.367907525042423, "0xfbeedcfe378866dab6abbafd8b2986f5c1768737": 10.278152988545262, "0x1fb421310ceacd0afb2a429bbb4682e522b38ecb": 9.461233668467099, "0x54eeb92cf8ad49c2cb4dc8c9eb5dc9538836016b": 8.090180436159063, "0xbb83b1b240220e82a0a4ba8a6c9e9b044b225e56": 7.509273442935306, "0x6e8d76bf316eb70d2ffe4ce5480449c65ea4b22a": 6.546588883000002, "0xaafb85ad4a412dd8adc49611496a7695a22f4aeb": 6.3211958753495185, "0x3aa228a80f50763045bdfc45012da124bd0a6809": 5.966895164884264, "0x70c66f3ce5a5387a70e2773d054eff572525c6f4": 5.74993938286514, "0x67fd18ffedb11f820e54b43d54fa756d74f6add7": 5.242981714275621, "0x9705b569ce3d1ddbe421c7b3b4e495445b096160": 5.242337817946949, "0x81153f0889ab398c4acb42cb58b565a5392bba95": 5.050970038256406, "0xe6ae75be7c9317af842b8f2c2cd6dc7f49f17184": 4.970809061236717, "0x49bc3cec1fb7978746f742a4e485d0d601831cea": 4.879814694407818, "0x2f7c1f1460aed2594a9977c58fa31c465591b287": 4.2869107210617505, "0x0c3de458b51a11da7d4616f42f66c861e3859d3e": 3.6962821007632822, "0x95c0c8a41caaa33f22ff042dc4279ed2b4e74041": 3.591699541956783, "0xe9cbfec52ef797624ed941b0ed157607560f5167": 3.5129448083562984, "0xf268035f5f7fa5bd43eb8b84723d880ec2748d81": 3.2148722236644107, "0xe8cfad4c75a5e1caf939fd80afcf837dde340a69": 3.1642698968335674, "0x1cdcec6630c99863fb1307c812691bc688f3e92e": 2.889643342355538, "0x6719c6ebf80d6499ca9ce170cda72beb3f1d1a54": 2.8294268897525976, "0x00000000000747d525e898424e8774f7eb317d00": 2.8222990622676614, "0x18abedebf76e1e6fdeb3ae0a5dd06daa28112abf": 2.610708107541662, "0x493f461aead031cee2027f1b95370a692611acb9": 2.6035690171165538, "0x8385c093657503aebd55bac4a9bb0df5d3528835": 2.538863295373129, "0x775c559d9a48ce5a8444c1035c3a8921ab477b8e": 2.33546574710628, "0xc5c9f6dda68422984a06a66a3d1aebd7d979a158": 2.2746780000000006, "0x4b4867541f6e756be4119a171b7da17a1558c463": 1.9415728942966988, "0x030f11dcba56b8038c3c94f056ea68dc7668630e": 1.8355583136156064, "0xe1ce310e3cb20073ff25b1a76faa7e032f41cf7c": 1.8354205957648095, "0xe4000004000bd8006e00720000d27d1fa000d43e": 1.8266623757614198, "0x00000000f0b4b9973900fd541719cbbc1a5862d8": 1.8264625847031173, "0x235c1fcd169a7e6ffca463f9c22d88beceeba62b": 1.8057818880404712, "0x3511f837687ff7272a39a231cac1452ad71141fa": 1.6593779999999998, "0x7b9d4d8772b8705ddc7456daf821c3022dda0504": 1.5976379999999994, "0xeef33b4779fc9e13b1e30691822d5f447d2161b8": 1.4566425643526006, "0xaf8887864653a612c928256943f073221e9fc1bf": 1.4098977489439406, "0xca8acfdcee7531be980e7670d9e6b80b8c2e08dc": 1.3918078644019762, "0x761d80987a36fc271875ea4de17539e8c82ae51d": 1.3667118941163319, "0xc5a854bb08819db9f7ab61b7b25b55935504212b": 1.3631000000000002, "0x9ea3cda5c2adf0370454b9ee28786a068227b1a4": 1.3491715228180479, "0x5e638ac1700e5ad5f937df30cb5bbc51a5a4c1ec": 1.3097557261717707, "0x767c8bb1574bee5d4fe35e27e0003c89d43c5121": 1.2968670800164128, "0x445947140f5e1b742439f6ee24a7690d077bbb89": 1.2453981633309954, "0x0e9f655e69264fa2e03802afdd742689f5cad3cd": 1.2396865849727954, "0xe72889f88f279043206698c50b752fc6eb47b63f": 1.2208370007771219, "0xf249cec5882bf45c028550de230aeb1a8f905597": 1.1642487442449139, "0xba3f5c056500ce033e9d74494b820d495efcf19d": 1.1054426441685885, "0x28e261390adaa654f29dbe268109baf06e9b4cc4": 1.1025814033868209, "0x06d9ca334a8a74474e9b6ee31280c494321ae759": 1.0983209999999999, "0x901996e18a3b15359a62ceb247647665fb8ade89": 1.0743088075546015, "0xbf0ed784258686c41aacad38e642e79ad5e5bc17": 1.067834628393465, "0x5571d62244423529a4bc3762fde757efeedcaa61": 1.0647073568585348, "0xc758d5718147c8c5bc440098d623cf8d96b95b83": 0.9647156169745162, "0xc11ce44147c9f6149fbe54adb0588523c38718d7": 0.937165575146327, "0x12b6eba545e4a9666cb7a77d1da25df9ffb172f3": 0.9159880483101163, "0x000000e1fddf4fe15db5f23ae3ee83c6a11e8dd1": 0.8959832808421718, "0xbc2c6cd5013585ac720160efcb1feced30837177": 0.8849360905742255, "0xeeeeeeeedc84cf6c897c92a02d7e31e6524c935e": 0.8703745538971454, "0xe27baebd7b14602de3797974db9f5f4f8dcb6679": 0.8676228267793331, "0x8f40a617a0839849e86992dc5f284fbae24d2288": 0.8616666666666667, "0x00980c7e1a0029d7a1d51400b100a1d548430000": 0.8090623948526602, "0x4a137fd5e7a256ef08a7de531a17d0be0cc7b6b6": 0.7889306830971916, "0x0000000f9c4e004706afdca3b2f0c8f08838eb58": 0.7757413423141167, "0xe93a6153a92260041fd751d9aba84cf7bf3f69e0": 0.7599164627932181, "0x5519935e51fc403f6c69894e683f268c1883e938": 0.747457547302959, "0xd19dc09880685dd8cf60687d57936358582876b5": 0.7043249493775852, "0xcf8b0f9422084695ef702bfce33976982ff3304b": 0.6741038898372353, "0x09850f8f1338a0b8c7d94dcc361e965b78d0175a": 0.6657278045352638, "0x797a05dd6a8bfc1e1eaaa62e744d3aff197c46b1": 0.6513267231521983, "0x1e81b798bb3dc83d8c95828ef105dd3ad39e4bf0": 0.6415547783303556, "0xfb5185b7f8c61f815b57de679bbc857f510352f7": 0.6365027148164313, "0xcfa6af75a34dce9e2742e22898f8500000000766": 0.6322338688516481, "0x3e0918f43458db9f02d7ca915cc422204619f5a5": 0.6270234336794527, "0xcc5961aaa6ffceeccee4beabbfd5a271b2f56e7e": 0.6140180627311386, "0x329e0e39d814d4ee6b45afa660b8a2f5fb23c298": 0.5955277550547038, "0x8db64ee50717a0418adf9ad99d8685318d4d4579": 0.5664414010669512, "0x387d058d208e1b49bd192b0a14c4a75f171f0172": 0.5544749420383442, "0x99b1817acb40e76c309e26b2face9da9eff55317": 0.544928210846644, "0x64f9db27a2394696bdf72ed95bf2ab3fad9ac91d": 0.48794503198420924, "0x5968ada261a84e19a6c85830e655647752585ed4": 0.47164571546488243, "0x838a5832eb19cfce692809f5b2de44b15380cda2": 0.4686104673785819, "0xcfd4176f7975c70f800d87aeaca316270521595a": 0.4583753025320074, "0xdb387e5f428d53102b7535819de26225e7502c80": 0.45023902048652215, "0x01bd2da640345f1c29831b7cef9a434298408172": 0.4420078709241504, "0x87a6f03b0b03e16c3579ac4074d2ac6584517c2c": 0.41264226300000006, "0x7d32c90762e22379235fc311fdb16fab399ed40a": 0.40490591171663337, "0x24902aa0cf0000a08c0ea0b003b0c0bf600000e0": 0.38451300266211214, "0x89f0455b15cf3dd97e7ff718125d7cf5f01c595d": 0.3681335909996746, "0xeaabd0e75e930f9f36b68be30202d47fd9b58b92": 0.36499818907978965, "0x2f1d79860cf6ea3f4b3b734153b52815773c0638": 0.35632514782759006, "0x6af49606d941cda32de1ee94397dc821ceb09dac": 0.3397859028366714, "0x752e87b5f1397e171d5383cec3d4c51a8d3c114b": 0.33415569796574146, "0x7758fdf11081bc823c2826598d574a7827784910": 0.3261028110902699, "0x88fcc3d7627f2233c7efa46ce6d50fd020ef9638": 0.32488617320922064, "0x63756a3c3bf677baab9d9e06457402ed05be8570": 0.315493332715414, "0x0000000000c2f3017e5af636ea91bd68ec3888ed": 0.3044489942896602, "0x01e06725d25b573a2f73503198e3214223442cfc": 0.300412290577894}