{"Titantitanbuilderxyz": {"0xbc2c6cd5013585ac720160efcb1feced30837177": 7.99859428236e+16, "0xc245ec56b3cfd138da373b8a3d1da048f372862e": 3.26843628654e+16, "0x81153f0889ab398c4acb42cb58b565a5392bba95": 2.7456e+16, "0x000000000000be0ab658f92dddac29d6df19a3be": 2.236576216528924e+16, "0x0c3de458b51a11da7d4616f42f66c861e3859d3e": 9884184704356950.0, "0x38f935e58ee761352aa40c30284c4a4ac6596dc9": 9486366127334784.0}, "beaverbuildorg": {"0xe8cfad4c75a5e1caf939fd80afcf837dde340a69": 1.159713612282936e+17, "0x767c8bb1574bee5d4fe35e27e0003c89d43c5121": 3.853492491866295e+16, "0x99b1817acb40e76c309e26b2face9da9eff55317": 3.43810756077e+16, "0xede60dc204dc707678a1904e6f1d039c895a8656": 2.62890197828e+16, "0x3fa6fff7212d3fa4317cf1955fa690993d8ced70": 1.8995086895656244e+16, "0x0110b81f460d8ca0930404274961ffcbda8a8d05": 1.5579942015721184e+16, "0x16bc590b14d8f64b0e730677ecc34f831423ce0d": 1.160765503267212e+16, "0x38f935e58ee761352aa40c30284c4a4ac6596dc9": 9877998639041988.0, "0xd249942f6d417cbfdcb792b1229353b66c790726": 8000934161459175.0}, "builder0x69": {"0x38f935e58ee761352aa40c30284c4a4ac6596dc9": 9593453778009136.0}, "rsyncbuilder": {"0xe4000004000bd8006e00720000d27d1fa000d43e": 5.219409247001674e+17, "0xd19dc09880685dd8cf60687d57936358582876b5": 1.1916336313433188e+16}, "rsyncbuilderxyz": {"0x51c72848c68a965f66fa7a88855f9f7784502a7f": 1.557036194294196e+16, "0xe8cfad4c75a5e1caf939fd80afcf837dde340a69": 1.0753998924209472e+16}, "IlluminateDmocratizeDstribute": {"0x000000000dfde7deaf24138722987c9a6991e2d4": 2.80047813808e+17}, "MadeonthemoonbyBlocknative": {"0x767af52d988d1241a346851a1b39ccd11357376e": 1.101423723771728e+16}, "bybuilder0x69": {"0x0000000000c2f3017e5af636ea91bd68ec3888ed": 1.274585918718659e+16}, "BuildAIhttpsbuildainet": {"0x767c8bb1574bee5d4fe35e27e0003c89d43c5121": 1.416515538995676e+16}, "vanilla_builder": {"0x43d037a562099a4c2c95b1e2120cc43054450629": 3.23939495984e+16}, "AssembleddelicatelybyBeelder": {"0xe8cfad4c75a5e1caf939fd80afcf837dde340a69": 4.739421474582762e+16}}