{"0x7fb89bb24163d3f5fd7a84ef3a2d0b00d5671b85": 3.28985e+18, "0xf3d73e0b269af04e856b83034b319f247e1e1c9f": 2.8170754679928576e+18, "0xe8cfad4c75a5e1caf939fd80afcf837dde340a69": 1.1497277033236695e+18, "0x767c8bb1574bee5d4fe35e27e0003c89d43c5121": 1.1016753711520595e+18, "0x99b1817acb40e76c309e26b2face9da9eff55317": 7.3053169072995e+17, "0xe1ce310e3cb20073ff25b1a76faa7e032f41cf7c": 7.033239144032897e+17, "0xbc2c6cd5013585ac720160efcb1feced30837177": 6.450111090412e+17, "0x51c72848c68a965f66fa7a88855f9f7784502a7f": 6.367225182472398e+17, "0x5c2047f54d2d518ee05a90d29ffc1968ae079ae1": 6.16001835108e+17, "0x0000000000c2f3017e5af636ea91bd68ec3888ed": 3.077843803726514e+17, "0x6719c6ebf80d6499ca9ce170cda72beb3f1d1a54": 2.583605485421166e+17, "0xb5faedcafd459248690efa2228b38b6912020489": 2.4669591723025002e+17, "0xd70141861e0a6929b7c7e4aabf4f54962a8da451": 2.3695054749601e+17, "0xc11ce44147c9f6149fbe54adb0588523c38718d7": 2.32690936105476e+17, "0x59167c4293484ef6ecccc6e0ca6a87461d23f34b": 2.1502153853277274e+17, "0x000000000dfde7deaf24138722987c9a6991e2d4": 1.88001404126e+17, "0x767af52d988d1241a346851a1b39ccd11357376e": 1.7847304613693962e+17, "0xede60dc204dc707678a1904e6f1d039c895a8656": 1.3989893781015e+17, "0x6e8d76bf316eb70d2ffe4ce5480449c65ea4b22a": 1.30359975556e+17, "0xf06434725b19cbaab053cb0b28f33818dca8630f": 1.259292132828e+17, "0x83dafdfc8b2c564f3c95e8a987953c692f186de7": 1.211395737532e+17, "0x3e0918f43458db9f02d7ca915cc422204619f5a5": 1.1905328191967e+17, "0xcdc5922267d22d56b06bcf1e420b598c3d72ff7b": 1.0977771458631707e+17, "0x38a868000000a600a300867c596d400d79970500": 1.03116351286e+17, "0x00000047bb99ea4d791bb749d970de71ee0b1a34": 8.503549008685976e+16, "0x06bde8200803fec9b6de8b968cffc270b30ffdb8": 8.1935543106e+16, "0x14857034288c885f1f984ba2afbaa2b78b286657": 7.8754119819e+16, "0x6f1cdbbb4d53d226cf4b917bf768b94acbab6168": 7.8540124384e+16, "0x445947140f5e1b742439f6ee24a7690d077bbb89": 7.0126481157e+16, "0xcac7f5ecc7ec8db67c08bf156e8a1e493966c7d3": 6.761506258125e+16, "0x8385c093657503aebd55bac4a9bb0df5d3528835": 6.3e+16, "0x81153f0889ab398c4acb42cb58b565a5392bba95": 5.982696446330723e+16, "0x924175a7ce9808cd9da18d152dc8c13fd28757a5": 5.800416e+16, "0xd249942f6d417cbfdcb792b1229353b66c790726": 5.660641258809672e+16, "0x67f84c66683433e12485c7bbc83ff3895538fb4a": 4.6175711773875e+16, "0x93b0e2d48b657f9cfdebeb9b7a5d0b0abb8a3103": 4.30282400511e+16, "0x0c3de458b51a11da7d4616f42f66c861e3859d3e": 4.176276679448021e+16, "0x40c9a29eb64769200704ed4285c09e1bfbb7afcb": 4.0396131526e+16, "0x3fa6fff7212d3fa4317cf1955fa690993d8ced70": 3.759722130045992e+16, "0x98c3d3183c4b8a650614ad179a1a98be0a8d6b8e": 3.700981916393381e+16, "0x1fb421310ceacd0afb2a429bbb4682e522b38ecb": 3.4759589796628224e+16, "0xa302ab2473e6682525db2e2ed15f3dba03930d38": 3.3370562078082e+16, "0xaed01433a5f897d7f41cb3a447b9963a65ed8514": 3.1749472369e+16, "0xf88424cc0ffef9fd8456ca982cb5eaf872585a46": 3.17208823096e+16, "0x730185dfa35a3e2a3668a7b40d31dee1d606cf54": 3.1453541327168e+16, "0xf1ff4c672dabf9aea4813dda6de66b860b0970b4": 2.835394449260908e+16, "0xe4000004000bd8006e00720000d27d1fa000d43e": 2.740305469559163e+16, "0xa5b411aaeb798d99f107932689a5eece4d72a2ec": 2.7153073262e+16, "0x1cdcec6630c99863fb1307c812691bc688f3e92e": 2.651510820084457e+16, "0xeef33b4779fc9e13b1e30691822d5f447d2161b8": 2.294484279946437e+16, "0x015981bfb30f5455619a64963df2e2f8e1a21cc7": 2.2811544255063036e+16, "0x0bd2af7132ff0f92566db2f4093ca422a093ee4d": 2.1496507597e+16, "0x0fe08d911246566fdfd4afe0181a21ab810ee1c2": 2.134064184519737e+16, "0x589be9ccb62e7148413e3df4f3d6a1ce6954cf17": 2.073036e+16, "0xa46fd59672434d1917972f1469565baeb57ed204": 1.987927877013149e+16, "0x0dccebf4aefb5eb64d70baea09ec86b8e339b552": 1.8839012881e+16, "0x76b5a83c8c8097e7723eda897537b6345789b229": 1.821249473855e+16, "0xeaabd0e75e930f9f36b68be30202d47fd9b58b92": 1.8042192094177944e+16, "0xe72889f88f279043206698c50b752fc6eb47b63f": 1.7204022e+16, "0x69460570c93f9de5e2edbc3052bf10125f0ca22d": 1.7202518898126884e+16, "0x7c93e5c1fb4a4a6ada330395ecf44adc0634f5ca": 1.7151077650678914e+16, "0x8db64ee50717a0418adf9ad99d8685318d4d4579": 1.6469109311302458e+16, "0x00000000d3baaa99a7e09ad0cd6efa987484064f": 1.4463492502768078e+16, "0x0000000000007f150bd6f54c40a34d7c3d5e9f56": 1.4024527379674652e+16, "0x81d69a8dc9364cfb8273b1b55f9d4715ec782fd9": 1.3955252709e+16, "0x99b5c0087e7ad4c0269a13ac0ef9e9ec4d42c9f9": 1.335281359294341e+16, "0x6857388e2643ccd48da020a8792f1d6ff6d99d1c": 1.2793076402569092e+16, "0xecd016476bb966903aa37e29520e4ea2e79bb5f7": 1.2685531774741136e+16, "0x7e1da53b99898081bda98bdff925105a04000989": 1.2673536550572996e+16, "0x369350fe4421f16dbcfe28cb3943e7421ba48561": 1.25671282164e+16, "0x58ea802f5ee0278e942c0297477c1a51898abc6a": 1.25041422255e+16, "0x1fc4b4bdf5162aa5e357041945c9333b2818adad": 1.22153615342e+16, "0xf2458bd228d8a39b64bd3b9f84890e957cac3bbc": 1.218896454921024e+16, "0x08a61c799e05f983803f33696f5654a49e166d19": 1.2174035190424096e+16, "0x356cfd6e6d0000400000003900b415f80669009e": 1.2127340201994438e+16, "0xc158e8d6e055d34b5fdf43ab5b435c11a20beb6e": 1.087788020728752e+16, "0x549efb3c8365f3f222aaa44d9af7894cdafff083": 1.0714913834768756e+16, "0x7ca898cbbed67df0b4e249b05561d3a23404eed0": 1.046729999977e+16}