{"0x51c72848c68a965f66fa7a88855f9f7784502a7f": 9.838810536450875e+18, "0xe8cfad4c75a5e1caf939fd80afcf837dde340a69": 6.738918310605544e+18, "0xf3d73e0b269af04e856b83034b319f247e1e1c9f": 3.673430640541495e+18, "0x28e261390adaa654f29dbe268109baf06e9b4cc4": 3.3025845391410924e+18, "0x235c1fcd169a7e6ffca463f9c22d88beceeba62b": 2.923046878023427e+18, "0xe1ce310e3cb20073ff25b1a76faa7e032f41cf7c": 2.4720643050019277e+18, "0x6719c6ebf80d6499ca9ce170cda72beb3f1d1a54": 2.073886724351703e+18, "0xf592225866662817e4b5a97028223b808bcc64d2": 2.0193348709685238e+18, "0xbc2c6cd5013585ac720160efcb1feced30837177": 1.949604827498278e+18, "0x8d7f71c25fb581b7ba2efbb10345d262d1852ff5": 1.9418753191161288e+18, "0x767c8bb1574bee5d4fe35e27e0003c89d43c5121": 1.8230769668372672e+18, "0x000000000000f6010c7f7e46560496c0fb9c9367": 1.6783234743425354e+18, "0x1fb421310ceacd0afb2a429bbb4682e522b38ecb": 1.242510947796058e+18, "0x5ad7c57a50cfb4620ada929c53f08341bf11eb7c": 1.2117778457133737e+18, "0x50b8f49f4b2e80e09ce8015c4e7a9c277738fd3d": 1.1721912782122445e+18, "0x000000000dfde7deaf24138722987c9a6991e2d4": 1.0977664795056065e+18, "0x53facee52e897740b140f5304e9cd9dc6238d735": 1.0918397207497516e+18, "0xc11ce44147c9f6149fbe54adb0588523c38718d7": 1.0792322392461276e+18, "0x0000000000c2f3017e5af636ea91bd68ec3888ed": 1.0098992372006348e+18, "0x007933790a4f00000099e9001629d9fe7775b800": 1.0006868381203359e+18, "0x1fc4b4bdf5162aa5e357041945c9333b2818adad": 9.271492766451596e+17, "0x7fb89bb24163d3f5fd7a84ef3a2d0b00d5671b85": 9.088092287981614e+17, "0x1c1c35c5f461dff36c652ead11b89208df3bc753": 7.042965520509248e+17, "0xb8fda4a24fb520963584c18e614cc6624443f897": 7.029517885164893e+17, "0xe2b6601667f0a6bd9f68441e2e0b81e4fcfbb2eb": 6.729672201311907e+17, "0x99b1817acb40e76c309e26b2face9da9eff55317": 6.547704229797588e+17, "0xd249942f6d417cbfdcb792b1229353b66c790726": 6.257187338220106e+17, "0x24902aa0cf0000a08c0ea0b003b0c0bf600000e0": 5.7613540870961434e+17, "0xf06434725b19cbaab053cb0b28f33818dca8630f": 5.67545303609509e+17, "0xcac7f5ecc7ec8db67c08bf156e8a1e493966c7d3": 4.037078110595751e+17, "0x02170fafd0ed42ff7172ad4b64660215fc93d1be": 3.944953931192598e+17, "0xd19dc09880685dd8cf60687d57936358582876b5": 3.6782920021486906e+17, "0x767af52d988d1241a346851a1b39ccd11357376e": 3.627821698336889e+17, "0x829ad32260b33e2e89923862c93bdab538f0b6b7": 3.5974527692693894e+17, "0xa5b411aaeb798d99f107932689a5eece4d72a2ec": 3.405079440048069e+17, "0x98c3d3183c4b8a650614ad179a1a98be0a8d6b8e": 3.2583749918647904e+17, "0x6f1cdbbb4d53d226cf4b917bf768b94acbab6168": 3.00312999676722e+17, "0x0eae044f00b0af300500f090ea00027097d03000": 2.981425363775858e+17, "0x5c86e04389b70071c90f885f99d48135ad5b78ab": 2.926969184249218e+17, "0x4128c361da41df0a14d0b48badd37e6d2135c3ed": 2.750631428483202e+17, "0xa4882f4dd805fed45615bd8ed43cbbd9bf5d5a93": 2.7458765992236877e+17, "0xc5a854bb08819db9f7ab61b7b25b55935504212b": 2.6259977625775818e+17, "0x85bbffb3e85ef44ac6952ae9c6fc2537dc3c95cd": 2.3021786522663622e+17, "0x3ea855779010d85e3d21c2eac35be056e174519c": 2.190603293312213e+17, "0x38a868000000a600a300867c596d400d79970500": 2.0014777319800067e+17, "0xfd0000000100069ad1670066004306009b487ad7": 1.9195886590223155e+17, "0xedfa6a2036f1cf4aabb8724491d5714376ff5fd6": 1.8512293427344787e+17, "0x7ca898cbbed67df0b4e249b05561d3a23404eed0": 1.717149263641415e+17, "0xc0e21f7674248610009918b42325812acba9e9c2": 1.6372929090370378e+17, "0x2a39421782011d7433f04d9e133abcd1b169a232": 1.493904106670471e+17, "0xf268035f5f7fa5bd43eb8b84723d880ec2748d81": 1.4899448606703024e+17, "0x3fa6fff7212d3fa4317cf1955fa690993d8ced70": 1.4828916738497168e+17, "0xdcd096340cccbadcdaebc26827449f04d48282d5": 1.478763186639553e+17, "0x00dd2caa56fafbab7529147ab5d2763978f50e8d": 1.4208305671261346e+17, "0xa52a64501e816016030511aea0445f1a97ee6694": 1.3001297480100837e+17, "0x81153f0889ab398c4acb42cb58b565a5392bba95": 1.2757050460742486e+17, "0x16bc590b14d8f64b0e730677ecc34f831423ce0d": 1.2158166939897952e+17, "0x5b599155ade1f59f549a4a1297ddb5a4951b1b27": 1.1924181408790522e+17, "0xf9bbb3424effd689ea778b7b7494fab275c0fe44": 1.1774940066708806e+17, "0x0110b81f460d8ca0930404274961ffcbda8a8d05": 1.1362239227511702e+17, "0x67fd18ffedb11f820e54b43d54fa756d74f6add7": 1.1305388520077864e+17, "0xcf8b0f9422084695ef702bfce33976982ff3304b": 1.0918939575331062e+17, "0x0000000000007f150bd6f54c40a34d7c3d5e9f56": 1.0758440177531389e+17, "0x3e0918f43458db9f02d7ca915cc422204619f5a5": 1.0699896027398773e+17, "0x1a6155ff9305f6e8a83f40736029b50078c187f0": 1.0382411079756277e+17, "0x0090eb43008a030065000000e70099482c00b6df": 9.748076243121488e+16, "0x5550d13389bb70f45fcef58f19f6b6e87f6e747d": 9.352688942724485e+16, "0xdc00e700b1709a9b7a0032f3c84373c2de00e620": 8.436973601869597e+16, "0x5571d62244423529a4bc3762fde757efeedcaa61": 8.178804943842331e+16, "0x36a7141537e064b7679b412acf866f20f06420ff": 8.065976374897882e+16, "0xa302ab2473e6682525db2e2ed15f3dba03930d38": 7.938311709202107e+16, "0x356cfd6e6d0000400000003900b415f80669009e": 7.478213838817955e+16, "0x38f935e58ee761352aa40c30284c4a4ac6596dc9": 7.449308476742458e+16, "0x01d1f55d94a53a9517c07f793f35320faa0d2dcf": 7.350713242477717e+16, "0xa87f4f8b87abf5237c16971e406eef0e2d541c9e": 7.338305879201294e+16, "0x85457c0e76251e6e70c8bf16071f369d3a2434ea": 7.1175284494908664e+16, "0x00000047bb99ea4d791bb749d970de71ee0b1a34": 7.115785438595413e+16, "0x7b3ba7826247dc598fc3202c9fe2a3c17b71c3e4": 6.822205250555783e+16, "0x8385c093657503aebd55bac4a9bb0df5d3528835": 6.690211917778235e+16, "0x00000004cafb7f1f9f1bf1718078baba0694bd0a": 6.563725755866341e+16, "0x87870bca3f3fd6335c3f4ce8392d69350b4fa4e2": 6.429319409317722e+16, "0x83dafdfc8b2c564f3c95e8a987953c692f186de7": 6.352356375627967e+16, "0x702d948cb6519fe2ebc189b6ff76ea8f2b294aa6": 6.3030711210625736e+16, "0xcf5540fffcdc3d510b18bfca6d2b9987b0772559": 5.936111161190222e+16, "0x4619b39706f6eca70d820b27df877fafaaa40f41": 5.729720148586964e+16, "0x445947140f5e1b742439f6ee24a7690d077bbb89": 5.715554225945819e+16, "0xa69babef1ca67a37ffaf7a485dfff3382056e78c": 5.288356303566754e+16, "0x14418603a87181d9923f648444dab8e9bcd22db6": 5.265072768974064e+16, "0xfaceacade1064a5d8daecdc9e68a4c3ea3e759e7": 5.255201039981884e+16, "0x9c4b41108132713767d8d5dd68c6d40adae97807": 5.031515798379864e+16, "0xe2b8eb988735f7709d08b7d07b41460073904830": 4.893384220632132e+16, "0x882d04c3d8410ddf2061b3cba2c3522854316feb": 4.645032477062203e+16, "0x37d7f26405103c9bc9d8f9352cf32c5b655cbe02": 4.594917329612195e+16, "0xc158e8d6e055d34b5fdf43ab5b435c11a20beb6e": 4.4642155647912936e+16, "0xca8acfdcee7531be980e7670d9e6b80b8c2e08dc": 4.356876213119818e+16, "0xe4000004000bd8006e00720000d27d1fa000d43e": 4.148158837745353e+16, "0x6a68ac50ec418753f964dda48532c5804f21b1a8": 4.075206560127707e+16, "0x01bd2da640345f1c29831b7cef9a434298408172": 4.053262085691618e+16, "0x14857034288c885f1f984ba2afbaa2b78b286657": 3.9810764144703544e+16, "0x25a6e7678e9c9570cf7659ead7f4e54c37cfef58": 3.950815642831915e+16, "0x4bdb391766a96ab370b9230784f30e3b2a32021f": 3.9431877223266776e+16, "0x0c3de458b51a11da7d4616f42f66c861e3859d3e": 3.896106575408944e+16, "0xbfb2e0239397e4388dc91dd44b953d83a5db3386": 3.888168611830709e+16, "0x6d596fdfd3381ebb5ecd526ebcaec8cc2ba019ff": 3.885712165921645e+16, "0x21646b3702c84eb92bb43955cc410471dc0e8aa7": 3.598094085539984e+16, "0x8440df4c1d6824b94d720fec51e94f951d128581": 3.3973123630794676e+16, "0x46fbf407d8b99b2f2e75deddd242ed51c2e3a4a9": 3.337797206848808e+16, "0x0b176c2a8905abd2ce194d7e1780b42f06bf99d5": 3.3277165553277644e+16, "0x2c9f0c3d775611e16aa6c9e7c61117da1032c199": 3.2382756060050284e+16, "0x43579754589644805ef2bb4696bfe6a5cf7aa809": 3.2081939942253092e+16, "0xfc2a4a07f8539d979bff3dce663c5dd1e9033cee": 3.135635932624128e+16, "0x9dbf81e9d991cf8eadcb4ae6b53d6810bb9b5abf": 3.082482073241799e+16, "0x5523985926aa12ba58dc5ad00ddca99678d7227e": 3.074597538705114e+16, "0x6507a94fb6dc4270d81dc661cbdba0caa1ac2542": 3.032460897412629e+16, "0xc6c9e6dcae828a56a92a3c9b060ad69fc65dc103": 3.017782911531339e+16,