{"0xa69babef1ca67a37ffaf7a485dfff3382056e78c": 367.90873443916627, "0x51c72848c68a965f66fa7a88855f9f7784502a7f": 169.69406115292088, "0xc6fecdf760af24095cded954de7d81ab49f8bae1": 31.481071564534886, "0xd7f3fbe8c72a961a5515203eada59750437fa762": 28.246702685842735, "0x6f1cdbbb4d53d226cf4b917bf768b94acbab6168": 24.95774114205799, "0x7b577a879665ef6ad344da61de7ec2371f6ff68f": 22.457750669015613, "0xe08beb8c48e71fd08560db2fbaaa0701b187c7a7": 21.344775903326017, "0xa52a64501e816016030511aea0445f1a97ee6694": 21.012175873999972, "0x1ad0f59b4d47aaca637592bdf0f10a8d66533652": 20.361555825452232, "0x777c9f26049cd75ca0f60143c6b723b95d0c6777": 17.7, "0x5050e08626c499411b5d0e0b5af0e83d3fd82edf": 13.508295315394026, "0x000000000dfde7deaf24138722987c9a6991e2d4": 12.131045698147435, "0xf592225866662817e4b5a97028223b808bcc64d2": 10.631000000000002, "0xf35be9a9a0d4b67e776115fa3b6381986379894d": 10.511038155546505, "0x98c3d3183c4b8a650614ad179a1a98be0a8d6b8e": 10.503488922529112, "0xfbeedcfe378866dab6abbafd8b2986f5c1768737": 10.17651271717704, "0x54eeb92cf8ad49c2cb4dc8c9eb5dc9538836016b": 9.578539438297677, "0x1fb421310ceacd0afb2a429bbb4682e522b38ecb": 8.864738734924229, "0xbb83b1b240220e82a0a4ba8a6c9e9b044b225e56": 7.396916211416114, "0x70c66f3ce5a5387a70e2773d054eff572525c6f4": 6.20421617323066, "0x6e8d76bf316eb70d2ffe4ce5480449c65ea4b22a": 5.975000000000001, "0x3aa228a80f50763045bdfc45012da124bd0a6809": 5.821512361038566, "0x9705b569ce3d1ddbe421c7b3b4e495445b096160": 5.242337817946949, "0x67fd18ffedb11f820e54b43d54fa756d74f6add7": 5.2001954218455095, "0xaafb85ad4a412dd8adc49611496a7695a22f4aeb": 5.068553975319604, "0x81153f0889ab398c4acb42cb58b565a5392bba95": 5.0618483773469345, "0x49bc3cec1fb7978746f742a4e485d0d601831cea": 4.8757327229901435, "0xe6ae75be7c9317af842b8f2c2cd6dc7f49f17184": 4.869436030441664, "0x2f7c1f1460aed2594a9977c58fa31c465591b287": 4.471539653383724, "0x0c3de458b51a11da7d4616f42f66c861e3859d3e": 3.755776942675619, "0xe9cbfec52ef797624ed941b0ed157607560f5167": 3.5129448083562984, "0x95c0c8a41caaa33f22ff042dc4279ed2b4e74041": 3.472323889926156, "0x1cdcec6630c99863fb1307c812691bc688f3e92e": 2.893235636461076, "0xf268035f5f7fa5bd43eb8b84723d880ec2748d81": 2.8836745508032258, "0x00000000000747d525e898424e8774f7eb317d00": 2.821930907025178, "0x493f461aead031cee2027f1b95370a692611acb9": 2.6122894199584024, "0x18abedebf76e1e6fdeb3ae0a5dd06daa28112abf": 2.3833788864259113, "0x8385c093657503aebd55bac4a9bb0df5d3528835": 2.366843569857148, "0x775c559d9a48ce5a8444c1035c3a8921ab477b8e": 2.3030318610675407, "0xc5c9f6dda68422984a06a66a3d1aebd7d979a158": 2.274699000000001, "0x4b4867541f6e756be4119a171b7da17a1558c463": 1.950100427888357, "0x00000000f0b4b9973900fd541719cbbc1a5862d8": 1.9246852311099927, "0x030f11dcba56b8038c3c94f056ea68dc7668630e": 1.8169351525547472, "0xe4000004000bd8006e00720000d27d1fa000d43e": 1.798711995945823, "0x761d80987a36fc271875ea4de17539e8c82ae51d": 1.7611612556923824, "0xbf0ed784258686c41aacad38e642e79ad5e5bc17": 1.7413583308201455, "0xeef33b4779fc9e13b1e30691822d5f447d2161b8": 1.5817715844536215, "0x7b9d4d8772b8705ddc7456daf821c3022dda0504": 1.5431219999999997, "0x3511f837687ff7272a39a231cac1452ad71141fa": 1.495242, "0x06d9ca334a8a74474e9b6ee31280c494321ae759": 1.4249969999999998, "0xc5a854bb08819db9f7ab61b7b25b55935504212b": 1.4081000000000004, "0x5e638ac1700e5ad5f937df30cb5bbc51a5a4c1ec": 1.356004997128796, "0xe27baebd7b14602de3797974db9f5f4f8dcb6679": 1.311012077950189, "0x445947140f5e1b742439f6ee24a7690d077bbb89": 1.305241023736497, "0x9ea3cda5c2adf0370454b9ee28786a068227b1a4": 1.2995208412598507, "0xaf8887864653a612c928256943f073221e9fc1bf": 1.2340172943970191, "0xe72889f88f279043206698c50b752fc6eb47b63f": 1.199278047101862, "0xeeeeeeeedc84cf6c897c92a02d7e31e6524c935e": 1.186429921002465, "0xf249cec5882bf45c028550de230aeb1a8f905597": 1.1642487442449139, "0xba3f5c056500ce033e9d74494b820d495efcf19d": 1.1068545095032423, "0x0e9f655e69264fa2e03802afdd742689f5cad3cd": 1.0758321221257774, "0x901996e18a3b15359a62ceb247647665fb8ade89": 1.0749862739462344, "0x5571d62244423529a4bc3762fde757efeedcaa61": 1.0647073568585348, "0xc758d5718147c8c5bc440098d623cf8d96b95b83": 0.9918398849974205, "0x8f40a617a0839849e86992dc5f284fbae24d2288": 0.8616666666666667, "0x000000e1fddf4fe15db5f23ae3ee83c6a11e8dd1": 0.8569134738422819, "0x00980c7e1a0029d7a1d51400b100a1d548430000": 0.8090623948526603, "0x4a137fd5e7a256ef08a7de531a17d0be0cc7b6b6": 0.8072732282867185, "0x0000000f9c4e004706afdca3b2f0c8f08838eb58": 0.7991446954523888, "0x235c1fcd169a7e6ffca463f9c22d88beceeba62b": 0.7702454272620514, "0xcf8b0f9422084695ef702bfce33976982ff3304b": 0.7646695067511282, "0xfb5185b7f8c61f815b57de679bbc857f510352f7": 0.7310665266411331, "0x752e87b5f1397e171d5383cec3d4c51a8d3c114b": 0.7234379674833179, "0x5519935e51fc403f6c69894e683f268c1883e938": 0.712760954021748, "0x09850f8f1338a0b8c7d94dcc361e965b78d0175a": 0.6788006673424135, "0x329e0e39d814d4ee6b45afa660b8a2f5fb23c298": 0.6371036118455613, "0x5968ada261a84e19a6c85830e655647752585ed4": 0.6152601864544189, "0xcc5961aaa6ffceeccee4beabbfd5a271b2f56e7e": 0.6140180627311386, "0x12b6eba545e4a9666cb7a77d1da25df9ffb172f3": 0.6001216041906423, "0x387d058d208e1b49bd192b0a14c4a75f171f0172": 0.5553625857535928, "0x797a05dd6a8bfc1e1eaaa62e744d3aff197c46b1": 0.552156793869462, "0x8db64ee50717a0418adf9ad99d8685318d4d4579": 0.5427294350140999, "0xe8cfad4c75a5e1caf939fd80afcf837dde340a69": 0.5002097859056709, "0x3e0918f43458db9f02d7ca915cc422204619f5a5": 0.49995818872859854, "0xcfd4176f7975c70f800d87aeaca316270521595a": 0.4692872662675, "0x00000000de337b4fff5fcbe4df67a85d0bad5d16": 0.4543351293195542, "0xe1ce310e3cb20073ff25b1a76faa7e032f41cf7c": 0.4237061614062433, "0x87a6f03b0b03e16c3579ac4074d2ac6584517c2c": 0.4116, "0x36a7141537e064b7679b412acf866f20f06420ff": 0.41091239571234084, "0xdb387e5f428d53102b7535819de26225e7502c80": 0.4076091616340177, "0x7d32c90762e22379235fc311fdb16fab399ed40a": 0.3989515930695924, "0x6719c6ebf80d6499ca9ce170cda72beb3f1d1a54": 0.38232043075416156, "0x89f0455b15cf3dd97e7ff718125d7cf5f01c595d": 0.3681335909996746, "0x000000000000f6010c7f7e46560496c0fb9c9367": 0.35193928707751415, "0xeaabd0e75e930f9f36b68be30202d47fd9b58b92": 0.33712586564159763, "0x2f1d79860cf6ea3f4b3b734153b52815773c0638": 0.33676636323721354}