{"0xa69babef1ca67a37ffaf7a485dfff3382056e78c": 553.7664867185107, "0x51c72848c68a965f66fa7a88855f9f7784502a7f": 147.87834211993209, "0x6f1cdbbb4d53d226cf4b917bf768b94acbab6168": 76.59766688744435, "0x4b8c0a0df725750aeb948816b4dffecd32ee9008": 73.10471401680002, "0xe08beb8c48e71fd08560db2fbaaa0701b187c7a7": 54.77601604090804, "0xa0b18cdf5f395d98c061b753d8dedb28c7aee450": 38.152753044947026, "0x7b577a879665ef6ad344da61de7ec2371f6ff68f": 29.056134194350367, "0x000000000dfde7deaf24138722987c9a6991e2d4": 28.034103055865224, "0x09850f8f1338a0b8c7d94dcc361e965b78d0175a": 24.553073222472435, "0x1a6155ff9305f6e8a83f40736029b50078c187f0": 21.11861840545597, "0x54eeb92cf8ad49c2cb4dc8c9eb5dc9538836016b": 20.646582328834928, "0xa52a64501e816016030511aea0445f1a97ee6694": 18.359999999999964, "0x14fcc715dfa45f9a2790e85d7f54cd06b5f61b07": 17.194, "0xfbeedcfe378866dab6abbafd8b2986f5c1768737": 16.549012700772693, "0xd7f3fbe8c72a961a5515203eada59750437fa762": 16.48516472916408, "0x752e87b5f1397e171d5383cec3d4c51a8d3c114b": 15.090372674744199, "0x1fb421310ceacd0afb2a429bbb4682e522b38ecb": 12.701234200122647, "0x5050e08626c499411b5d0e0b5af0e83d3fd82edf": 10.329549727081822, "0x98c3d3183c4b8a650614ad179a1a98be0a8d6b8e": 9.867607047247578, "0x00000000000006b2ab6decbc6fc7ec6bd2fbc720": 7.966853288118193, "0xe6ae75be7c9317af842b8f2c2cd6dc7f49f17184": 7.212567565497209, "0xf35be9a9a0d4b67e776115fa3b6381986379894d": 7.101657943007631, "0x81153f0889ab398c4acb42cb58b565a5392bba95": 6.786551965954023, "0x3951fe8a4ee598566060c577838e4ddcc1ca13c1": 6.711280025687341, "0x67fd18ffedb11f820e54b43d54fa756d74f6add7": 6.7077868173902875, "0x775c559d9a48ce5a8444c1035c3a8921ab477b8e": 5.90301425970927, "0xff62dfadca3b5643d0b283571fe154d886580c0c": 4.66778721988228, "0x5571d62244423529a4bc3762fde757efeedcaa61": 4.025621871556026, "0x0c3de458b51a11da7d4616f42f66c861e3859d3e": 3.653208591364035, "0x06d9ca334a8a74474e9b6ee31280c494321ae759": 3.6468809999999996, "0x761d80987a36fc271875ea4de17539e8c82ae51d": 3.6215736689028977, "0x493f461aead031cee2027f1b95370a692611acb9": 3.541448553492077, "0xe4000004000bd8006e00720000d27d1fa000d43e": 3.462944495740804, "0xc5a854bb08819db9f7ab61b7b25b55935504212b": 3.4400000000000004, "0x3aa228a80f50763045bdfc45012da124bd0a6809": 3.37301382807419, "0x7776ebf769faf37ad9df8f6287b578a72dd9a777": 3.3444444444444446, "0xd542b64ba3da971d7fc29138ccb4bc88a09794a8": 2.7170000000000014, "0x7b9d4d8772b8705ddc7456daf821c3022dda0504": 2.413236, "0x8385c093657503aebd55bac4a9bb0df5d3528835": 2.3363865113678397, "0x49bc3cec1fb7978746f742a4e485d0d601831cea": 2.2561229891689036, "0x3511f837687ff7272a39a231cac1452ad71141fa": 2.197419, "0xe27baebd7b14602de3797974db9f5f4f8dcb6679": 2.1403662238933125, "0x00000000003d71e9fc20fdeb46fb86afbbee4772": 2.0382720538943913, "0x812c1e2ce48c2672b81b7711275df545cdf53655": 1.979446611329944, "0x329e0e39d814d4ee6b45afa660b8a2f5fb23c298": 1.6556546801958323, "0xc5c9f6dda68422984a06a66a3d1aebd7d979a158": 1.6537709999999999, "0x445947140f5e1b742439f6ee24a7690d077bbb89": 1.505515706014891, "0x1cdcec6630c99863fb1307c812691bc688f3e92e": 1.4906413219187051, "0x901996e18a3b15359a62ceb247647665fb8ade89": 1.4774272574137406, "0x030f11dcba56b8038c3c94f056ea68dc7668630e": 1.4374114074709483, "0x50555ffe42e011ff1c5cc4fa608aac963193f04f": 1.3151858903364484, "0x53facee52e897740b140f5304e9cd9dc6238d735": 1.287849926359423, "0x6e8d76bf316eb70d2ffe4ce5480449c65ea4b22a": 1.211, "0x000000000003750173a03a9055296acc36c6afb7": 1.209, "0xeaabd0e75e930f9f36b68be30202d47fd9b58b92": 1.1938774109349926, "0x7d32c90762e22379235fc311fdb16fab399ed40a": 1.1886507718774142, "0xba3f5c056500ce033e9d74494b820d495efcf19d": 1.174817312949555, "0xfadedda0005bd85288d467d24392bf8b2952a476": 1.1570250443155237, "0x12b6eba545e4a9666cb7a77d1da25df9ffb172f3": 1.1091291774958256, "0x9ea3cda5c2adf0370454b9ee28786a068227b1a4": 0.9939636653839502, "0x797a05dd6a8bfc1e1eaaa62e744d3aff197c46b1": 0.9122718671120585, "0xfb5185b7f8c61f815b57de679bbc857f510352f7": 0.9092041616448192, "0x4a137fd5e7a256ef08a7de531a17d0be0cc7b6b6": 0.9020376369066267, "0x46ca4961519b1eb91669badc526629f2c6690400": 0.8990000000000002, "0x9e6939528b4b2bfd3ac984b69b64c1132303dc3b": 0.824, "0x5519935e51fc403f6c69894e683f268c1883e938": 0.7939899526663972, "0xf268035f5f7fa5bd43eb8b84723d880ec2748d81": 0.773215168925856, "0x6f87f1fbf96c1bb0b0cc9bf6a456566919900d3e": 0.7579176829232714, "0xc6fecdf760af24095cded954de7d81ab49f8bae1": 0.7268693798088351, "0xeeeeeeeedc84cf6c897c92a02d7e31e6524c935e": 0.6681652492502432, "0xcfd4176f7975c70f800d87aeaca316270521595a": 0.65754877166496, "0x356cfd6e6d0000400000003900b415f80669009e": 0.6342602991463238, "0xc758d5718147c8c5bc440098d623cf8d96b95b83": 0.62575898586446, "0x95c0c8a41caaa33f22ff042dc4279ed2b4e74041": 0.6086805473631055, "0x387d058d208e1b49bd192b0a14c4a75f171f0172": 0.5682418583632788, "0x000000e1fddf4fe15db5f23ae3ee83c6a11e8dd1": 0.5629442150255183, "0x3e0918f43458db9f02d7ca915cc422204619f5a5": 0.5396640611374752, "0xf3d73e0b269af04e856b83034b319f247e1e1c9f": 0.5270643499702834, "0x00000000de337b4fff5fcbe4df67a85d0bad5d16": 0.5061392748162259, "0x2f1d79860cf6ea3f4b3b734153b52815773c0638": 0.5017527455455766, "0x0000000f9c4e004706afdca3b2f0c8f08838eb58": 0.4814922847258368, "0x475689d37309e829c3e646c863b1efec3734472a": 0.4695434346933541}