{"0xa69babef1ca67a37ffaf7a485dfff3382056e78c": 430.47644459515715, "0x51c72848c68a965f66fa7a88855f9f7784502a7f": 173.78786470427266, "0x0000000000590b74eb97457bf7b3ff6d63c6fde2": 44.079670993808506, "0xd7f3fbe8c72a961a5515203eada59750437fa762": 27.460835781605226, "0x000000000dfde7deaf24138722987c9a6991e2d4": 23.324814766437235, "0x6f1cdbbb4d53d226cf4b917bf768b94acbab6168": 20.987057553414797, "0x5050e08626c499411b5d0e0b5af0e83d3fd82edf": 16.26666382234375, "0xaafb85ad4a412dd8adc49611496a7695a22f4aeb": 12.831381446307255, "0xf35be9a9a0d4b67e776115fa3b6381986379894d": 10.439772698750376, "0xfbeedcfe378866dab6abbafd8b2986f5c1768737": 10.363828399158672, "0x98c3d3183c4b8a650614ad179a1a98be0a8d6b8e": 9.163364899438408, "0x1fb421310ceacd0afb2a429bbb4682e522b38ecb": 7.902325055604924, "0x6e8d76bf316eb70d2ffe4ce5480449c65ea4b22a": 4.885000000000001, "0xf268035f5f7fa5bd43eb8b84723d880ec2748d81": 4.240907989157899, "0x81153f0889ab398c4acb42cb58b565a5392bba95": 4.240820077204011, "0xe6ae75be7c9317af842b8f2c2cd6dc7f49f17184": 4.177358874902922, "0x67fd18ffedb11f820e54b43d54fa756d74f6add7": 4.139945027640439, "0xf98091ca1bb8e23e08cb2ebb1ca170fcae3ad4f2": 3.7898723222994795, "0x70c66f3ce5a5387a70e2773d054eff572525c6f4": 3.7467581163308483, "0x8385c093657503aebd55bac4a9bb0df5d3528835": 3.4740631265214033, "0x0c3de458b51a11da7d4616f42f66c861e3859d3e": 3.3097710527675663, "0x00000000000747d525e898424e8774f7eb317d00": 2.742650264785297, "0x775c559d9a48ce5a8444c1035c3a8921ab477b8e": 2.487378897482267, "0xce966ec69b1416359c1f88b1683ab239ba8620ed": 2.4751851662305677, "0xe8cfad4c75a5e1caf939fd80afcf837dde340a69": 2.458725889821519, "0xc4b3fadbfbb49a8ab2621ad0078ca447690aed26": 2.25171006348536, "0xed12310d5a37326e6506209c4838146950166760": 2.007962717901676, "0x797a05dd6a8bfc1e1eaaa62e744d3aff197c46b1": 1.8995127686386744, "0x030f11dcba56b8038c3c94f056ea68dc7668630e": 1.8551653705474092, "0x9ea3cda5c2adf0370454b9ee28786a068227b1a4": 1.7034990731405513, "0xc5c9f6dda68422984a06a66a3d1aebd7d979a158": 1.6527209999999999, "0x7b9d4d8772b8705ddc7456daf821c3022dda0504": 1.629789, "0x8f40a617a0839849e86992dc5f284fbae24d2288": 1.583389424, "0xf249cec5882bf45c028550de230aeb1a8f905597": 1.4749592454987481, "0xaf8887864653a612c928256943f073221e9fc1bf": 1.3757220909391157, "0x445947140f5e1b742439f6ee24a7690d077bbb89": 1.309848449142768, "0x88fcc3d7627f2233c7efa46ce6d50fd020ef9638": 1.17856297, "0x28e261390adaa654f29dbe268109baf06e9b4cc4": 1.1583139278802417, "0x99b1817acb40e76c309e26b2face9da9eff55317": 1.0714250729310644, "0x3511f837687ff7272a39a231cac1452ad71141fa": 1.0663590000000003, "0xe72889f88f279043206698c50b752fc6eb47b63f": 1.0258337700442342, "0x5e638ac1700e5ad5f937df30cb5bbc51a5a4c1ec": 1.024832072198772, "0x64f9db27a2394696bdf72ed95bf2ab3fad9ac91d": 0.9935201483370788, "0x5519935e51fc403f6c69894e683f268c1883e938": 0.9861377152858496, "0xc758d5718147c8c5bc440098d623cf8d96b95b83": 0.9484647957765673, "0x4a137fd5e7a256ef08a7de531a17d0be0cc7b6b6": 0.9029347235031955, "0xeaabd0e75e930f9f36b68be30202d47fd9b58b92": 0.7841922512914328, "0xd19dc09880685dd8cf60687d57936358582876b5": 0.7701123939735857, "0x838a5832eb19cfce692809f5b2de44b15380cda2": 0.7492222499597286, "0x00980c7e1a0029d7a1d51400b100a1d548430000": 0.69808778710314, "0x8db64ee50717a0418adf9ad99d8685318d4d4579": 0.6530704760338, "0x0e9f655e69264fa2e03802afdd742689f5cad3cd": 0.649715720639696, "0x63756a3c3bf677baab9d9e06457402ed05be8570": 0.6160369371360456, "0x06d9ca334a8a74474e9b6ee31280c494321ae759": 0.6147119999999999, "0x5ea363d1b8c524e864dd6cd87b5b4eb8b4850227": 0.5979732457099669, "0xcc5961aaa6ffceeccee4beabbfd5a271b2f56e7e": 0.547835304379958, "0x767c8bb1574bee5d4fe35e27e0003c89d43c5121": 0.5375339104331911, "0x1fc4b4bdf5162aa5e357041945c9333b2818adad": 0.5327949017455371, "0x6af49606d941cda32de1ee94397dc821ceb09dac": 0.5118217116111589, "0xf06434725b19cbaab053cb0b28f33818dca8630f": 0.5002172081010885, "0x000000e1fddf4fe15db5f23ae3ee83c6a11e8dd1": 0.4904146080095666, "0x2f1d79860cf6ea3f4b3b734153b52815773c0638": 0.4699578558984527, "0xcfd4176f7975c70f800d87aeaca316270521595a": 0.41654201508926714, "0x5bf468d917f8c6946bd25c7d67efd891a6404007": 0.388253514660741}