{"0xa69babef1ca67a37ffaf7a485dfff3382056e78c": 430.4962550179196, "0x51c72848c68a965f66fa7a88855f9f7784502a7f": 175.6486032202041, "0x0000000000590b74eb97457bf7b3ff6d63c6fde2": 43.92206019315099, "0xd7f3fbe8c72a961a5515203eada59750437fa762": 27.117384830622655, "0x000000000dfde7deaf24138722987c9a6991e2d4": 23.19321032543249, "0x6f1cdbbb4d53d226cf4b917bf768b94acbab6168": 21.62951585852803, "0x5050e08626c499411b5d0e0b5af0e83d3fd82edf": 16.370864708477548, "0xaafb85ad4a412dd8adc49611496a7695a22f4aeb": 12.158344580227482, "0xf35be9a9a0d4b67e776115fa3b6381986379894d": 10.439772698750376, "0xfbeedcfe378866dab6abbafd8b2986f5c1768737": 9.949058259828156, "0x98c3d3183c4b8a650614ad179a1a98be0a8d6b8e": 9.572206703790616, "0x1fb421310ceacd0afb2a429bbb4682e522b38ecb": 8.30471345830447, "0x6e8d76bf316eb70d2ffe4ce5480449c65ea4b22a": 4.885000000000001, "0x67fd18ffedb11f820e54b43d54fa756d74f6add7": 4.4963655302788155, "0x81153f0889ab398c4acb42cb58b565a5392bba95": 4.440604940627926, "0xe6ae75be7c9317af842b8f2c2cd6dc7f49f17184": 4.20996900587461, "0x70c66f3ce5a5387a70e2773d054eff572525c6f4": 4.168522899010795, "0xf268035f5f7fa5bd43eb8b84723d880ec2748d81": 3.982296580479984, "0xf98091ca1bb8e23e08cb2ebb1ca170fcae3ad4f2": 3.7898723222994795, "0x8385c093657503aebd55bac4a9bb0df5d3528835": 3.403978634695765, "0x0c3de458b51a11da7d4616f42f66c861e3859d3e": 3.34028281842267, "0x00000000000747d525e898424e8774f7eb317d00": 2.742650264785297, "0xce966ec69b1416359c1f88b1683ab239ba8620ed": 2.4751851662305677, "0x775c559d9a48ce5a8444c1035c3a8921ab477b8e": 2.4606839085095054, "0xc4b3fadbfbb49a8ab2621ad0078ca447690aed26": 2.25171006348536, "0x030f11dcba56b8038c3c94f056ea68dc7668630e": 1.9471576345004695, "0x53facee52e897740b140f5304e9cd9dc6238d735": 1.7345307945552113, "0x9ea3cda5c2adf0370454b9ee28786a068227b1a4": 1.6751852378091543, "0x7b9d4d8772b8705ddc7456daf821c3022dda0504": 1.629789, "0x64f9db27a2394696bdf72ed95bf2ab3fad9ac91d": 1.5373012512934214, "0xf249cec5882bf45c028550de230aeb1a8f905597": 1.4760415456826461, "0x797a05dd6a8bfc1e1eaaa62e744d3aff197c46b1": 1.4730099454237735, "0x8f40a617a0839849e86992dc5f284fbae24d2288": 1.417420576, "0xc5c9f6dda68422984a06a66a3d1aebd7d979a158": 1.361682, "0x3511f837687ff7272a39a231cac1452ad71141fa": 1.261512, "0xe72889f88f279043206698c50b752fc6eb47b63f": 1.2609136230418208, "0x445947140f5e1b742439f6ee24a7690d077bbb89": 1.2150146204667356, "0x88fcc3d7627f2233c7efa46ce6d50fd020ef9638": 1.1992534599710443, "0xaf8887864653a612c928256943f073221e9fc1bf": 1.189217213548977, "0x5e638ac1700e5ad5f937df30cb5bbc51a5a4c1ec": 1.0752006155697225, "0x5519935e51fc403f6c69894e683f268c1883e938": 0.9872702885932451, "0xc758d5718147c8c5bc440098d623cf8d96b95b83": 0.9440978945477905, "0xed12310d5a37326e6506209c4838146950166760": 0.9338529478138646, "0xe8cfad4c75a5e1caf939fd80afcf837dde340a69": 0.8188651733852788, "0xeaabd0e75e930f9f36b68be30202d47fd9b58b92": 0.7871688083874328, "0x4a137fd5e7a256ef08a7de531a17d0be0cc7b6b6": 0.7548618153361752, "0x8db64ee50717a0418adf9ad99d8685318d4d4579": 0.7046483766658999, "0x00980c7e1a0029d7a1d51400b100a1d548430000": 0.6955272086878552, "0x0e9f655e69264fa2e03802afdd742689f5cad3cd": 0.6418587700484712, "0x63756a3c3bf677baab9d9e06457402ed05be8570": 0.609446473012558, "0x06d9ca334a8a74474e9b6ee31280c494321ae759": 0.5755049999999998, "0xcc5961aaa6ffceeccee4beabbfd5a271b2f56e7e": 0.547835530951958, "0x6af49606d941cda32de1ee94397dc821ceb09dac": 0.49880077887881075, "0x000000e1fddf4fe15db5f23ae3ee83c6a11e8dd1": 0.49402086811759627, "0x2f1d79860cf6ea3f4b3b734153b52815773c0638": 0.47065196945863275, "0xcfd4176f7975c70f800d87aeaca316270521595a": 0.4112985514288919, "0x838a5832eb19cfce692809f5b2de44b15380cda2": 0.39116954003165344, "0x387d058d208e1b49bd192b0a14c4a75f171f0172": 0.35365919067487483}