{"0x51c72848c68a965f66fa7a88855f9f7784502a7f": 7.130114594561671e+18, "0x6f1cdbbb4d53d226cf4b917bf768b94acbab6168": 4.807898091339235e+18, "0x28e261390adaa654f29dbe268109baf06e9b4cc4": 2.931807022169991e+18, "0xe1ce310e3cb20073ff25b1a76faa7e032f41cf7c": 2.8896997785312143e+18, "0xe8cfad4c75a5e1caf939fd80afcf837dde340a69": 2.860558838091182e+18, "0x0000000000c2f3017e5af636ea91bd68ec3888ed": 2.3055798654090877e+18, "0x235c1fcd169a7e6ffca463f9c22d88beceeba62b": 1.9548729140129175e+18, "0x99b1817acb40e76c309e26b2face9da9eff55317": 1.5852397620828114e+18, "0x767c8bb1574bee5d4fe35e27e0003c89d43c5121": 1.4325288491010852e+18, "0x6719c6ebf80d6499ca9ce170cda72beb3f1d1a54": 1.3317895073985766e+18, "0xbc2c6cd5013585ac720160efcb1feced30837177": 1.2754451461238072e+18, "0xe2b6601667f0a6bd9f68441e2e0b81e4fcfbb2eb": 9.74458058636983e+17, "0x1fb421310ceacd0afb2a429bbb4682e522b38ecb": 9.318194788375346e+17, "0x50b8f49f4b2e80e09ce8015c4e7a9c277738fd3d": 8.692087924737638e+17, "0x53facee52e897740b140f5304e9cd9dc6238d735": 8.569039680622427e+17, "0x5ad7c57a50cfb4620ada929c53f08341bf11eb7c": 8.240760830979757e+17, "0x8d7f71c25fb581b7ba2efbb10345d262d1852ff5": 5.941460113848817e+17, "0xc11ce44147c9f6149fbe54adb0588523c38718d7": 5.672329417458618e+17, "0x24902aa0cf0000a08c0ea0b003b0c0bf600000e0": 5.2162803612915994e+17, "0x98c3d3183c4b8a650614ad179a1a98be0a8d6b8e": 4.756300053163038e+17, "0xf06434725b19cbaab053cb0b28f33818dca8630f": 4.3275699870661926e+17, "0x6cd057f80d4bb8f7da756df0ab6d4ddc967a2cc6": 4.209181054123839e+17, "0x1fc4b4bdf5162aa5e357041945c9333b2818adad": 4.194649384797807e+17, "0xb8fda4a24fb520963584c18e614cc6624443f897": 3.972296108244904e+17, "0xf3d73e0b269af04e856b83034b319f247e1e1c9f": 3.25762977424388e+17, "0x7253720c739c772b67c5f4deec314fa0b8360b54": 3.1230514964912346e+17, "0xd249942f6d417cbfdcb792b1229353b66c790726": 3.0704102336557286e+17, "0xdc3bfcb3521cd02af66d394f817a0e6fe62ded95": 2.864594298332816e+17, "0x767af52d988d1241a346851a1b39ccd11357376e": 2.7940283606230605e+17, "0x000000000dfde7deaf24138722987c9a6991e2d4": 2.5131893577916368e+17, "0xfd0000000100069ad1670066004306009b487ad7": 2.4492873590303555e+17, "0x0eae044f00b0af300500f090ea00027097d03000": 2.4276996107193533e+17, "0x838a5832eb19cfce692809f5b2de44b15380cda2": 2.1546575715453875e+17, "0xd19dc09880685dd8cf60687d57936358582876b5": 1.930595823272763e+17, "0xa4882f4dd805fed45615bd8ed43cbbd9bf5d5a93": 1.8387878784857094e+17, "0xdcd096340cccbadcdaebc26827449f04d48282d5": 1.6153862876189622e+17, "0xedfa6a2036f1cf4aabb8724491d5714376ff5fd6": 1.6097414677836403e+17, "0xcf8b0f9422084695ef702bfce33976982ff3304b": 1.5819491525818938e+17, "0xdc00e700b1709a9b7a0032f3c84373c2de00e620": 1.5733636574278886e+17, "0xa52a64501e816016030511aea0445f1a97ee6694": 1.503219290240414e+17, "0xac6a9e9ca65d4bcbea3e59c4c40128052bcc8882": 1.484665433837141e+17, "0x67fd18ffedb11f820e54b43d54fa756d74f6add7": 1.4243970503377182e+17, "0xccd30de6b3f2b1a8bb41578bf10743d102878a17": 1.2448685606046872e+17, "0x46fbf407d8b99b2f2e75deddd242ed51c2e3a4a9": 1.2241853685578704e+17, "0x38a868000000a600a300867c596d400d79970500": 1.2190416744439509e+17, "0x8b3d7096195d69f31f8b8bbc4b5ab910fdb1079c": 1.1496091178705675e+17, "0x000000000003750173a03a9055296acc36c6afb7": 1.0236385030372218e+17, "0x5550d13389bb70f45fcef58f19f6b6e87f6e747d": 9.953737367906088e+16, "0xcf5540fffcdc3d510b18bfca6d2b9987b0772559": 9.939149267692906e+16, "0x00000047bb99ea4d791bb749d970de71ee0b1a34": 9.714303844174493e+16, "0x83dafdfc8b2c564f3c95e8a987953c692f186de7": 9.580926704784552e+16, "0x01e0519b026d3d8bb42d668ad35d69dd1f68efd0": 9.147783456021738e+16, "0xd5ceb23c765dd954f064c81d146696efce21e4dd": 8.909558745310224e+16, "0xca8acfdcee7531be980e7670d9e6b80b8c2e08dc": 8.697634654464752e+16, "0x02170fafd0ed42ff7172ad4b64660215fc93d1be": 8.64453588418454e+16, "0x3fa6fff7212d3fa4317cf1955fa690993d8ced70": 8.526906688284168e+16, "0xf268035f5f7fa5bd43eb8b84723d880ec2748d81": 8.339937475497818e+16, "0x81153f0889ab398c4acb42cb58b565a5392bba95": 8.136117547386794e+16, "0xd3494f24c5becd266666364aad99cf4cdbc044a0": 7.603894620958846e+16, "0xe4000004000bd8006e00720000d27d1fa000d43e": 7.46135048140724e+16, "0x882d04c3d8410ddf2061b3cba2c3522854316feb": 7.436762371566194e+16, "0xa5b411aaeb798d99f107932689a5eece4d72a2ec": 7.365648432641306e+16, "0x1a6155ff9305f6e8a83f40736029b50078c187f0": 7.272243819202938e+16, "0x3e0918f43458db9f02d7ca915cc422204619f5a5": 6.947258099758647e+16, "0x3ea855779010d85e3d21c2eac35be056e174519c": 6.9249702940812264e+16, "0x4bdb391766a96ab370b9230784f30e3b2a32021f": 6.856900702443021e+16, "0x549efb3c8365f3f222aaa44d9af7894cdafff083": 6.8446286682785864e+16, "0x9dbf81e9d991cf8eadcb4ae6b53d6810bb9b5abf": 6.69731890456986e+16, "0x85bbffb3e85ef44ac6952ae9c6fc2537dc3c95cd": 6.516173861779468e+16, "0xeaabd0e75e930f9f36b68be30202d47fd9b58b92": 5.954795887022795e+16, "0xc5a854bb08819db9f7ab61b7b25b55935504212b": 5.9196019e+16, "0x9db7378614d8d9d7149c4ee4763f88c38f9b1517": 5.517835296134144e+16, "0xfd490a0a86687456c4acbebf88f4c40f02730161": 5.405512219279392e+16, "0x8385c093657503aebd55bac4a9bb0df5d3528835": 5.305766165889096e+16, "0x5b599155ade1f59f549a4a1297ddb5a4951b1b27": 5.170190290542899e+16, "0x85457c0e76251e6e70c8bf16071f369d3a2434ea": 4.833391470362985e+16, "0x1980bf6b31aff41285edaa30dacb32e5a88bbdfb": 4.796997616988211e+16, "0x36a7141537e064b7679b412acf866f20f06420ff": 4.687266657262551e+16, "0xc0e21f7674248610009918b42325812acba9e9c2": 4.648981646583786e+16, "0x14418603a87181d9923f648444dab8e9bcd22db6": 4.4315954569060136e+16, "0xf24a5cc235e5242d69fafbffd304f63b92ac82f9": 4.338465267030618e+16, "0x1fdb319cc1be16ff75ef84e408b0bc1594dd4d3c": 4.325935830124117e+16, "0x356cfd6e6d0000400000003900b415f80669009e": 4.311110574527993e+16, "0x0090eb43008a030065000000e70099482c00b6df": 3.9880998301643e+16, "0x16bc590b14d8f64b0e730677ecc34f831423ce0d": 3.941893017109003e+16, "0x0c3de458b51a11da7d4616f42f66c861e3859d3e": 3.889671657858876e+16, "0xc6c9e6dcae828a56a92a3c9b060ad69fc65dc103": 3.7854626437558536e+16, "0x38f935e58ee761352aa40c30284c4a4ac6596dc9": 3.612141702456799e+16, "0xccf5c5c263e5a81ca7941bba10b508ce0bb03b51": 3.5969979775232452e+16, "0xa69babef1ca67a37ffaf7a485dfff3382056e78c": 3.5454956872236732e+16, "0xe2b8eb988735f7709d08b7d07b41460073904830": 3.404373990656108e+16, "0x14857034288c885f1f984ba2afbaa2b78b286657": 3.23121077060362e+16, "0x00dd2caa56fafbab7529147ab5d2763978f50e8d": 3.2245381035723984e+16, "0xe5aa7a12df662acaaf9f56e8b98ef7f5a5da50b1": 3.1802108667163492e+16, "0xf2f3fa6d045bba08434b5be56f43cffe76a5979f": 3.142996918574229e+16, "0xf353ba4acadb19f599e1c8f3059e82f43feaf77d": 3.1397336737302124e+16, "0xf9bbb3424effd689ea778b7b7494fab275c0fe44": 3.095421719086719e+16, "0x7ca898cbbed67df0b4e249b05561d3a23404eed0": 3.040484008774308e+16, "0x6ed50b7908ce5ed0901d27ae3c7dc556dc036b4e": 3.03583621674884e+16, "0x6a68ac50ec418753f964dda48532c5804f21b1a8": 2.9165186931806576e+16, "0x702d948cb6519fe2ebc189b6ff76ea8f2b294aa6": 2.8988116300722684e+16, "0xc758d5718147c8c5bc440098d623cf8d96b95b83": 2.8580582655633252e+16, "0x9c4b41108132713767d8d5dd68c6d40adae97807": 2.8236581408128516e+16, "0xfcc1840574774680607d6813115c24d15e9c0911": 2.818896500524155e+16, "0x6bad92579b46123538f766dcb72cf72553957de3": 2.781018547487978e+16, "0x297f09d8cc7b7fd0c0a0be704dad7a3b327e3bce": 2.7695190538851092e+16, "0xaed01433a5f897d7f41cb3a447b9963a65ed8514": 2.7338425158373984e+16, "0xc0de02babe048d279d1ac193930169e715fe7612": 2.5956937819477132e+16, "0x59167c4293484ef6ecccc6e0ca6a87461d23f34b": 2.5735491369008468e+16, "0xa976ea51b9ba3232706af125a92e32788dc08ddc": 2.4531662943725336e+16, "0xbc8b7ff89eb2b73ecdd579f81424a3b582200808": 2.0906279475542124e+16, "0x6ff580805a3a3eb1fc447da40117ba51514c39ed": 2.004424321522877e+16, "0x43d037a562099a4c2c95b1e2120cc43054450629": 2.003742188211936e+16, "0x76c77d9036c2d47e157e0ba5298ae2a05d06771a": 1.962604804116059e+16, "0x43dea97e75237ba81bc806c7047b48321f19ab9d": 1.956105297105293e+16,