{"0xa69babef1ca67a37ffaf7a485dfff3382056e78c": 364.85158856418195, "0x51c72848c68a965f66fa7a88855f9f7784502a7f": 226.44195837102936, "0x000000000dfde7deaf24138722987c9a6991e2d4": 30.880487115683472, "0xd7f3fbe8c72a961a5515203eada59750437fa762": 23.181163232658484, "0x5050e08626c499411b5d0e0b5af0e83d3fd82edf": 21.2662436727718, "0x6f1cdbbb4d53d226cf4b917bf768b94acbab6168": 18.27483408140785, "0xfbeedcfe378866dab6abbafd8b2986f5c1768737": 17.88262881403928, "0xaafb85ad4a412dd8adc49611496a7695a22f4aeb": 13.713588009037771, "0xeaabd0e75e930f9f36b68be30202d47fd9b58b92": 13.043013110329875, "0xf98091ca1bb8e23e08cb2ebb1ca170fcae3ad4f2": 11.009068456849231, "0x98c3d3183c4b8a650614ad179a1a98be0a8d6b8e": 8.010209788608918, "0xe8cfad4c75a5e1caf939fd80afcf837dde340a69": 7.515193560853218, "0x1fb421310ceacd0afb2a429bbb4682e522b38ecb": 6.9554180881615775, "0x8385c093657503aebd55bac4a9bb0df5d3528835": 4.043651301651634, "0x81153f0889ab398c4acb42cb58b565a5392bba95": 3.940474851057309, "0xbb83b1b240220e82a0a4ba8a6c9e9b044b225e56": 3.812414933424592, "0xe6ae75be7c9317af842b8f2c2cd6dc7f49f17184": 3.5805700438661354, "0xed12310d5a37326e6506209c4838146950166760": 3.5375544754397694, "0x775c559d9a48ce5a8444c1035c3a8921ab477b8e": 3.4589340833394484, "0x67fd18ffedb11f820e54b43d54fa756d74f6add7": 3.407533643582248, "0x797a05dd6a8bfc1e1eaaa62e744d3aff197c46b1": 3.247027419450495, "0x0c3de458b51a11da7d4616f42f66c861e3859d3e": 3.2029616678739634, "0xf268035f5f7fa5bd43eb8b84723d880ec2748d81": 2.976323119237972, "0x64f9db27a2394696bdf72ed95bf2ab3fad9ac91d": 2.6118511903724997, "0xce966ec69b1416359c1f88b1683ab239ba8620ed": 2.4751851662305677, "0xc4b3fadbfbb49a8ab2621ad0078ca447690aed26": 2.25171006348536, "0x767c8bb1574bee5d4fe35e27e0003c89d43c5121": 2.2326607956956934, "0xbc2c6cd5013585ac720160efcb1feced30837177": 2.0803926325564617, "0x838a5832eb19cfce692809f5b2de44b15380cda2": 2.0637790609582765, "0x70c66f3ce5a5387a70e2773d054eff572525c6f4": 1.8534599294528138, "0xaf8887864653a612c928256943f073221e9fc1bf": 1.725290723318457, "0xc5c9f6dda68422984a06a66a3d1aebd7d979a158": 1.7098829999999998, "0xca8acfdcee7531be980e7670d9e6b80b8c2e08dc": 1.6975393906468363, "0x0e9f655e69264fa2e03802afdd742689f5cad3cd": 1.4658754141619583, "0x356cfd6e6d0000400000003900b415f80669009e": 1.458471549020028, "0x5e638ac1700e5ad5f937df30cb5bbc51a5a4c1ec": 1.4004218471375547, "0x445947140f5e1b742439f6ee24a7690d077bbb89": 1.3874851405215012, "0xc758d5718147c8c5bc440098d623cf8d96b95b83": 1.3711414986481427, "0x9ea3cda5c2adf0370454b9ee28786a068227b1a4": 1.2808449131285895, "0x06d9ca334a8a74474e9b6ee31280c494321ae759": 1.158654, "0x030f11dcba56b8038c3c94f056ea68dc7668630e": 1.1507771684938113, "0x88fcc3d7627f2233c7efa46ce6d50fd020ef9638": 1.1273625, "0x7b9d4d8772b8705ddc7456daf821c3022dda0504": 1.1012609999999998, "0x3511f837687ff7272a39a231cac1452ad71141fa": 1.091202, "0x5ea363d1b8c524e864dd6cd87b5b4eb8b4850227": 0.9832736175326755, "0x63756a3c3bf677baab9d9e06457402ed05be8570": 0.9785868056153487, "0xf54ac0316e845502bf64c4b2eb754945c36a5f33": 0.8799002167259106, "0x6e8d76bf316eb70d2ffe4ce5480449c65ea4b22a": 0.8738355720000002, "0x12b6eba545e4a9666cb7a77d1da25df9ffb172f3": 0.8730544372257013, "0x5519935e51fc403f6c69894e683f268c1883e938": 0.8342247948536557, "0xe9673491148d1e8edbb943f5826963e588999653": 0.8225295010705725, "0x28e261390adaa654f29dbe268109baf06e9b4cc4": 0.7974646236976125, "0x8f40a617a0839849e86992dc5f284fbae24d2288": 0.7880000000000001, "0xbfb2e0239397e4388dc91dd44b953d83a5db3386": 0.751065831096802, "0xd249942f6d417cbfdcb792b1229353b66c790726": 0.6934083349807021, "0xcc5961aaa6ffceeccee4beabbfd5a271b2f56e7e": 0.6535776853509129, "0xcfd4176f7975c70f800d87aeaca316270521595a": 0.6429650113441507, "0xf06434725b19cbaab053cb0b28f33818dca8630f": 0.6199219643880551, "0x826a4f4da02588737d3c27325b14f39b5151ca3c": 0.6044657163301758, "0x1a6155ff9305f6e8a83f40736029b50078c187f0": 0.556592488290888, "0x4a137fd5e7a256ef08a7de531a17d0be0cc7b6b6": 0.5305557763083929, "0xf01cde6d70596b7255dd2fcfbd19feaf4ed142f9": 0.5006133465169549, "0xe72889f88f279043206698c50b752fc6eb47b63f": 0.47247609398870005, "0x4ec0afad3bc8152a7de9683a85587a514876519a": 0.44957549595115964, "0x8db64ee50717a0418adf9ad99d8685318d4d4579": 0.44619808450949994, "0xb18854957eb33993fbc4e70839163808c5fa0518": 0.4234980713748773, "0x6af49606d941cda32de1ee94397dc821ceb09dac": 0.4113874073907558, "0x000000e1fddf4fe15db5f23ae3ee83c6a11e8dd1": 0.3938025513155578, "0x0000000000c2f3017e5af636ea91bd68ec3888ed": 0.39112612386261225, "0xf249cec5882bf45c028550de230aeb1a8f905597": 0.3892606756704277, "0xd460f9384f5328cf93df6970cdbfe392be03d006": 0.37898719863212993, "0x99b1817acb40e76c309e26b2face9da9eff55317": 0.37233287122754244, "0x3e0918f43458db9f02d7ca915cc422204619f5a5": 0.37067301343751635, "0x18abedebf76e1e6fdeb3ae0a5dd06daa28112abf": 0.3602270273763409, "0x2647402378bb40a48321255f827615e5ce24cdce": 0.34800000000000003, "0x1fc4b4bdf5162aa5e357041945c9333b2818adad": 0.33472750003057367, "0xc11ce44147c9f6149fbe54adb0588523c38718d7": 0.3298146441092236, "0x235c1fcd169a7e6ffca463f9c22d88beceeba62b": 0.30429592801588984, "0x4ddc7d0661f28205f45c9caf787095a96e356ffd": 0.30330922131688165, "0x5079fc00f00f30000e0c8c083801cfde000008b6": 0.2855560801683747, "0xd5c35b4c7ffb61d6159dfa2771deed3067472f87": 0.2621539061804549, "0x2f1d79860cf6ea3f4b3b734153b52815773c0638": 0.24699228244619106, "0xd19dc09880685dd8cf60687d57936358582876b5": 0.24462728749204843, "0x0000007145e8dda90f799e9bcddb6d5e097e98ea": 0.22462876508800247, "0xbdb241f7fd4ed7f0f40fc6c26b7c1f8dd21b6c49": 0.220827358619066, "0xaed01433a5f897d7f41cb3a447b9963a65ed8514": 0.21373870370822717, "0x0035146a0000af00ef048f0000e80061a10014cb": 0.21196855738387238}