{"rsyncbuilderxyz": {"0x7fb89bb24163d3f5fd7a84ef3a2d0b00d5671b85": 1.1438e+18, "0xf3d73e0b269af04e856b83034b319f247e1e1c9f": 7.64035487978487e+17, "0x51c72848c68a965f66fa7a88855f9f7784502a7f": 5.1368938732667437e+17, "0xe8cfad4c75a5e1caf939fd80afcf837dde340a69": 2.347412941278405e+17, "0xe1ce310e3cb20073ff25b1a76faa7e032f41cf7c": 1.631188371348895e+17, "0x767c8bb1574bee5d4fe35e27e0003c89d43c5121": 1.5717491437007133e+17, "0x6719c6ebf80d6499ca9ce170cda72beb3f1d1a54": 1.4585636632487987e+17, "0x6e8d76bf316eb70d2ffe4ce5480449c65ea4b22a": 1.30359975556e+17, "0xc11ce44147c9f6149fbe54adb0588523c38718d7": 1.2030652329038946e+17, "0x5c2047f54d2d518ee05a90d29ffc1968ae079ae1": 7.5265034427e+16, "0xf06434725b19cbaab053cb0b28f33818dca8630f": 7.1257175496e+16, "0x99b1817acb40e76c309e26b2face9da9eff55317": 6.388803244865e+16, "0x767af52d988d1241a346851a1b39ccd11357376e": 5.284059026156913e+16, "0x0000000000c2f3017e5af636ea91bd68ec3888ed": 4.801024140113966e+16, "0x14857034288c885f1f984ba2afbaa2b78b286657": 4.2032451087e+16, "0xb5faedcafd459248690efa2228b38b6912020489": 3.75067485465e+16, "0xbc2c6cd5013585ac720160efcb1feced30837177": 2.9011945312e+16, "0x83dafdfc8b2c564f3c95e8a987953c692f186de7": 2.73116034416e+16, "0x1cdcec6630c99863fb1307c812691bc688f3e92e": 2.651510820084457e+16, "0xede60dc204dc707678a1904e6f1d039c895a8656": 2.58399392301e+16, "0x00000047bb99ea4d791bb749d970de71ee0b1a34": 2.250248692625906e+16, "0x0bd2af7132ff0f92566db2f4093ca422a093ee4d": 2.1496507597e+16, "0xcdc5922267d22d56b06bcf1e420b598c3d72ff7b": 1.8131969058978144e+16, "0xeaabd0e75e930f9f36b68be30202d47fd9b58b92": 1.8042192094177944e+16, "0xd249942f6d417cbfdcb792b1229353b66c790726": 1.621126000826116e+16, "0x00000000d3baaa99a7e09ad0cd6efa987484064f": 1.4463492502768078e+16, "0x67f84c66683433e12485c7bbc83ff3895538fb4a": 1.2755438736375e+16, "0x58ea802f5ee0278e942c0297477c1a51898abc6a": 1.25041422255e+16, "0x1fc4b4bdf5162aa5e357041945c9333b2818adad": 1.22153615342e+16, "0x924175a7ce9808cd9da18d152dc8c13fd28757a5": 1.113108e+16, "0x589be9ccb62e7148413e3df4f3d6a1ce6954cf17": 1.051836e+16, "0x015981bfb30f5455619a64963df2e2f8e1a21cc7": 9701577384156524.0, "0x98c3d3183c4b8a650614ad179a1a98be0a8d6b8e": 9513690175290444.0, "0xe72889f88f279043206698c50b752fc6eb47b63f": 6316722000000000.0, "0x549efb3c8365f3f222aaa44d9af7894cdafff083": 5950199660339648.0, "0x356cfd6e6d0000400000003900b415f80669009e": 4858646872286482.0, "0x08a61c799e05f983803f33696f5654a49e166d19": 3805940809895967.0}, "Titantitanbuilderxyz": {"0x7fb89bb24163d3f5fd7a84ef3a2d0b00d5671b85": 2.14605e+18, "0xf3d73e0b269af04e856b83034b319f247e1e1c9f": 1.0789953780586666e+18, "0x767c8bb1574bee5d4fe35e27e0003c89d43c5121": 6.818077076360799e+17, "0x99b1817acb40e76c309e26b2face9da9eff55317": 4.21917382423e+17, "0x5c2047f54d2d518ee05a90d29ffc1968ae079ae1": 2.564976033795e+17, "0xbc2c6cd5013585ac720160efcb1feced30837177": 1.667948742872e+17, "0xe1ce310e3cb20073ff25b1a76faa7e032f41cf7c": 1.5349195015128538e+17, "0x3e0918f43458db9f02d7ca915cc422204619f5a5": 1.1905328191967e+17, "0xd70141861e0a6929b7c7e4aabf4f54962a8da451": 1.0391016557485e+17, "0x83dafdfc8b2c564f3c95e8a987953c692f186de7": 9.38279703116e+16, "0x59167c4293484ef6ecccc6e0ca6a87461d23f34b": 7.159090231376339e+16, "0xb5faedcafd459248690efa2228b38b6912020489": 5.6131078458e+16, "0xcdc5922267d22d56b06bcf1e420b598c3d72ff7b": 5.305531271246762e+16, "0x0000000000c2f3017e5af636ea91bd68ec3888ed": 4.8043814503998696e+16, "0xcac7f5ecc7ec8db67c08bf156e8a1e493966c7d3": 4.765190588325e+16, "0x445947140f5e1b742439f6ee24a7690d077bbb89": 4.6577619434e+16, "0x00000047bb99ea4d791bb749d970de71ee0b1a34": 3.669563302292628e+16, "0x6f1cdbbb4d53d226cf4b917bf768b94acbab6168": 3.5159039211e+16, "0xede60dc204dc707678a1904e6f1d039c895a8656": 2.720232013025e+16, "0x3fa6fff7212d3fa4317cf1955fa690993d8ced70": 2.284030369897239e+16, "0xa46fd59672434d1917972f1469565baeb57ed204": 1.987927877013149e+16, "0xc11ce44147c9f6149fbe54adb0588523c38718d7": 1.9529619240988708e+16, "0x8385c093657503aebd55bac4a9bb0df5d3528835": 1.9e+16, "0x0dccebf4aefb5eb64d70baea09ec86b8e339b552": 1.8839012881e+16, "0xa5b411aaeb798d99f107932689a5eece4d72a2ec": 1.8121244767e+16, "0x38a868000000a600a300867c596d400d79970500": 1.7283298537e+16, "0x69460570c93f9de5e2edbc3052bf10125f0ca22d": 1.7202518898126884e+16, "0x7c93e5c1fb4a4a6ada330395ecf44adc0634f5ca": 1.7151077650678914e+16, "0x767af52d988d1241a346851a1b39ccd11357376e": 1.6277642882387676e+16, "0xa302ab2473e6682525db2e2ed15f3dba03930d38": 1.5577875056952e+16, "0x81d69a8dc9364cfb8273b1b55f9d4715ec782fd9": 1.3955252709e+16, "0xf2458bd228d8a39b64bd3b9f84890e957cac3bbc": 1.218896454921024e+16, "0x67f84c66683433e12485c7bbc83ff3895538fb4a": 1.04536235305e+16, "0x589be9ccb62e7148413e3df4f3d6a1ce6954cf17": 1.0212e+16, "0x0fe08d911246566fdfd4afe0181a21ab810ee1c2": 1.00505580337e+16, "0xeef33b4779fc9e13b1e30691822d5f447d2161b8": 9599619097579860.0, "0xe8cfad4c75a5e1caf939fd80afcf837dde340a69": 8420377108551408.0, "0xd249942f6d417cbfdcb792b1229353b66c790726": 8290702845403454.0, "0xecd016476bb966903aa37e29520e4ea2e79bb5f7": 8239751443872399.0, "0x98c3d3183c4b8a650614ad179a1a98be0a8d6b8e": 5008489308529948.0, "0x015981bfb30f5455619a64963df2e2f8e1a21cc7": 4784112583010066.0, "0x549efb3c8365f3f222aaa44d9af7894cdafff083": 4764714174429108.0}, "beaverbuildorg": {"0xe8cfad4c75a5e1caf939fd80afcf837dde340a69": 5.0845873966186566e+17, "0xbc2c6cd5013585ac720160efcb1feced30837177": 4.054747226628e+17, "0xf3d73e0b269af04e856b83034b319f247e1e1c9f": 3.638571567773118e+17, "0x767c8bb1574bee5d4fe35e27e0003c89d43c5121": 2.537846613884685e+17, "0x000000000dfde7deaf24138722987c9a6991e2d4": 1.88001404126e+17, "0xe1ce310e3cb20073ff25b1a76faa7e032f41cf7c": 1.4663090290058803e+17, "0x59167c4293484ef6ecccc6e0ca6a87461d23f34b": 1.4343063621900936e+17, "0x99b1817acb40e76c309e26b2face9da9eff55317": 1.2051560215025e+17, "0x0000000000c2f3017e5af636ea91bd68ec3888ed": 1.1859618775895789e+17, "0x06bde8200803fec9b6de8b968cffc270b30ffdb8": 8.1935543106e+16, "0x6719c6ebf80d6499ca9ce170cda72beb3f1d1a54": 5.860244740793749e+16, "0x924175a7ce9808cd9da18d152dc8c13fd28757a5": 4.687308e+16, "0xb5faedcafd459248690efa2228b38b6912020489": 4.471031446275e+16, "0x38a868000000a600a300867c596d400d79970500": 4.4014165608e+16, "0x93b0e2d48b657f9cfdebeb9b7a5d0b0abb8a3103": 4.30282400511e+16, "0x40c9a29eb64769200704ed4285c09e1bfbb7afcb": 4.0396131526e+16, "0xf06434725b19cbaab053cb0b28f33818dca8630f": 4.025506957695e+16, "0x767af52d988d1241a346851a1b39ccd11357376e": 3.913079738956434e+16, "0xc11ce44147c9f6149fbe54adb0588523c38718d7": 3.82246562701468e+16, "0x81153f0889ab398c4acb42cb58b565a5392bba95": 3.1700045917552828e+16, "0xede60dc204dc707678a1904e6f1d039c895a8656": 2.89e+16, "0x1fb421310ceacd0afb2a429bbb4682e522b38ecb": 2.884581558195373e+16, "0xe4000004000bd8006e00720000d27d1fa000d43e": 2.740305469559163e+16, "0xd249942f6d417cbfdcb792b1229353b66c790726": 2.521525886590431e+16, "0xcac7f5ecc7ec8db67c08bf156e8a1e493966c7d3": 1.9963156698e+16, "0xd70141861e0a6929b7c7e4aabf4f54962a8da451": 1.928997338562e+16, "0x76b5a83c8c8097e7723eda897537b6345789b229": 1.821249473855e+16, "0x67f84c66683433e12485c7bbc83ff3895538fb4a": 1.6727898513e+16, "0x6f1cdbbb4d53d226cf4b917bf768b94acbab6168": 1.5375229668e+16, "0xcdc5922267d22d56b06bcf1e420b598c3d72ff7b": 1.357966281875554e+16, "0x99b5c0087e7ad4c0269a13ac0ef9e9ec4d42c9f9": 1.335281359294341e+16, "0x6857388e2643ccd48da020a8792f1d6ff6d99d1c": 1.2793076402569092e+16, "0x7e1da53b99898081bda98bdff925105a04000989": 1.2673536550572996e+16, "0xe72889f88f279043206698c50b752fc6eb47b63f": 1.08873e+16, "0xc158e8d6e055d34b5fdf43ab5b435c11a20beb6e": 1.087788020728752e+16, "0x00000047bb99ea4d791bb749d970de71ee0b1a34": 7545400928759708.0, "0x356cfd6e6d0000400000003900b415f80669009e": 7268693329707956.0, "0x0fe08d911246566fdfd4afe0181a21ab810ee1c2": 6635605935980000.0, "0xeef33b4779fc9e13b1e30691822d5f447d2161b8": 6093889928653408.0, "0x015981bfb30f5455619a64963df2e2f8e1a21cc7": 5794539824007750.0,