{"0xa69babef1ca67a37ffaf7a485dfff3382056e78c": 532.1054008988908, "0x51c72848c68a965f66fa7a88855f9f7784502a7f": 153.60513019919568, "0x6f1cdbbb4d53d226cf4b917bf768b94acbab6168": 72.35960294209858, "0xe08beb8c48e71fd08560db2fbaaa0701b187c7a7": 52.96436295185843, "0xa0b18cdf5f395d98c061b753d8dedb28c7aee450": 30.150556141543934, "0x7b577a879665ef6ad344da61de7ec2371f6ff68f": 29.080213261041223, "0x000000000dfde7deaf24138722987c9a6991e2d4": 24.634248913794234, "0x09850f8f1338a0b8c7d94dcc361e965b78d0175a": 23.387833847262318, "0xa52a64501e816016030511aea0445f1a97ee6694": 20.179033645999947, "0x54eeb92cf8ad49c2cb4dc8c9eb5dc9538836016b": 19.696719191126594, "0x1a6155ff9305f6e8a83f40736029b50078c187f0": 17.268561112142855, "0x14fcc715dfa45f9a2790e85d7f54cd06b5f61b07": 17.194, "0xd7f3fbe8c72a961a5515203eada59750437fa762": 16.70320927018073, "0xfbeedcfe378866dab6abbafd8b2986f5c1768737": 15.508068973282848, "0x752e87b5f1397e171d5383cec3d4c51a8d3c114b": 13.771124253885878, "0x1fb421310ceacd0afb2a429bbb4682e522b38ecb": 11.703849339622487, "0x5050e08626c499411b5d0e0b5af0e83d3fd82edf": 11.442056274598354, "0x00000000000006b2ab6decbc6fc7ec6bd2fbc720": 10.340442031536465, "0x98c3d3183c4b8a650614ad179a1a98be0a8d6b8e": 9.562654358172766, "0xf35be9a9a0d4b67e776115fa3b6381986379894d": 7.158004315175115, "0xe6ae75be7c9317af842b8f2c2cd6dc7f49f17184": 6.88601174734948, "0x3951fe8a4ee598566060c577838e4ddcc1ca13c1": 6.710461010087775, "0xc6fecdf760af24095cded954de7d81ab49f8bae1": 6.63460573742406, "0x67fd18ffedb11f820e54b43d54fa756d74f6add7": 6.222619948356368, "0x81153f0889ab398c4acb42cb58b565a5392bba95": 6.22092600404572, "0x775c559d9a48ce5a8444c1035c3a8921ab477b8e": 5.668400860530434, "0x70c66f3ce5a5387a70e2773d054eff572525c6f4": 4.928931978443751, "0x493f461aead031cee2027f1b95370a692611acb9": 3.80839779624317, "0x0c3de458b51a11da7d4616f42f66c861e3859d3e": 3.732128027055805, "0x5571d62244423529a4bc3762fde757efeedcaa61": 3.724549918328536, "0xe4000004000bd8006e00720000d27d1fa000d43e": 3.4768598230933154, "0x3aa228a80f50763045bdfc45012da124bd0a6809": 3.4260668172745135, "0xc5a854bb08819db9f7ab61b7b25b55935504212b": 3.0800000000000005, "0x49bc3cec1fb7978746f742a4e485d0d601831cea": 2.6366617571010367, "0xe27baebd7b14602de3797974db9f5f4f8dcb6679": 2.3600680644061054, "0xbb83b1b240220e82a0a4ba8a6c9e9b044b225e56": 2.340303371454476, "0x8385c093657503aebd55bac4a9bb0df5d3528835": 2.3185223024781454, "0x4b4867541f6e756be4119a171b7da17a1558c463": 1.9752758323477306, "0x761d80987a36fc271875ea4de17539e8c82ae51d": 1.8623309031761806, "0x329e0e39d814d4ee6b45afa660b8a2f5fb23c298": 1.7092718939198834, "0x445947140f5e1b742439f6ee24a7690d077bbb89": 1.526203069804627, "0x1cdcec6630c99863fb1307c812691bc688f3e92e": 1.4840417028825197, "0xba3f5c056500ce033e9d74494b820d495efcf19d": 1.2970132785279025, "0x901996e18a3b15359a62ceb247647665fb8ade89": 1.2852772131326324, "0x50555ffe42e011ff1c5cc4fa608aac963193f04f": 1.2784664119246576, "0x030f11dcba56b8038c3c94f056ea68dc7668630e": 1.2551775467621586, "0x000000000003750173a03a9055296acc36c6afb7": 1.209, "0x12b6eba545e4a9666cb7a77d1da25df9ffb172f3": 1.080170335875513, "0x000000d40b595b94918a28b27d1e2c66f43a51d3": 1.074405111733814, "0x7d32c90762e22379235fc311fdb16fab399ed40a": 1.0704852670681804, "0x9ea3cda5c2adf0370454b9ee28786a068227b1a4": 1.0230163072060097, "0x6e8d76bf316eb70d2ffe4ce5480449c65ea4b22a": 1.0023268777059724, "0x53facee52e897740b140f5304e9cd9dc6238d735": 0.9880279523219739, "0x4a137fd5e7a256ef08a7de531a17d0be0cc7b6b6": 0.9750938057068208, "0xe44975f2e85c63ef1a3721994cbbc2a87beeaab0": 0.9296971318790394, "0x797a05dd6a8bfc1e1eaaa62e744d3aff197c46b1": 0.9270863831853601, "0x5519935e51fc403f6c69894e683f268c1883e938": 0.8618428562962057, "0xf268035f5f7fa5bd43eb8b84723d880ec2748d81": 0.8537869166941829, "0x5968ada261a84e19a6c85830e655647752585ed4": 0.7939857752485773, "0xfb5185b7f8c61f815b57de679bbc857f510352f7": 0.7545920623357112, "0xeef33b4779fc9e13b1e30691822d5f447d2161b8": 0.7503847236344473, "0xcf8b0f9422084695ef702bfce33976982ff3304b": 0.7321000000000002, "0xc758d5718147c8c5bc440098d623cf8d96b95b83": 0.73042034355038, "0x00000000de337b4fff5fcbe4df67a85d0bad5d16": 0.7272266241626675, "0xe9cbfec52ef797624ed941b0ed157607560f5167": 0.7198749960206305, "0x9e6939528b4b2bfd3ac984b69b64c1132303dc3b": 0.711, "0x95c0c8a41caaa33f22ff042dc4279ed2b4e74041": 0.6890885087706395, "0xeeeeeeeedc84cf6c897c92a02d7e31e6524c935e": 0.6681652492502432, "0xcfd4176f7975c70f800d87aeaca316270521595a": 0.6253287465609398, "0x356cfd6e6d0000400000003900b415f80669009e": 0.5849273714663734, "0x387d058d208e1b49bd192b0a14c4a75f171f0172": 0.5651418616049271, "0x46ca4961519b1eb91669badc526629f2c6690400": 0.54, "0x0000000f9c4e004706afdca3b2f0c8f08838eb58": 0.5362980495092174, "0x5e638ac1700e5ad5f937df30cb5bbc51a5a4c1ec": 0.5160423840975776, "0x000000e1fddf4fe15db5f23ae3ee83c6a11e8dd1": 0.4992766963672867, "0x2f1d79860cf6ea3f4b3b734153b52815773c0638": 0.4840617710859856, "0x6eb2850aa3a3b700a7a976dfb36ff2fee7bc1e62": 0.45547, "0x8db64ee50717a0418adf9ad99d8685318d4d4579": 0.38642608171750287, "0x63756a3c3bf677baab9d9e06457402ed05be8570": 0.3792897284580576, "0xce66faca3e5e033b9513255d09adb178e4a45a3c": 0.36696728369459164, "0x6f87f1fbf96c1bb0b0cc9bf6a456566919900d3e": 0.3594707983011019}