{"0xa69babef1ca67a37ffaf7a485dfff3382056e78c": 337.4660372436591, "0x51c72848c68a965f66fa7a88855f9f7784502a7f": 279.68231717351347, "0x6f1cdbbb4d53d226cf4b917bf768b94acbab6168": 58.47831251923719, "0x98c3d3183c4b8a650614ad179a1a98be0a8d6b8e": 32.89441133570239, "0x000000000dfde7deaf24138722987c9a6991e2d4": 19.715541538794948, "0xcb83ca9633ad057bd88a48a5b6e8108d97ad4472": 18.339999081507084, "0xef97b8a6cbb72feeccf5bc5e897078e9e53ee0a4": 14.554580575492828, "0x2c2c82e7caf5f14e4995c366d9db8cdfdf7677e3": 14.458462932340902, "0xbc54cb8f702f6f404aa83d986ee793db5c4e5359": 14.091352743491735, "0x63756a3c3bf677baab9d9e06457402ed05be8570": 10.776940856825238, "0xe8cfad4c75a5e1caf939fd80afcf837dde340a69": 10.727182157086522, "0x28e261390adaa654f29dbe268109baf06e9b4cc4": 8.647670260862613, "0x8385c093657503aebd55bac4a9bb0df5d3528835": 8.242092404134311, "0x000000e1fddf4fe15db5f23ae3ee83c6a11e8dd1": 8.145337526134222, "0x18abedebf76e1e6fdeb3ae0a5dd06daa28112abf": 8.105367465394771, "0x2deae6ce94d65ac1de19a1fc4bb160c4e02c92ef": 7.656897569119634, "0x0000000000450702bc4f750fd1e7ecad7054c4f1": 7.564190608080401, "0x4ddc7d0661f28205f45c9caf787095a96e356ffd": 7.521522884040313, "0x1fb421310ceacd0afb2a429bbb4682e522b38ecb": 7.118805741445319, "0xc758d5718147c8c5bc440098d623cf8d96b95b83": 6.725291926848738, "0x32801ab1957aaad1c65289b51603373802b4e8bb": 5.695551994925675, "0xb13c95e00312e301085d29ebb84c21fca663daae": 5.136540654672354, "0xed12310d5a37326e6506209c4838146950166760": 5.020241868063635, "0x360e051a25ca6decd2f0e91ea4c179a96c0e565e": 4.459806496510095, "0xe6ae75be7c9317af842b8f2c2cd6dc7f49f17184": 4.413317926334084, "0x6ea7fb8e16c1f03fba90f891567b520bf4ca6f6a": 4.0252481382099745, "0xc11ce44147c9f6149fbe54adb0588523c38718d7": 3.8490067180758305, "0x493f461aead031cee2027f1b95370a692611acb9": 3.6133722231117087, "0x3511f837687ff7272a39a231cac1452ad71141fa": 3.610656000000001, "0x99b1817acb40e76c309e26b2face9da9eff55317": 3.568066916276121, "0x7d23e5c85c9525b777ba9b317f4aa271d33b69a5": 3.5471028272525404, "0xbc2c6cd5013585ac720160efcb1feced30837177": 3.49168557652004, "0xc5c9f6dda68422984a06a66a3d1aebd7d979a158": 3.428712000000001, "0xcfd4176f7975c70f800d87aeaca316270521595a": 3.38388100954094, "0x7b9d4d8772b8705ddc7456daf821c3022dda0504": 3.1331580000000008, "0xd249942f6d417cbfdcb792b1229353b66c790726": 2.6411503368670153, "0x0000000000c2f3017e5af636ea91bd68ec3888ed": 2.5824709711200993, "0x356cfd6e6d0000400000003900b415f80669009e": 2.308270123464569, "0x030f11dcba56b8038c3c94f056ea68dc7668630e": 1.8785519350421975, "0x3128bd6ec7830f4d7ed7975ce613739dbc1628a3": 1.68329950914251, "0x2f1d79860cf6ea3f4b3b734153b52815773c0638": 1.6093927312587446, "0xeef33b4779fc9e13b1e30691822d5f447d2161b8": 1.5264349950139433, "0xe4000004000bd8006e00720000d27d1fa000d43e": 1.5160779618140288, "0xd19dc09880685dd8cf60687d57936358582876b5": 1.4292318844239236, "0xeb91a9f0ed4cb8c4b4ffb2df3c73ec62d8019bab": 1.410325992959252, "0x06d9ca334a8a74474e9b6ee31280c494321ae759": 1.3352010000000003, "0x8e30dead12d19228cf9cdc984f237f0ad00df195": 1.3311362248692118, "0x8fe96010dc934df5d2bc81aaa65a869fd850b930": 1.3223742801102392, "0x5079fc00f00f30000e0c8c083801cfde000008b6": 1.2075163438014211, "0x826a4f4da02588737d3c27325b14f39b5151ca3c": 1.0430292521893445, "0x7b9ab5cdc4b1ff7d541f4de11e210f6e57f8c6fc": 1.0370000000000004, "0xf268035f5f7fa5bd43eb8b84723d880ec2748d81": 0.9501392043739628, "0x952e24a9f49a15cac92cf1f6d01b9536959948f4": 0.9446568286598939, "0x1ae235406e5df15e7c8e55df6c16e643eea44d17": 0.8758974978433992, "0xe17bee553abf72a125b8da246a4225f0d956ca48": 0.8633986246265108, "0x3fa6fff7212d3fa4317cf1955fa690993d8ced70": 0.8101340380816148, "0x1c073d5045b1abb6924d5f0f8b2f667b1653a4c3": 0.7641235609554496, "0x4a137fd5e7a256ef08a7de531a17d0be0cc7b6b6": 0.7533560719380733, "0x291c8329f1b08e0fa3ec80799a6f90d6854886da": 0.7364514501865413, "0x008ec83599cc011e884eabe64a1efb9dc8a6fc05": 0.6684275441389397, "0x73d8d3124b164a216053957f6e160be292b8ef77": 0.5735200111301353, "0x5e638ac1700e5ad5f937df30cb5bbc51a5a4c1ec": 0.5655923338555965, "0xfdc515f6d4a8754ab4ea5094ef7d90772533b6b6": 0.56300280401809, "0xdc00e700b1709a9b7a0032f3c84373c2de00e620": 0.5333557826300421, "0xca980f000771f70b15647069e9e541ef73f71f2f": 0.5253451326034714, "0x7505e1ab26b8fa7bda28f595ae9fa278bf805aac": 0.5249888613216079, "0x50b8f49f4b2e80e09ce8015c4e7a9c277738fd3d": 0.5125729774750617, "0x770e2e68000065ac970382fe3af0d500bb00a200": 0.497472803532063, "0x00000047bb99ea4d791bb749d970de71ee0b1a34": 0.49053203380277166, "0x8350ef51649756815a0b86da63b9903c1a6e2549": 0.47791335890249337, "0x42183725df3be80bcefb3d12528417698c0c8a8c": 0.45955753180808956, "0x962ff91910e128acd10f3b238e95651af490a88f": 0.4516842841736534, "0x6790f73b21220cc855ae72ceedff5855b4ac7346": 0.443, "0x38a868000000a600a300867c596d400d79970500": 0.4163435066253538, "0xe9cbfec52ef797624ed941b0ed157607560f5167": 0.4042066546023442, "0xc0de02babe048d279d1ac193930169e715fe7612": 0.3734350645379043, "0xf88424cc0ffef9fd8456ca982cb5eaf872585a46": 0.3680926585512488, "0xa5b411aaeb798d99f107932689a5eece4d72a2ec": 0.32540201033971305, "0xdad74a72c90f80c9b09412f3bd4e9f7497ebab78": 0.3251722145487528, "0x8fa27ea292c917c4738a2480ac88d9459f004870": 0.3225, "0x2560009300006600026069c00400d10a50326f00": 0.2880725960656778, "0x00000000ede6d8d217c60f93191c060747324bca": 0.2835034267586468, "0xcf5540fffcdc3d510b18bfca6d2b9987b0772559": 0.2778719269433955, "0x2f17d3ceb71ad380441a90f8cb1882d91819e0f1": 0.265, "0x000000000003750173a03a9055296acc36c6afb7": 0.26019525683694944, "0x3de8eb830000f1d914294d000051000031a81d00": 0.25039847115707803, "0x73012eecbb5c07cac9d0c7ed207596556482a5e8": 0.2488217402113732, "0x5550d13389bb70f45fcef58f19f6b6e87f6e747d": 0.24415705953301545, "0x815808d9cd7fa75c7a7fbb19c7fe60a5295104e5": 0.23711673412968742, "0x852554a0471d427c1bbd41b4d50df0904ac0fd35": 0.22740233964406606, "0xd198fbe60c49d4789525fc54567447518c7d2a11": 0.22259150147405962, "0xb8fda4a24fb520963584c18e614cc6624443f897": 0.21905441596102823, "0xfcc1840574774680607d6813115c24d15e9c0911": 0.20551006396110244}