{"0x000000000dfde7deaf24138722987c9a6991e2d4": 1.403036181889731e+20, "0x51c72848c68a965f66fa7a88855f9f7784502a7f": 6.506025578952167e+19, "0xe8cfad4c75a5e1caf939fd80afcf837dde340a69": 5.787718001589638e+19, "0xe1ce310e3cb20073ff25b1a76faa7e032f41cf7c": 4.997575340257319e+19, "0xf3d73e0b269af04e856b83034b319f247e1e1c9f": 4.9533627379629605e+19, "0x235c1fcd169a7e6ffca463f9c22d88beceeba62b": 4.770018868558147e+19, "0x1fb421310ceacd0afb2a429bbb4682e522b38ecb": 3.873832143895308e+19, "0x6f1cdbbb4d53d226cf4b917bf768b94acbab6168": 3.82881701714227e+19, "0x6719c6ebf80d6499ca9ce170cda72beb3f1d1a54": 2.955417756757425e+19, "0x767c8bb1574bee5d4fe35e27e0003c89d43c5121": 2.319466773215966e+19, "0x99b1817acb40e76c309e26b2face9da9eff55317": 2.276279246923015e+19, "0xbc2c6cd5013585ac720160efcb1feced30837177": 2.27401679356624e+19, "0x50b8f49f4b2e80e09ce8015c4e7a9c277738fd3d": 2.204692265193152e+19, "0x7fb89bb24163d3f5fd7a84ef3a2d0b00d5671b85": 2.13914652177748e+19, "0x01e0519b026d3d8bb42d668ad35d69dd1f68efd0": 1.8592752372342997e+19, "0x28e261390adaa654f29dbe268109baf06e9b4cc4": 1.407013566977323e+19, "0xd249942f6d417cbfdcb792b1229353b66c790726": 1.3919271162638825e+19, "0xf06434725b19cbaab053cb0b28f33818dca8630f": 1.378406274209865e+19, "0x000000000003750173a03a9055296acc36c6afb7": 1.3610462876660042e+19, "0x38a868000000a600a300867c596d400d79970500": 1.1264097733002e+19, "0x81153f0889ab398c4acb42cb58b565a5392bba95": 1.0772148885429768e+19, "0xc11ce44147c9f6149fbe54adb0588523c38718d7": 9.566900391353864e+18, "0x5c2047f54d2d518ee05a90d29ffc1968ae079ae1": 9.5441856822225e+18, "0x767af52d988d1241a346851a1b39ccd11357376e": 8.030938804218189e+18, "0xa5b411aaeb798d99f107932689a5eece4d72a2ec": 7.93065700807e+18, "0xedfa6a2036f1cf4aabb8724491d5714376ff5fd6": 7.919050096866918e+18, "0x8385c093657503aebd55bac4a9bb0df5d3528835": 7.454878879163999e+18, "0x98c3d3183c4b8a650614ad179a1a98be0a8d6b8e": 6.886941354068727e+18, "0xe2b6601667f0a6bd9f68441e2e0b81e4fcfbb2eb": 6.69903513522e+18, "0x3fa6fff7212d3fa4317cf1955fa690993d8ced70": 6.687839897376937e+18, "0x5c86e04389b70071c90f885f99d48135ad5b78ab": 5.965292889825031e+18, "0xcac7f5ecc7ec8db67c08bf156e8a1e493966c7d3": 5.540834572012799e+18, "0x01e06725d25b573a2f73503198e3214223442cfc": 5.5125000000755e+18, "0x02170fafd0ed42ff7172ad4b64660215fc93d1be": 5.296733301265501e+18, "0x4bdb391766a96ab370b9230784f30e3b2a32021f": 4.8818854552927e+18, "0x1fc4b4bdf5162aa5e357041945c9333b2818adad": 4.510886902070201e+18, "0xa27c56b3969cfb8fbce427337d98e3bd794ec688": 4.2705174139676954e+18, "0xc158e8d6e055d34b5fdf43ab5b435c11a20beb6e": 4.0945827025089536e+18, "0x445947140f5e1b742439f6ee24a7690d077bbb89": 3.474313289142e+18, "0x14857034288c885f1f984ba2afbaa2b78b286657": 3.408945979923e+18, "0xa4882f4dd805fed45615bd8ed43cbbd9bf5d5a93": 3.400441667825645e+18, "0xede60dc204dc707678a1904e6f1d039c895a8656": 2.9284859484595507e+18, "0x59167c4293484ef6ecccc6e0ca6a87461d23f34b": 2.859524629961778e+18, "0x8b3d7096195d69f31f8b8bbc4b5ab910fdb1079c": 2.843959968828385e+18, "0x38f935e58ee761352aa40c30284c4a4ac6596dc9": 2.794945573694844e+18, "0xcf8b0f9422084695ef702bfce33976982ff3304b": 2.7405287165293005e+18, "0xb8fda4a24fb520963584c18e614cc6624443f897": 2.600407945528199e+18, "0xf9bbb3424effd689ea778b7b7494fab275c0fe44": 2.4871241159857137e+18, "0xaa46a59e0c975fa844141969de0b997102a63b9b": 2.27551111740234e+18, "0x882d04c3d8410ddf2061b3cba2c3522854316feb": 2.273281065482e+18, "0xdc00e700b1709a9b7a0032f3c84373c2de00e620": 2.2528869606898898e+18, "0x67fd18ffedb11f820e54b43d54fa756d74f6add7": 2.1950108622570662e+18, "0xf24a5cc235e5242d69fafbffd304f63b92ac82f9": 2.1916343759429998e+18, "0x1c1c35c5f461dff36c652ead11b89208df3bc753": 2.126912081785e+18, "0x19530fb58e41a4da3ed4e9d8838af830e3ade91a": 2.0092031761901773e+18, "0x3ea855779010d85e3d21c2eac35be056e174519c": 1.8916616012770022e+18, "0xc0e21f7674248610009918b42325812acba9e9c2": 1.7734513340100997e+18, "0xeef33b4779fc9e13b1e30691822d5f447d2161b8": 1.6817032597374973e+18, "0x797a05dd6a8bfc1e1eaaa62e744d3aff197c46b1": 1.6459372546410563e+18, "0x16bc590b14d8f64b0e730677ecc34f831423ce0d": 1.5922742813186806e+18, "0xaed01433a5f897d7f41cb3a447b9963a65ed8514": 1.556739479179e+18, "0x9e21eee40bd839337a898af2adb3039394f71247": 1.4912231294350408e+18, "0x5ad7c57a50cfb4620ada929c53f08341bf11eb7c": 1.482e+18, "0x74c1fd8333fa217cb878b2172a58aca056bbf80d": 1.4543883592096e+18, "0xb5faedcafd459248690efa2228b38b6912020489": 1.442033782359e+18, "0xc6c9e6dcae828a56a92a3c9b060ad69fc65dc103": 1.4106482938345e+18, "0x0c3de458b51a11da7d4616f42f66c861e3859d3e": 1.4084829037423e+18, "0xdcd096340cccbadcdaebc26827449f04d48282d5": 1.3123431061718886e+18, "0xd746f3601ea520baf3498d61e1b7d976dbb33310": 1.196193314805e+18, "0x356cfd6e6d0000400000003900b415f80669009e": 1.168439801215423e+18, "0x88b50225472196eb85e13bcfc5a951ba2c7357cd": 1.1159518364589e+18, "0x0d59d4e24731c7304baefd9360ec9669764be28a": 1.016462489870045e+18, "0x2b3b6d4c350a48d7f224242656aabb6fae3bc955": 9.775086550451475e+17, "0x154863eb71de4a34f88ea57450840eab1c71aba6": 9.661529480262189e+17, "0x0bd2af7132ff0f92566db2f4093ca422a093ee4d": 9.577421187349998e+17, "0x85457c0e76251e6e70c8bf16071f369d3a2434ea": 9.455434478806285e+17, "0x1a6155ff9305f6e8a83f40736029b50078c187f0": 9.38243785227657e+17, "0x5571d62244423529a4bc3762fde757efeedcaa61": 9.286112874540001e+17, "0x87870bca3f3fd6335c3f4ce8392d69350b4fa4e2": 9.069153335340901e+17, "0xccf5c5c263e5a81ca7941bba10b508ce0bb03b51": 8.151746826455999e+17, "0x96f61357a4501c8d64f567f78374e87e23d45f2b": 7.994948224928e+17, "0x00dd2caa56fafbab7529147ab5d2763978f50e8d": 7.993663789056678e+17, "0xf03f1a572792339f625e44a1c304ec826659c259": 7.938283793132548e+17, "0x7f62359a4285881abac18a512015917de9b0b546": 7.907713528075e+17, "0xbb0045fa595d9d654b0b9aed0f183a9cb5a99d29": 7.836889222720082e+17, "0xa1b3c586731d74178803318db709ffaac442ead7": 7.69211298902645e+17, "0x9062e9729e5e4ae3599ef5b7f645eeb608e9f5ff": 7.651769233638406e+17, "0x5550d13389bb70f45fcef58f19f6b6e87f6e747d": 7.600537437580342e+17, "0x000000000000f6010c7f7e46560496c0fb9c9367": 7.47594602454875e+17, "0x38702e5c98ba4ad4b786d5a075a5c74694cd616d": 7.409422088796915e+17, "0xb9061edb813caf3b39047d7d6625eb548276a6e7": 6.861196155466473e+17, "0x4a137fd5e7a256ef08a7de531a17d0be0cc7b6b6": 6.847996857875497e+17, "0xebb39de749f5a1fc4b16eea7f5d5b0790663925d": 6.81579060191673e+17, "0xe2b8eb988735f7709d08b7d07b41460073904830": 6.765642033105331e+17, "0xd5a194945f9d6a6daf8c187a5e2d469b05a48f26": 6.66e+17, "0x350232f55a38254320c0200c216ac899f6808014": 6.51305254944e+17, "0xcf5540fffcdc3d510b18bfca6d2b9987b0772559": 6.499528814748236e+17, "0x7ca898cbbed67df0b4e249b05561d3a23404eed0": 6.2254694384695e+17, "0x2a39421782011d7433f04d9e133abcd1b169a232": 6.168904619751e+17, "0x63756a3c3bf677baab9d9e06457402ed05be8570": 5.98701210675e+17, "0xc758d5718147c8c5bc440098d623cf8d96b95b83": 5.7331037415851117e+17, "0x055475920a8c93cffb64d039a8205f7acc7722d3": 5.579049716233513e+17, "0x7777777014c97de37175fdf6a69a5d06fb548791": 5.52e+17, "0x4619b39706f6eca70d820b27df877fafaaa40f41": 5.4228397723196454e+17, "0x93b0e2d48b657f9cfdebeb9b7a5d0b0abb8a3103": 5.2948150754839994e+17, "0x8d7f71c25fb581b7ba2efbb10345d262d1852ff5": 5.0431103825199994e+17, "0x40c9a29eb64769200704ed4285c09e1bfbb7afcb": 5.0043847778e+17, "0x42ced37c0bf0f45e4cf7a1facf2301ea50220dc9": 4.97118471579e+17, "0x0831f4fe1d641b375df50b718b7191463a6709a6": 4.8529755097183885e+17, "0xe93a6153a92260041fd751d9aba84cf7bf3f69e0": 4.8520545e+17, "0xd3494f24c5becd266666364aad99cf4cdbc044a0": 4.672884526191e+17, "0x02f3d3912f8bd97c4791970aa4cf96dedd05772c": 4.658848889504668e+17, "0x67e5dbe8b910b307adfee1c119c63f417101300b": 4.6566410948867405e+17, "0xfc2a4a07f8539d979bff3dce663c5dd1e9033cee": 4.6550870572200006e+17, "0xfcc1840574774680607d6813115c24d15e9c0911": 4.537105308062e+17, "0xf01cde6d70596b7255dd2fcfbd19feaf4ed142f9": 4.5242467511103366e+17, "0xa302ab2473e6682525db2e2ed15f3dba03930d38": 4.46473998803178e+17,