{"0xa69babef1ca67a37ffaf7a485dfff3382056e78c": 227.43714130058976, "0x51c72848c68a965f66fa7a88855f9f7784502a7f": 150.91010658618296, "0x7b577a879665ef6ad344da61de7ec2371f6ff68f": 33.93328793740526, "0xc6fecdf760af24095cded954de7d81ab49f8bae1": 23.782113849645462, "0xd7f3fbe8c72a961a5515203eada59750437fa762": 22.79176548669485, "0x09850f8f1338a0b8c7d94dcc361e965b78d0175a": 22.561614075265517, "0x6f1cdbbb4d53d226cf4b917bf768b94acbab6168": 21.801175537457873, "0xa52a64501e816016030511aea0445f1a97ee6694": 20.873250455999944, "0x777c9f26049cd75ca0f60143c6b723b95d0c6777": 17.7, "0xe08beb8c48e71fd08560db2fbaaa0701b187c7a7": 17.05137256333721, "0x54eeb92cf8ad49c2cb4dc8c9eb5dc9538836016b": 16.696985461414034, "0x5050e08626c499411b5d0e0b5af0e83d3fd82edf": 11.23037032821496, "0xfbeedcfe378866dab6abbafd8b2986f5c1768737": 10.891160311244404, "0xf592225866662817e4b5a97028223b808bcc64d2": 10.631000000000002, "0x1fb421310ceacd0afb2a429bbb4682e522b38ecb": 9.755620131807246, "0x98c3d3183c4b8a650614ad179a1a98be0a8d6b8e": 9.41821788607971, "0xa0b18cdf5f395d98c061b753d8dedb28c7aee450": 7.557581932116255, "0xbb83b1b240220e82a0a4ba8a6c9e9b044b225e56": 7.335150682042631, "0x000000000dfde7deaf24138722987c9a6991e2d4": 6.8858746914919875, "0xf35be9a9a0d4b67e776115fa3b6381986379894d": 6.428460837187191, "0x81153f0889ab398c4acb42cb58b565a5392bba95": 5.737936983886233, "0x752e87b5f1397e171d5383cec3d4c51a8d3c114b": 5.660823083538077, "0xe8cfad4c75a5e1caf939fd80afcf837dde340a69": 5.500360600624702, "0x67fd18ffedb11f820e54b43d54fa756d74f6add7": 5.340548645847823, "0xe6ae75be7c9317af842b8f2c2cd6dc7f49f17184": 5.30727688964668, "0x70c66f3ce5a5387a70e2773d054eff572525c6f4": 5.157397102579211, "0x28e261390adaa654f29dbe268109baf06e9b4cc4": 5.057494422778268, "0x3aa228a80f50763045bdfc45012da124bd0a6809": 4.541125693217518, "0xe4000004000bd8006e00720000d27d1fa000d43e": 4.407137959506689, "0x0c3de458b51a11da7d4616f42f66c861e3859d3e": 4.317153833774036, "0x6e8d76bf316eb70d2ffe4ce5480449c65ea4b22a": 3.7940602917847293, "0xe9cbfec52ef797624ed941b0ed157607560f5167": 3.5129448083562984, "0xc5a854bb08819db9f7ab61b7b25b55935504212b": 3.209318030730736, "0x775c559d9a48ce5a8444c1035c3a8921ab477b8e": 2.8640058263417156, "0x493f461aead031cee2027f1b95370a692611acb9": 2.771988827697844, "0x49bc3cec1fb7978746f742a4e485d0d601831cea": 2.6749866078805487, "0x7b9d4d8772b8705ddc7456daf821c3022dda0504": 2.669730000000001, "0x64f9db27a2394696bdf72ed95bf2ab3fad9ac91d": 2.5504531971794995, "0x1a6155ff9305f6e8a83f40736029b50078c187f0": 2.495620958900703, "0xf268035f5f7fa5bd43eb8b84723d880ec2748d81": 2.442221911287508, "0xaafb85ad4a412dd8adc49611496a7695a22f4aeb": 2.413821736060351, "0xc5c9f6dda68422984a06a66a3d1aebd7d979a158": 2.379594, "0x5571d62244423529a4bc3762fde757efeedcaa61": 2.1050127712811224, "0x8385c093657503aebd55bac4a9bb0df5d3528835": 1.9164275093857726, "0x4b4867541f6e756be4119a171b7da17a1558c463": 1.8978813718016243, "0x235c1fcd169a7e6ffca463f9c22d88beceeba62b": 1.871931504941137, "0xe27baebd7b14602de3797974db9f5f4f8dcb6679": 1.8001544504818658, "0x761d80987a36fc271875ea4de17539e8c82ae51d": 1.6727063284589385, "0xca8acfdcee7531be980e7670d9e6b80b8c2e08dc": 1.6151071538877466, "0x9705b569ce3d1ddbe421c7b3b4e495445b096160": 1.610236633422219, "0xeeeeeeeedc84cf6c897c92a02d7e31e6524c935e": 1.5385398031473887, "0xeef33b4779fc9e13b1e30691822d5f447d2161b8": 1.5173648947127671, "0x767c8bb1574bee5d4fe35e27e0003c89d43c5121": 1.4767872499408918, "0xe1ce310e3cb20073ff25b1a76faa7e032f41cf7c": 1.4519207155804108, "0x06d9ca334a8a74474e9b6ee31280c494321ae759": 1.4511839999999998, "0x3511f837687ff7272a39a231cac1452ad71141fa": 1.39797, "0x445947140f5e1b742439f6ee24a7690d077bbb89": 1.359628735927253, "0x1c073d5045b1abb6924d5f0f8b2f667b1653a4c3": 1.347804446570665, "0xc11ce44147c9f6149fbe54adb0588523c38718d7": 1.2917618199143044, "0x000000000003750173a03a9055296acc36c6afb7": 1.243231513410625, "0x030f11dcba56b8038c3c94f056ea68dc7668630e": 1.2426560556774628, "0x5c86e04389b70071c90f885f99d48135ad5b78ab": 1.2384220373462786, "0x6d09784067355fba037fe02cd070cef91033d0a3": 1.1468900570727134, "0x00000000f0b4b9973900fd541719cbbc1a5862d8": 1.1442025348023537, "0xbc2c6cd5013585ac720160efcb1feced30837177": 1.1333527871267355, "0x99b1817acb40e76c309e26b2face9da9eff55317": 1.0654630578994768, "0x5e638ac1700e5ad5f937df30cb5bbc51a5a4c1ec": 0.9900115280218855, "0xaf8887864653a612c928256943f073221e9fc1bf": 0.8682709230461735, "0xcf8b0f9422084695ef702bfce33976982ff3304b": 0.8596513778345416, "0x9ea3cda5c2adf0370454b9ee28786a068227b1a4": 0.85750114190294, "0x797a05dd6a8bfc1e1eaaa62e744d3aff197c46b1": 0.8509227455539272, "0x7d32c90762e22379235fc311fdb16fab399ed40a": 0.7931232339353055, "0x6719c6ebf80d6499ca9ce170cda72beb3f1d1a54": 0.7892673438956858, "0x0e9f655e69264fa2e03802afdd742689f5cad3cd": 0.7741308485301072, "0x5968ada261a84e19a6c85830e655647752585ed4": 0.7653235079941801, "0xba3f5c056500ce033e9d74494b820d495efcf19d": 0.7510653561230908, "0x95c0c8a41caaa33f22ff042dc4279ed2b4e74041": 0.7400954662444502, "0xbf0ed784258686c41aacad38e642e79ad5e5bc17": 0.7297615683091617, "0x000000e1fddf4fe15db5f23ae3ee83c6a11e8dd1": 0.7100615008815393, "0xc758d5718147c8c5bc440098d623cf8d96b95b83": 0.6893157695985469, "0xcfd4176f7975c70f800d87aeaca316270521595a": 0.6338930908381901, "0xf411fca55e1a892c9ba6d04abe5ca26ec1764d2b": 0.6305108659847416, "0xf06434725b19cbaab053cb0b28f33818dca8630f": 0.6170160364697833, "0xfb5185b7f8c61f815b57de679bbc857f510352f7": 0.613763362635488, "0x838a5832eb19cfce692809f5b2de44b15380cda2": 0.5882880153675685, "0x5519935e51fc403f6c69894e683f268c1883e938": 0.5690175917059457, "0x387d058d208e1b49bd192b0a14c4a75f171f0172": 0.5520922031947987, "0xe72889f88f279043206698c50b752fc6eb47b63f": 0.5468624195962709, "0x50b8f49f4b2e80e09ce8015c4e7a9c277738fd3d": 0.5404334450923137, "0x4a137fd5e7a256ef08a7de531a17d0be0cc7b6b6": 0.5051284656651285, "0x8db64ee50717a0418adf9ad99d8685318d4d4579": 0.5046310241163187, "0x4ecfa6c057d500f1a020c9327c893bd43ab59063": 0.5, "0x00000000de337b4fff5fcbe4df67a85d0bad5d16": 0.48740367954350206, "0x901996e18a3b15359a62ceb247647665fb8ade89": 0.4544041678277981, "0x5079fc00f00f30000e0c8c083801cfde000008b6": 0.4483222574678936, "0x356cfd6e6d0000400000003900b415f80669009e": 0.4445228414507134, "0x0000000000c2f3017e5af636ea91bd68ec3888ed": 0.42609149011742964, "0x329e0e39d814d4ee6b45afa660b8a2f5fb23c298": 0.4190798458476763, "0x0000000f9c4e004706afdca3b2f0c8f08838eb58": 0.40829275857585395, "0xd19dc09880685dd8cf60687d57936358582876b5": 0.40196115599860505, "0x12b6eba545e4a9666cb7a77d1da25df9ffb172f3": 0.3996748527589225, "0x87a6f03b0b03e16c3579ac4074d2ac6584517c2c": 0.36773590880615264, "0x24902aa0cf0000a08c0ea0b003b0c0bf600000e0": 0.3571580936489655, "0xeaabd0e75e930f9f36b68be30202d47fd9b58b92": 0.3525438363277012, "0x359b09f67806cc4dba116a248a06f5f66b3b9037": 0.348, "0x7758fdf11081bc823c2826598d574a7827784910": 0.3261028110902699, "0x89f0455b15cf3dd97e7ff718125d7cf5f01c595d": 0.323620661087459, "0x46ca4961519b1eb91669badc526629f2c6690400": 0.31505000000000005, "0x63756a3c3bf677baab9d9e06457402ed05be8570": 0.30360601817173416, "0xfd0f79bd0c555e47842e9cd6b7f799eff9098d00": 0.29852067572402297, "0x9e6939528b4b2bfd3ac984b69b64c1132303dc3b": 0.29500000000000004, "0xf06c1c67a19e46475ef1c1bfd9c5ff4cd8fe5229": 0.29439960557819667, "0x5f1ad7d3f545088192ad45b6700840039f5a0482": 0.2848104398242542, "0x1e81b798bb3dc83d8c95828ef105dd3ad39e4bf0": 0.2583291231156534, "0x54802815f6ddb69711fbd206dc65680bf9dbcbe2": 0.255647876771831, "0x82c432d80dce8b7e14805583fc4972f3dbf2336f": 0.24674094711271033, "0xfaceacade1064a5d8daecdc9e68a4c3ea3e759e7": 0.2462653844180737, "0x475689d37309e829c3e646c863b1efec3734472a": 0.23495012714772134, "0xd73a6385db436703a28c78044ae9f5775f9f5ef8": 0.23404334801318816, "0x6bad92579b46123538f766dcb72cf72553957de3": 0.2249383498523021, "0x2f1d79860cf6ea3f4b3b734153b52815773c0638": 0.22058426097474512, "0x00000000000747d525e898424e8774f7eb317d00": 0.21663065620251015,